date;location_key;new_confirmed;new_tested;cumulative_confirmed;new_persons_vaccinated;cumulative_persons_vaccinated;mobility_retail_and_recreation;mobility_grocery_and_pharmacy;mobility_parks;mobility_transit_stations;mobility_workplaces;mobility_residential
01/01/2020;BR;380.0;1154.0;380.0;;;;;;;;
02/01/2020;BR;906.0;2337.0;1286.0;;;;;;;;
03/01/2020;BR;478.0;1307.0;1764.0;;;;;;;;
04/01/2020;BR;1848.0;5007.0;3612.0;;;;;;;;
05/01/2020;BR;1095.0;3459.0;4707.0;;;;;;;;
06/01/2020;BR;821.0;2250.0;5528.0;;;;;;;;
07/01/2020;BR;607.0;1665.0;6135.0;;;;;;;;
08/01/2020;BR;440.0;1237.0;6575.0;;;;;;;;
09/01/2020;BR;173.0;446.0;6748.0;;;;;;;;
10/01/2020;BR;74.0;274.0;6822.0;;;;;;;;
11/01/2020;BR;229.0;587.0;7051.0;;;;;;;;
12/01/2020;BR;323.0;925.0;7374.0;;;;;;;;
13/01/2020;BR;199.0;479.0;7573.0;;;;;;;;
14/01/2020;BR;150.0;428.0;7723.0;;;;;;;;
15/01/2020;BR;142.0;439.0;7865.0;;;;;;;;
16/01/2020;BR;68.0;180.0;7933.0;;;;;;;;
17/01/2020;BR;69.0;164.0;8002.0;;;;;;;;
18/01/2020;BR;139.0;423.0;8141.0;;;;;;;;
19/01/2020;BR;104.0;306.0;8245.0;;;;;;;;
20/01/2020;BR;172.0;566.0;8417.0;;;;;;;;
21/01/2020;BR;109.0;466.0;8526.0;;;;;;;;
22/01/2020;BR;113.0;379.0;8639.0;;;;;;;;
23/01/2020;BR;63.0;209.0;8702.0;;;;;;;;
24/01/2020;BR;44.0;244.0;8746.0;;;;;;;;
25/01/2020;BR;110.0;309.0;8856.0;;;;;;;;
26/01/2020;BR;80.0;259.0;8936.0;;;;;;;;
27/01/2020;BR;111.0;291.0;9047.0;;;;;;;;
28/01/2020;BR;96.0;290.0;9143.0;;;;;;;;
29/01/2020;BR;75.0;270.0;9218.0;;;;;;;;
30/01/2020;BR;105.0;262.0;9323.0;;;;;;;;
31/01/2020;BR;176.0;344.0;9499.0;;;;;;;;
01/02/2020;BR;240.0;684.0;9739.0;;;;;;;;
02/02/2020;BR;162.0;549.0;9901.0;;;;;;;;
03/02/2020;BR;119.0;470.0;10020.0;;;;;;;;
04/02/2020;BR;293.0;523.0;10313.0;;;;;;;;
05/02/2020;BR;82.0;223.0;10395.0;;;;;;;;
06/02/2020;BR;78.0;228.0;10473.0;;;;;;;;
07/02/2020;BR;80.0;242.0;10553.0;;;;;;;;
08/02/2020;BR;101.0;326.0;10654.0;;;;;;;;
09/02/2020;BR;91.0;267.0;10745.0;;;;;;;;
10/02/2020;BR;110.0;388.0;10855.0;;;;;;;;
11/02/2020;BR;108.0;264.0;10963.0;;;;;;;;
12/02/2020;BR;147.0;352.0;11110.0;;;;;;;;
13/02/2020;BR;58.0;212.0;11168.0;;;;;;;;
14/02/2020;BR;76.0;339.0;11244.0;;;;;;;;
15/02/2020;BR;126.0;443.0;11370.0;;;5.0;4.0;-5.0;8.0;6.0;0.0
16/02/2020;BR;108.0;287.0;11478.0;;;2.0;3.0;-13.0;3.0;0.0;1.0
17/02/2020;BR;128.0;380.0;11606.0;;;-2.0;0.0;-12.0;9.0;19.0;-1.0
18/02/2020;BR;134.0;534.0;11740.0;;;-3.0;-1.0;-11.0;9.0;15.0;-1.0
19/02/2020;BR;176.0;479.0;11916.0;;;-1.0;-2.0;-5.0;8.0;14.0;-1.0
20/02/2020;BR;96.0;389.0;12012.0;;;1.0;7.0;2.0;11.0;15.0;-2.0
21/02/2020;BR;69.0;187.0;12081.0;;;2.0;10.0;1.0;12.0;13.0;-1.0
22/02/2020;BR;108.0;311.0;12189.0;;;-3.0;6.0;12.0;6.0;-4.0;0.0
23/02/2020;BR;68.0;187.0;12257.0;;;4.0;7.0;32.0;2.0;-3.0;1.0
24/02/2020;BR;96.0;372.0;12353.0;;;-14.0;-7.0;69.0;-27.0;-45.0;8.0
25/02/2020;BR;0.0;283.0;0.0;;;-31.0;-29.0;51.0;-35.0;-61.0;10.0
26/02/2020;BR;1.0;11606.0;1.0;;;-18.0;-11.0;-8.0;-17.0;-18.0;6.0
27/02/2020;BR;0.0;298.0;1.0;;;-8.0;2.0;-11.0;1.0;10.0;1.0
28/02/2020;BR;0.0;309.0;1.0;;;-5.0;3.0;-17.0;2.0;13.0;1.0
29/02/2020;BR;1.0;156.0;2.0;;;-3.0;5.0;-23.0;-2.0;5.0;3.0
01/03/2020;BR;0.0;447.0;2.0;;;-9.0;3.0;-34.0;-10.0;-1.0;5.0
02/03/2020;BR;0.0;715.0;2.0;;;-6.0;1.0;-25.0;6.0;20.0;0.0
03/03/2020;BR;0.0;360.0;2.0;;;-5.0;2.0;-21.0;6.0;15.0;-1.0
04/03/2020;BR;1.0;606.0;3.0;;;-1.0;2.0;-11.0;7.0;16.0;-1.0
05/03/2020;BR;4.0;253.0;7.0;;;0.0;7.0;-5.0;10.0;18.0;-2.0
06/03/2020;BR;6.0;400.0;13.0;;;6.0;11.0;-7.0;13.0;18.0;-2.0
07/03/2020;BR;6.0;367.0;19.0;;;9.0;13.0;-14.0;8.0;7.0;0.0
08/03/2020;BR;6.0;373.0;25.0;;;8.0;11.0;-17.0;2.0;3.0;1.0
09/03/2020;BR;0.0;667.0;25.0;;;1.0;5.0;-12.0;12.0;21.0;-2.0
10/03/2020;BR;9.0;853.0;34.0;;;0.0;5.0;-11.0;11.0;17.0;-2.0
11/03/2020;BR;18.0;8722.0;52.0;;;1.0;2.0;-6.0;10.0;17.0;-1.0
12/03/2020;BR;25.0;1275.0;77.0;;;-2.0;4.0;-5.0;10.0;17.0;-2.0
13/03/2020;BR;21.0;5462.0;98.0;;;0.0;7.0;-8.0;10.0;18.0;-2.0
14/03/2020;BR;23.0;2878.0;121.0;;;-2.0;7.0;-15.0;0.0;6.0;1.0
15/03/2020;BR;79.0;1657.0;200.0;;;-8.0;7.0;-21.0;-7.0;0.0;3.0
16/03/2020;BR;34.0;8368.0;234.0;;;-11.0;6.0;-23.0;-4.0;14.0;1.0
17/03/2020;BR;57.0;2844.0;291.0;;;-19.0;7.0;-28.0;-15.0;3.0;4.0
18/03/2020;BR;137.0;9573.0;428.0;;;-25.0;5.0;-28.0;-22.0;-6.0;7.0
19/03/2020;BR;193.0;3791.0;621.0;;;-36.0;2.0;-34.0;-31.0;-17.0;10.0
20/03/2020;BR;283.0;4739.0;904.0;;;-45.0;0.0;-45.0;-37.0;-21.0;13.0
21/03/2020;BR;224.0;12908.0;1128.0;;;-63.0;-16.0;-66.0;-50.0;-30.0;16.0
22/03/2020;BR;418.0;2771.0;1546.0;;;-72.0;-33.0;-75.0;-60.0;-34.0;17.0
23/03/2020;BR;345.0;13421.0;1891.0;;;-65.0;-26.0;-61.0;-58.0;-42.0;20.0
24/03/2020;BR;310.0;4908.0;2201.0;;;-71.0;-33.0;-62.0;-63.0;-51.0;22.0
25/03/2020;BR;232.0;12263.0;2433.0;;;-69.0;-32.0;-57.0;-63.0;-52.0;23.0
26/03/2020;BR;482.0;6237.0;2915.0;;;-69.0;-29.0;-54.0;-62.0;-50.0;22.0
27/03/2020;BR;502.0;12931.0;3417.0;;;-67.0;-26.0;-56.0;-60.0;-48.0;23.0
28/03/2020;BR;486.0;5395.0;3903.0;;;-70.0;-27.0;-64.0;-59.0;-41.0;19.0
29/03/2020;BR;353.0;4983.0;4256.0;;;-71.0;-35.0;-70.0;-62.0;-34.0;17.0
30/03/2020;BR;323.0;10005.0;4579.0;;;-62.0;-26.0;-55.0;-59.0;-43.0;20.0
31/03/2020;BR;1138.0;14527.0;5717.0;;;-60.0;-21.0;-53.0;-58.0;-45.0;19.0
01/04/2020;BR;1117.0;10730.0;6834.0;;;-58.0;-19.0;-48.0;-57.0;-45.0;20.0
02/04/2020;BR;1076.0;9973.0;7910.0;;;-59.0;-17.0;-48.0;-57.0;-45.0;20.0
03/04/2020;BR;1146.0;12461.0;9056.0;;;-60.0;-14.0;-52.0;-55.0;-42.0;20.0
04/04/2020;BR;1222.0;7248.0;10278.0;;;-63.0;-13.0;-60.0;-53.0;-35.0;16.0
05/04/2020;BR;852.0;17946.0;11130.0;;;-67.0;-24.0;-66.0;-57.0;-30.0;15.0
06/04/2020;BR;926.0;10775.0;12056.0;;;-56.0;-14.0;-53.0;-53.0;-38.0;18.0
07/04/2020;BR;1661.0;17938.0;13717.0;;;-53.0;-8.0;-50.0;-53.0;-40.0;17.0
08/04/2020;BR;2210.0;13243.0;15927.0;;;-52.0;-7.0;-46.0;-52.0;-40.0;18.0
09/04/2020;BR;1930.0;12243.0;17857.0;;;-49.0;11.0;-40.0;-49.0;-41.0;16.0
10/04/2020;BR;1781.0;7640.0;19638.0;;;-76.0;-38.0;-58.0;-69.0;-72.0;27.0
11/04/2020;BR;1089.0;6417.0;20727.0;;;-59.0;-5.0;-59.0;-52.0;-36.0;16.0
12/04/2020;BR;1442.0;4795.0;22169.0;;;-67.0;-25.0;-67.0;-55.0;-26.0;13.0
13/04/2020;BR;1261.0;13898.0;23430.0;;;-54.0;-19.0;-52.0;-53.0;-35.0;17.0
14/04/2020;BR;1832.0;12907.0;25262.0;;;-56.0;-20.0;-54.0;-55.0;-39.0;18.0
15/04/2020;BR;3058.0;13692.0;28320.0;;;-54.0;-17.0;-47.0;-53.0;-38.0;18.0
16/04/2020;BR;2105.0;16798.0;30425.0;;;-56.0;-14.0;-46.0;-53.0;-38.0;18.0
17/04/2020;BR;3257.0;23329.0;33682.0;;;-55.0;-11.0;-50.0;-51.0;-36.0;19.0
18/04/2020;BR;2917.0;21638.0;36599.0;;;-61.0;-15.0;-59.0;-50.0;-28.0;15.0
19/04/2020;BR;2055.0;6097.0;38654.0;;;-67.0;-23.0;-64.0;-56.0;-25.0;14.0
20/04/2020;BR;1927.0;16310.0;40581.0;;;-53.0;-11.0;-47.0;-53.0;-39.0;17.0
21/04/2020;BR;2498.0;12784.0;43079.0;;;-71.0;-37.0;-51.0;-68.0;-67.0;23.0
22/04/2020;BR;2678.0;18292.0;45757.0;;;-53.0;-15.0;-45.0;-51.0;-34.0;17.0
23/04/2020;BR;3735.0;17042.0;49492.0;;;-56.0;-17.0;-44.0;-54.0;-36.0;18.0
24/04/2020;BR;3503.0;20321.0;52995.0;;;-55.0;-14.0;-48.0;-50.0;-32.0;18.0
25/04/2020;BR;5514.0;10083.0;58509.0;;;-59.0;-14.0;-55.0;-48.0;-25.0;15.0
26/04/2020;BR;3379.0;16435.0;61888.0;;;-65.0;-22.0;-61.0;-54.0;-23.0;14.0
27/04/2020;BR;4613.0;24402.0;66501.0;;;-54.0;-19.0;-50.0;-51.0;-30.0;17.0
28/04/2020;BR;5385.0;84162.0;71886.0;;;-53.0;-16.0;-48.0;-50.0;-33.0;13.0
29/04/2020;BR;6276.0;23788.0;78162.0;;;-52.0;-15.0;-43.0;-50.0;-32.0;17.0
30/04/2020;BR;7218.0;37062.0;85380.0;;;-48.0;3.0;-37.0;-46.0;-31.0;14.0
01/05/2020;BR;5919.0;22656.0;91299.0;;;-71.0;-33.0;-49.0;-66.0;-66.0;25.0
02/05/2020;BR;5097.0;14703.0;96396.0;;;-57.0;-7.0;-54.0;-50.0;-27.0;15.0
03/05/2020;BR;4751.0;10379.0;101147.0;;;-65.0;-21.0;-62.0;-54.0;-21.0;13.0
04/05/2020;BR;6633.0;38284.0;107780.0;;;-50.0;-10.0;-48.0;-48.0;-27.0;15.0
05/05/2020;BR;6935.0;32605.0;114715.0;;;-50.0;-7.0;-47.0;-48.0;-31.0;16.0
06/05/2020;BR;10503.0;32625.0;125218.0;;;-49.0;-6.0;-44.0;-48.0;-31.0;16.0
07/05/2020;BR;9888.0;33984.0;135106.0;;;-48.0;1.0;-43.0;-47.0;-31.0;16.0
08/05/2020;BR;10222.0;37365.0;145328.0;;;-46.0;7.0;-43.0;-43.0;-28.0;16.0
09/05/2020;BR;10611.0;17265.0;155939.0;;;-47.0;10.0;-52.0;-40.0;-19.0;13.0
10/05/2020;BR;6760.0;12767.0;162699.0;;;-59.0;-4.0;-62.0;-45.0;-5.0;10.0
11/05/2020;BR;5632.0;47440.0;168331.0;;;-49.0;-11.0;-47.0;-47.0;-27.0;16.0
12/05/2020;BR;9258.0;45096.0;177589.0;;;-51.0;-11.0;-49.0;-48.0;-31.0;16.0
13/05/2020;BR;11385.0;45266.0;188974.0;;;-51.0;-14.0;-46.0;-49.0;-31.0;17.0
14/05/2020;BR;13944.0;47620.0;202918.0;;;-52.0;-12.0;-46.0;-49.0;-31.0;16.0
15/05/2020;BR;15305.0;57030.0;218223.0;;;-52.0;-7.0;-49.0;-48.0;-29.0;18.0
16/05/2020;BR;14919.0;28926.0;233142.0;;;-55.0;-8.0;-56.0;-46.0;-21.0;15.0
17/05/2020;BR;7938.0;20947.0;241080.0;;;-63.0;-17.0;-61.0;-52.0;-16.0;14.0
18/05/2020;BR;13140.0;66968.0;254220.0;;;-50.0;-13.0;-48.0;-48.0;-26.0;16.0
19/05/2020;BR;17408.0;67332.0;271628.0;;;-51.0;-13.0;-48.0;-48.0;-29.0;16.0
20/05/2020;BR;19951.0;72420.0;291579.0;;;-50.0;-8.0;-43.0;-49.0;-31.0;17.0
21/05/2020;BR;18508.0;74060.0;310087.0;;;-51.0;-7.0;-43.0;-49.0;-31.0;17.0
22/05/2020;BR;20803.0;74566.0;330890.0;;;-52.0;-6.0;-49.0;-47.0;-28.0;17.0
23/05/2020;BR;16508.0;37664.0;347398.0;;;-56.0;-7.0;-60.0;-47.0;-20.0;15.0
24/05/2020;BR;15813.0;25279.0;363211.0;;;-66.0;-18.0;-67.0;-54.0;-17.0;14.0
25/05/2020;BR;11687.0;82136.0;374898.0;;;-53.0;-12.0;-50.0;-52.0;-34.0;18.0
26/05/2020;BR;16324.0;84605.0;391222.0;;;-50.0;-9.0;-49.0;-47.0;-28.0;16.0
27/05/2020;BR;20599.0;80257.0;411821.0;;;-48.0;-8.0;-43.0;-46.0;-27.0;16.0
28/05/2020;BR;26417.0;81906.0;438238.0;;;-48.0;-4.0;-42.0;-45.0;-27.0;16.0
29/05/2020;BR;26928.0;94676.0;465166.0;;;-47.0;3.0;-43.0;-42.0;-24.0;16.0
30/05/2020;BR;33274.0;42776.0;498440.0;;;-50.0;2.0;-51.0;-40.0;-12.0;12.0
31/05/2020;BR;15760.0;17533.0;514200.0;;;-60.0;-9.0;-58.0;-47.0;-8.0;12.0
01/06/2020;BR;12247.0;93070.0;526447.0;;;-45.0;-3.0;-47.0;-43.0;-21.0;14.0
02/06/2020;BR;28936.0;84057.0;555383.0;;;-46.0;-4.0;-48.0;-45.0;-25.0;15.0
03/06/2020;BR;28633.0;89552.0;584016.0;;;-44.0;-3.0;-41.0;-43.0;-24.0;16.0
04/06/2020;BR;30925.0;92763.0;614941.0;;;-45.0;0.0;-41.0;-42.0;-24.0;15.0
05/06/2020;BR;30830.0;95246.0;645771.0;;;-42.0;9.0;-44.0;-38.0;-21.0;15.0
06/06/2020;BR;27075.0;42153.0;672846.0;;;-45.0;8.0;-52.0;-36.0;-11.0;12.0
07/06/2020;BR;18912.0;24957.0;691758.0;;;-56.0;-5.0;-58.0;-45.0;-6.0;12.0
08/06/2020;BR;15654.0;113536.0;707412.0;;;-39.0;1.0;-42.0;-39.0;-19.0;14.0
09/06/2020;BR;32091.0;111042.0;739503.0;;;-42.0;-2.0;-45.0;-41.0;-23.0;14.0
10/06/2020;BR;32913.0;123587.0;772416.0;;;-36.0;5.0;-36.0;-38.0;-22.0;13.0
11/06/2020;BR;30412.0;57265.0;802828.0;;;-54.0;-13.0;-37.0;-51.0;-51.0;20.0
12/06/2020;BR;25982.0;86219.0;828810.0;;;-33.0;14.0;-33.0;-37.0;-27.0;15.0
13/06/2020;BR;21704.0;37623.0;850514.0;;;-46.0;-2.0;-46.0;-38.0;-11.0;12.0
14/06/2020;BR;17110.0;23883.0;867624.0;;;-57.0;-12.0;-59.0;-47.0;-5.0;12.0
15/06/2020;BR;20647.0;124066.0;888271.0;;;-40.0;-4.0;-46.0;-40.0;-19.0;14.0
16/06/2020;BR;34918.0;121737.0;923189.0;;;-41.0;-4.0;-44.0;-40.0;-22.0;14.0
17/06/2020;BR;32188.0;125535.0;955377.0;;;-40.0;-4.0;-38.0;-40.0;-22.0;15.0
18/06/2020;BR;22765.0;122308.0;978142.0;;;-41.0;-3.0;-37.0;-40.0;-22.0;14.0
19/06/2020;BR;54771.0;117883.0;1032913.0;;;-41.0;1.0;-40.0;-37.0;-20.0;14.0
20/06/2020;BR;34666.0;52741.0;1067579.0;;;-44.0;2.0;-45.0;-34.0;-7.0;11.0
21/06/2020;BR;17459.0;29032.0;1085038.0;;;-54.0;-8.0;-49.0;-42.0;-1.0;11.0
22/06/2020;BR;21432.0;150088.0;1106470.0;;;-40.0;-5.0;-41.0;-38.0;-19.0;14.0
23/06/2020;BR;39436.0;138500.0;1145906.0;;;-40.0;-2.0;-39.0;-38.0;-22.0;14.0
24/06/2020;BR;42725.0;128978.0;1188631.0;;;-43.0;-8.0;-36.0;-40.0;-24.0;15.0
25/06/2020;BR;39483.0;146502.0;1228114.0;;;-43.0;-3.0;-38.0;-39.0;-22.0;14.0
26/06/2020;BR;46860.0;148595.0;1274974.0;;;-43.0;1.0;-43.0;-38.0;-20.0;15.0
27/06/2020;BR;38693.0;52174.0;1313667.0;;;-50.0;-3.0;-56.0;-42.0;-12.0;14.0
28/06/2020;BR;30476.0;33138.0;1344143.0;;;-57.0;-12.0;-59.0;-47.0;-5.0;13.0
29/06/2020;BR;24052.0;150198.0;1368195.0;;;-42.0;-6.0;-47.0;-40.0;-19.0;14.0
30/06/2020;BR;33846.0;149052.0;1402041.0;;;-39.0;2.0;-44.0;-38.0;-22.0;13.0
01/07/2020;BR;46712.0;145292.0;1448753.0;;;-38.0;4.0;-39.0;-38.0;-22.0;13.0
02/07/2020;BR;48105.0;143450.0;1496858.0;;;-38.0;8.0;-36.0;-37.0;-22.0;14.0
03/07/2020;BR;42223.0;146245.0;1539081.0;;;-37.0;11.0;-39.0;-34.0;-19.0;14.0
04/07/2020;BR;37923.0;56269.0;1577004.0;;;-40.0;12.0;-45.0;-31.0;-7.0;11.0
05/07/2020;BR;26051.0;34785.0;1603055.0;;;-51.0;-4.0;-53.0;-41.0;-3.0;11.0
06/07/2020;BR;20229.0;166693.0;1623284.0;;;-35.0;7.0;-40.0;-35.0;-18.0;13.0
07/07/2020;BR;45305.0;157718.0;1668589.0;;;-34.0;9.0;-39.0;-34.0;-22.0;13.0
08/07/2020;BR;44571.0;158203.0;1713160.0;;;-34.0;6.0;-34.0;-34.0;-21.0;13.0
09/07/2020;BR;42619.0;155194.0;1755779.0;;;-36.0;8.0;-33.0;-35.0;-21.0;13.0
10/07/2020;BR;45048.0;164883.0;1800827.0;;;-34.0;12.0;-35.0;-31.0;-18.0;13.0
11/07/2020;BR;39023.0;63709.0;1839850.0;;;-40.0;8.0;-43.0;-30.0;-7.0;10.0
12/07/2020;BR;24831.0;39857.0;1864681.0;;;-50.0;-6.0;-47.0;-38.0;-3.0;10.0
13/07/2020;BR;20286.0;184211.0;1884967.0;;;-35.0;0.0;-38.0;-34.0;-17.0;13.0
14/07/2020;BR;41857.0;166108.0;1926824.0;;;-37.0;-1.0;-41.0;-37.0;-21.0;13.0
15/07/2020;BR;39924.0;161295.0;1966748.0;;;-34.0;2.0;-36.0;-36.0;-20.0;14.0
16/07/2020;BR;45403.0;159458.0;2012151.0;;;-36.0;4.0;-35.0;-35.0;-20.0;14.0
17/07/2020;BR;34177.0;159086.0;2046328.0;;;-35.0;7.0;-35.0;-32.0;-17.0;13.0
18/07/2020;BR;28532.0;63070.0;2074860.0;;;-39.0;7.0;-40.0;-30.0;-6.0;11.0
19/07/2020;BR;23529.0;38504.0;2098389.0;;;-47.0;-5.0;-42.0;-37.0;-2.0;10.0
20/07/2020;BR;20257.0;183568.0;2118646.0;;;-33.0;3.0;-35.0;-33.0;-16.0;12.0
21/07/2020;BR;41008.0;162602.0;2159654.0;;;-34.0;2.0;-34.0;-34.0;-20.0;13.0
22/07/2020;BR;67860.0;160855.0;2227514.0;;;-33.0;2.0;-28.0;-33.0;-18.0;13.0
23/07/2020;BR;59961.0;162200.0;2287475.0;;;-34.0;4.0;-25.0;-33.0;-18.0;13.0
24/07/2020;BR;55891.0;159986.0;2343366.0;;;-34.0;8.0;-29.0;-30.0;-16.0;13.0
25/07/2020;BR;51147.0;63176.0;2394513.0;;;-38.0;7.0;-35.0;-28.0;-6.0;10.0
26/07/2020;BR;24578.0;38820.0;2419091.0;;;-47.0;-6.0;-43.0;-37.0;-2.0;10.0
27/07/2020;BR;23284.0;185285.0;2442375.0;;;-33.0;1.0;-34.0;-33.0;-16.0;12.0
28/07/2020;BR;40816.0;160496.0;2483191.0;;;-35.0;1.0;-34.0;-33.0;-19.0;12.0
29/07/2020;BR;69074.0;155654.0;2552265.0;;;-34.0;1.0;-34.0;-35.0;-19.0;13.0
30/07/2020;BR;57837.0;157087.0;2610102.0;;;-34.0;5.0;-34.0;-35.0;-19.0;13.0
31/07/2020;BR;52383.0;163989.0;2662485.0;;;-30.0;15.0;-33.0;-29.0;-15.0;12.0
01/08/2020;BR;45392.0;67549.0;2707877.0;;;-32.0;16.0;-36.0;-26.0;-4.0;10.0
02/08/2020;BR;25800.0;40304.0;2733677.0;;;-42.0;1.0;-39.0;-34.0;-1.0;9.0
03/08/2020;BR;16641.0;185246.0;2750318.0;;;-28.0;8.0;-33.0;-30.0;-14.0;11.0
04/08/2020;BR;51603.0;164842.0;2801921.0;;;-28.0;9.0;-31.0;-30.0;-18.0;12.0
05/08/2020;BR;55676.0;154509.0;2857597.0;;;-25.0;11.0;-25.0;-29.0;-17.0;12.0
06/08/2020;BR;54615.0;156807.0;2912212.0;;;-24.0;17.0;-21.0;-27.0;-17.0;11.0
07/08/2020;BR;50230.0;159395.0;2962442.0;;;-21.0;22.0;-23.0;-23.0;-13.0;10.0
08/08/2020;BR;49970.0;62987.0;3012412.0;;;-21.0;26.0;-29.0;-18.0;-1.0;7.0
09/08/2020;BR;23010.0;34390.0;3035422.0;;;-39.0;9.0;-39.0;-27.0;9.0;6.0
10/08/2020;BR;22048.0;184490.0;3057470.0;;;-25.0;8.0;-29.0;-28.0;-14.0;10.0
11/08/2020;BR;52160.0;166274.0;3109630.0;;;-27.0;7.0;-29.0;-29.0;-17.0;11.0
12/08/2020;BR;55155.0;169978.0;3164785.0;;;-27.0;5.0;-26.0;-29.0;-16.0;12.0
13/08/2020;BR;60091.0;162220.0;3224876.0;;;-28.0;8.0;-24.0;-29.0;-16.0;11.0
14/08/2020;BR;50644.0;161115.0;3275520.0;;;-26.0;12.0;-25.0;-25.0;-13.0;11.0
15/08/2020;BR;41576.0;59830.0;3317096.0;;;-30.0;10.0;-32.0;-25.0;-5.0;9.0
16/08/2020;BR;23101.0;33918.0;3340197.0;;;-40.0;-3.0;-42.0;-36.0;-3.0;9.0
17/08/2020;BR;19373.0;176842.0;3359570.0;;;-30.0;3.0;-37.0;-30.0;-13.0;11.0
18/08/2020;BR;47784.0;158239.0;3407354.0;;;-31.0;2.0;-37.0;-32.0;-15.0;11.0
19/08/2020;BR;49298.0;154174.0;3456652.0;;;-29.0;3.0;-29.0;-30.0;-15.0;11.0
20/08/2020;BR;45323.0;154750.0;3501975.0;;;-31.0;6.0;-32.0;-31.0;-16.0;11.0
21/08/2020;BR;30355.0;147023.0;3532330.0;;;-32.0;6.0;-39.0;-32.0;-14.0;12.0
22/08/2020;BR;50032.0;52673.0;3582362.0;;;-32.0;8.0;-43.0;-30.0;-4.0;10.0
23/08/2020;BR;23421.0;33759.0;3605783.0;;;-40.0;-1.0;-44.0;-35.0;0.0;10.0
24/08/2020;BR;17078.0;167804.0;3622861.0;;;-27.0;4.0;-33.0;-28.0;-10.0;11.0
25/08/2020;BR;47134.0;149180.0;3669995.0;;;-27.0;6.0;-31.0;-28.0;-14.0;10.0
26/08/2020;BR;47161.0;142834.0;3717156.0;;;-25.0;6.0;-24.0;-28.0;-13.0;10.0
27/08/2020;BR;44235.0;148197.0;3761391.0;;;-27.0;8.0;-21.0;-27.0;-12.0;10.0
28/08/2020;BR;43412.0;152589.0;3804803.0;;;-24.0;13.0;-23.0;-23.0;-10.0;9.0
29/08/2020;BR;41350.0;61803.0;3846153.0;;;-25.0;13.0;-24.0;-20.0;1.0;7.0
30/08/2020;BR;16158.0;36360.0;3862311.0;;;-33.0;4.0;-27.0;-26.0;2.0;7.0
31/08/2020;BR;45961.0;155336.0;3908272.0;;;-27.0;7.0;-32.0;-27.0;-10.0;9.0
01/09/2020;BR;42659.0;140979.0;3950931.0;;;-26.0;11.0;-31.0;-27.0;-13.0;9.0
02/09/2020;BR;46934.0;137903.0;3997865.0;;;-22.0;11.0;-23.0;-25.0;-12.0;9.0
03/09/2020;BR;43773.0;140253.0;4041638.0;;;-22.0;14.0;-18.0;-23.0;-12.0;9.0
04/09/2020;BR;51194.0;133983.0;4092832.0;;;-18.0;23.0;-17.0;-17.0;-9.0;8.0
05/09/2020;BR;30168.0;47606.0;4123000.0;;;-17.0;24.0;-14.0;-12.0;-2.0;4.0
06/09/2020;BR;14521.0;27463.0;4137521.0;;;-26.0;15.0;-6.0;-23.0;-1.0;5.0
07/09/2020;BR;10273.0;39427.0;4147794.0;;;-44.0;-15.0;3.0;-49.0;-61.0;14.0
08/09/2020;BR;14279.0;144669.0;4162073.0;;;-21.0;15.0;-25.0;-22.0;-15.0;7.0
09/09/2020;BR;35816.0;128566.0;4197889.0;;;-21.0;13.0;-20.0;-23.0;-11.0;9.0
10/09/2020;BR;40557.0;134478.0;4238446.0;;;-20.0;17.0;-13.0;-21.0;-11.0;8.0
11/09/2020;BR;43718.0;128795.0;4282164.0;;;-19.0;17.0;-16.0;-18.0;-9.0;9.0
12/09/2020;BR;33523.0;47259.0;4315687.0;;;-20.0;17.0;-18.0;-15.0;2.0;6.0
13/09/2020;BR;14768.0;28035.0;4330455.0;;;-28.0;8.0;-20.0;-22.0;3.0;6.0
14/09/2020;BR;15155.0;135157.0;4345610.0;;;-23.0;8.0;-24.0;-23.0;-7.0;9.0
15/09/2020;BR;36653.0;122644.0;4382263.0;;;-23.0;11.0;-27.0;-24.0;-11.0;10.0
16/09/2020;BR;36820.0;122848.0;4419083.0;;;-23.0;6.0;-19.0;-24.0;-11.0;10.0
17/09/2020;BR;36303.0;120986.0;4455386.0;;;-24.0;10.0;-17.0;-23.0;-10.0;9.0
18/09/2020;BR;39797.0;119851.0;4495183.0;;;-21.0;14.0;-19.0;-20.0;-7.0;9.0
19/09/2020;BR;33057.0;50105.0;4528240.0;;;-21.0;15.0;-21.0;-16.0;2.0;7.0
20/09/2020;BR;16389.0;32167.0;4544629.0;;;-33.0;4.0;-35.0;-28.0;1.0;8.0
21/09/2020;BR;13439.0;137445.0;4558068.0;;;-27.0;5.0;-35.0;-26.0;-9.0;10.0
22/09/2020;BR;33536.0;124509.0;4591604.0;;;-31.0;3.0;-41.0;-29.0;-13.0;11.0
23/09/2020;BR;33281.0;124606.0;4624885.0;;;-28.0;7.0;-33.0;-25.0;-10.0;10.0
24/09/2020;BR;32817.0;121412.0;4657702.0;;;-28.0;9.0;-28.0;-23.0;-9.0;10.0
25/09/2020;BR;31911.0;124413.0;4689613.0;;;-25.0;15.0;-27.0;-20.0;-6.0;9.0
26/09/2020;BR;28378.0;50077.0;4717991.0;;;-26.0;14.0;-26.0;-17.0;4.0;7.0
27/09/2020;BR;14318.0;29892.0;4732309.0;;;-33.0;4.0;-27.0;-22.0;3.0;7.0
28/09/2020;BR;13155.0;137425.0;4745464.0;;;-31.0;5.0;-36.0;-25.0;-6.0;10.0
29/09/2020;BR;32058.0;122475.0;4777522.0;;;-28.0;9.0;-35.0;-23.0;-9.0;9.0
30/09/2020;BR;33413.0;129151.0;4810935.0;;;-24.0;14.0;-26.0;-21.0;-9.0;8.0
01/10/2020;BR;36157.0;122143.0;4847092.0;;;-24.0;20.0;-20.0;-19.0;-7.0;7.0
02/10/2020;BR;33431.0;116867.0;4880523.0;;;-20.0;21.0;-19.0;-10.0;-5.0;7.0
03/10/2020;BR;26310.0;45836.0;4906833.0;;;-21.0;20.0;-29.0;-6.0;3.0;5.0
04/10/2020;BR;8456.0;29357.0;4915289.0;;;-30.0;10.0;-37.0;-16.0;2.0;6.0
05/10/2020;BR;11946.0;133311.0;4927235.0;;;-23.0;14.0;-30.0;-13.0;-6.0;7.0
06/10/2020;BR;41906.0;123655.0;4969141.0;;;-20.0;19.0;-26.0;-12.0;-8.0;6.0
07/10/2020;BR;31553.0;119111.0;5000694.0;;;-17.0;20.0;-21.0;-12.0;-7.0;7.0
08/10/2020;BR;27750.0;120973.0;5028444.0;;;-18.0;22.0;-22.0;-12.0;-6.0;7.0
09/10/2020;BR;27444.0;118421.0;5055888.0;;;-18.0;21.0;-25.0;-11.0;-5.0;7.0
10/10/2020;BR;26749.0;53965.0;5082637.0;;;-12.0;27.0;-15.0;-1.0;5.0;4.0
11/10/2020;BR;12342.0;32755.0;5094979.0;;;-18.0;20.0;-4.0;-12.0;6.0;5.0
12/10/2020;BR;8429.0;47301.0;5103408.0;;;-34.0;-7.0;16.0;-40.0;-59.0;12.0
13/10/2020;BR;10220.0;143709.0;5113628.0;;;-21.0;15.0;-25.0;-11.0;-8.0;6.0
14/10/2020;BR;27235.0;131396.0;5140863.0;;;-20.0;14.0;-22.0;-12.0;-7.0;9.0
15/10/2020;BR;28523.0;131005.0;5169386.0;;;-21.0;20.0;-24.0;-12.0;-8.0;8.0
16/10/2020;BR;30914.0;129576.0;5200300.0;;;-20.0;20.0;-26.0;-10.0;-4.0;8.0
17/10/2020;BR;24062.0;56772.0;5224362.0;;;-18.0;20.0;-25.0;-4.0;7.0;6.0
18/10/2020;BR;10982.0;42943.0;5235344.0;;;-26.0;11.0;-26.0;-11.0;6.0;7.0
19/10/2020;BR;15383.0;143693.0;5250727.0;;;-28.0;3.0;-31.0;-16.0;-7.0;9.0
20/10/2020;BR;23227.0;136179.0;5273954.0;;;-23.0;15.0;-30.0;-12.0;-7.0;8.0
21/10/2020;BR;24818.0;131423.0;5298772.0;;;-20.0;15.0;-20.0;-11.0;-5.0;9.0
22/10/2020;BR;24858.0;125636.0;5323630.0;;;-20.0;18.0;-17.0;-10.0;-5.0;8.0
23/10/2020;BR;30026.0;126450.0;5353656.0;;;-19.0;20.0;-17.0;-7.0;-2.0;8.0
24/10/2020;BR;26979.0;58127.0;5380635.0;;;-20.0;18.0;-25.0;-4.0;7.0;6.0
25/10/2020;BR;13493.0;40320.0;5394128.0;;;-26.0;12.0;-27.0;-13.0;6.0;7.0
26/10/2020;BR;15726.0;142575.0;5409854.0;;;-24.0;12.0;-28.0;-12.0;-3.0;8.0
27/10/2020;BR;29787.0;132434.0;5439641.0;;;-22.0;14.0;-24.0;-11.0;-6.0;8.0
28/10/2020;BR;28629.0;120159.0;5468270.0;;;-20.0;13.0;-18.0;-12.0;-5.0;8.0
29/10/2020;BR;26106.0;132405.0;5494376.0;;;-21.0;16.0;-24.0;-12.0;-4.0;7.0
30/10/2020;BR;22282.0;90435.0;5516658.0;;;-21.0;21.0;-32.0;-13.0;-7.0;8.0
31/10/2020;BR;18947.0;54048.0;5535605.0;;;-18.0;23.0;-29.0;-7.0;5.0;5.0
01/11/2020;BR;10100.0;43687.0;5545705.0;;;-23.0;19.0;-22.0;-17.0;4.0;6.0
02/11/2020;BR;8501.0;50901.0;5554206.0;;;-43.0;-13.0;-7.0;-46.0;-61.0;15.0
03/11/2020;BR;11843.0;145507.0;5566049.0;;;-22.0;16.0;-33.0;-11.0;-6.0;6.0
04/11/2020;BR;23976.0;132881.0;5590025.0;;;-19.0;16.0;-27.0;-12.0;-5.0;8.0
05/11/2020;BR;22294.0;135174.0;5612319.0;;;-18.0;22.0;-24.0;-11.0;-4.0;7.0
06/11/2020;BR;21428.0;133323.0;5633747.0;;;-14.0;26.0;-22.0;-7.0;-1.0;6.0
07/11/2020;BR;19814.0;64018.0;5653561.0;;;-10.0;27.0;-19.0;1.0;10.0;4.0
08/11/2020;BR;10554.0;46923.0;5664115.0;;;-17.0;19.0;-20.0;-6.0;9.0;5.0
09/11/2020;BR;10917.0;158023.0;5675032.0;;;-19.0;17.0;-33.0;-11.0;-2.0;7.0
10/11/2020;BR;25012.0;143140.0;5700044.0;;;-17.0;19.0;-30.0;-11.0;-5.0;7.0
11/11/2020;BR;48331.0;139645.0;5748375.0;;;-18.0;14.0;-26.0;-12.0;-4.0;8.0
12/11/2020;BR;33207.0;141059.0;5781582.0;;;-17.0;19.0;-21.0;-11.0;-4.0;7.0
13/11/2020;BR;29070.0;142795.0;5810652.0;;;-15.0;21.0;-23.0;-7.0;-1.0;6.0
14/11/2020;BR;38307.0;65224.0;5848959.0;;;-11.0;23.0;-22.0;0.0;10.0;4.0
15/11/2020;BR;14134.0;47892.0;5863093.0;;;-4.0;44.0;-6.0;26.0;22.0;2.0
16/11/2020;BR;13371.0;157914.0;5876464.0;;;-21.0;11.0;-30.0;-13.0;-3.0;7.0
17/11/2020;BR;35294.0;158430.0;5911758.0;;;-22.0;12.0;-33.0;-14.0;-5.0;8.0
18/11/2020;BR;34091.0;165821.0;5945849.0;;;-22.0;9.0;-34.0;-16.0;-5.0;9.0
19/11/2020;BR;35918.0;159167.0;5981767.0;;;-19.0;17.0;-30.0;-14.0;-5.0;8.0
20/11/2020;BR;38397.0;139029.0;6020164.0;;;-19.0;19.0;-26.0;-18.0;-13.0;9.0
21/11/2020;BR;32622.0;77923.0;6052786.0;;;-13.0;20.0;-24.0;-5.0;6.0;5.0
22/11/2020;BR;18615.0;59631.0;6071401.0;;;-20.0;12.0;-27.0;-10.0;6.0;5.0
23/11/2020;BR;16207.0;207926.0;6087608.0;;;-20.0;12.0;-32.0;-13.0;-1.0;7.0
24/11/2020;BR;31100.0;188516.0;6118708.0;;;-20.0;13.0;-31.0;-13.0;-5.0;7.0
25/11/2020;BR;47898.0;190043.0;6166606.0;;;-17.0;14.0;-24.0;-13.0;-3.0;8.0
26/11/2020;BR;37614.0;183121.0;6204220.0;;;-17.0;19.0;-22.0;-13.0;-3.0;7.0
27/11/2020;BR;34130.0;172056.0;6238350.0;;;-9.0;30.0;-24.0;-8.0;0.0;6.0
28/11/2020;BR;51922.0;71023.0;6290272.0;;;-10.0;24.0;-23.0;-2.0;10.0;4.0
29/11/2020;BR;24468.0;52104.0;6314740.0;;;-13.0;27.0;-21.0;4.0;11.0;4.0
30/11/2020;BR;21138.0;204929.0;6335878.0;;;-17.0;18.0;-31.0;-13.0;-1.0;7.0
01/12/2020;BR;50909.0;179160.0;6386787.0;;;-16.0;22.0;-31.0;-12.0;-4.0;7.0
02/12/2020;BR;49863.0;171385.0;6436650.0;;;-14.0;20.0;-25.0;-12.0;-2.0;7.0
03/12/2020;BR;50434.0;173176.0;6487084.0;;;-15.0;23.0;-23.0;-11.0;-2.0;7.0
04/12/2020;BR;46884.0;169414.0;6533968.0;;;-11.0;27.0;-22.0;-7.0;1.0;6.0
05/12/2020;BR;43209.0;79750.0;6577177.0;;;-10.0;26.0;-32.0;-2.0;10.0;4.0
06/12/2020;BR;26363.0;48890.0;6603540.0;;;-19.0;17.0;-39.0;-12.0;7.0;6.0
07/12/2020;BR;20371.0;188431.0;6623911.0;;;-14.0;21.0;-35.0;-12.0;-2.0;7.0
08/12/2020;BR;51088.0;156470.0;6674999.0;;;-16.0;18.0;-28.0;-15.0;-10.0;8.0
09/12/2020;BR;53453.0;178028.0;6728452.0;;;-14.0;18.0;-23.0;-12.0;-2.0;7.0
10/12/2020;BR;53347.0;172521.0;6781799.0;;;-14.0;23.0;-18.0;-10.0;-2.0;7.0
11/12/2020;BR;54428.0;164051.0;6836227.0;;;-13.0;23.0;-21.0;-8.0;0.0;7.0
12/12/2020;BR;43900.0;69746.0;6880127.0;;;-12.0;22.0;-23.0;-1.0;11.0;5.0
13/12/2020;BR;21825.0;47826.0;6901952.0;;;-18.0;15.0;-24.0;-9.0;10.0;6.0
14/12/2020;BR;25193.0;187277.0;6927145.0;;;-15.0;17.0;-26.0;-11.0;0.0;7.0
15/12/2020;BR;42889.0;171330.0;6970034.0;;;-13.0;21.0;-25.0;-10.0;-3.0;6.0
16/12/2020;BR;70574.0;166785.0;7040608.0;;;-11.0;20.0;-18.0;-10.0;-2.0;7.0
17/12/2020;BR;69826.0;166892.0;7110434.0;;;-11.0;24.0;-17.0;-9.0;-2.0;6.0
18/12/2020;BR;52544.0;163850.0;7162978.0;;;-7.0;29.0;-16.0;-5.0;1.0;5.0
19/12/2020;BR;50177.0;67331.0;7213155.0;;;-5.0;28.0;-19.0;6.0;13.0;3.0
20/12/2020;BR;25445.0;49432.0;7238600.0;;;-6.0;27.0;-18.0;0.0;18.0;5.0
21/12/2020;BR;25019.0;188001.0;7263619.0;;;-2.0;31.0;-17.0;-7.0;-3.0;5.0
22/12/2020;BR;55202.0;160349.0;7318821.0;;;0.0;36.0;-19.0;-7.0;-9.0;5.0
23/12/2020;BR;46696.0;157988.0;7365517.0;;;7.0;55.0;-6.0;-3.0;-9.0;4.0
24/12/2020;BR;60076.0;79691.0;7425593.0;;;-16.0;67.0;-6.0;-23.0;-33.0;7.0
25/12/2020;BR;22967.0;37458.0;7448560.0;;;-71.0;-58.0;-14.0;-62.0;-70.0;15.0
26/12/2020;BR;17246.0;69786.0;7465806.0;;;-36.0;4.0;-17.0;-29.0;-18.0;10.0
27/12/2020;BR;18479.0;49013.0;7484285.0;;;-36.0;-2.0;-27.0;-23.0;1.0;8.0
28/12/2020;BR;20548.0;178994.0;7504833.0;;;-14.0;22.0;-12.0;-19.0;-15.0;10.0
29/12/2020;BR;58718.0;152886.0;7563551.0;;;-14.0;25.0;-5.0;-20.0;-19.0;9.0
30/12/2020;BR;55649.0;150103.0;7619200.0;;;-6.0;46.0;20.0;-15.0;-19.0;7.0
31/12/2020;BR;56773.0;74981.0;7675973.0;;;-29.0;60.0;30.0;-32.0;-40.0;9.0
01/01/2021;BR;24605.0;41228.0;7700578.0;;;-69.0;-59.0;24.0;-64.0;-71.0;15.0
02/01/2021;BR;15827.0;71681.0;7716405.0;;;-45.0;-2.0;-2.0;-37.0;-28.0;11.0
03/01/2021;BR;17341.0;60520.0;7733746.0;;;-37.0;-1.0;-13.0;-20.0;-1.0;6.0
04/01/2021;BR;20006.0;200822.0;7753752.0;;;-23.0;18.0;-14.0;-19.0;-10.0;8.0
05/01/2021;BR;56648.0;182756.0;7810400.0;;;-22.0;18.0;-14.0;-18.0;-12.0;8.0
06/01/2021;BR;63430.0;175698.0;7873830.0;;;-21.0;15.0;-9.0;-18.0;-10.0;9.0
07/01/2021;BR;87843.0;175122.0;7961673.0;;;-20.0;21.0;-5.0;-17.0;-9.0;8.0
08/01/2021;BR;52035.0;170802.0;8013708.0;;;-18.0;23.0;-9.0;-14.0;-6.0;8.0
09/01/2021;BR;62290.0;82974.0;8075998.0;;;-20.0;19.0;-14.0;-12.0;5.0;6.0
10/01/2021;BR;29792.0;58121.0;8105790.0;;;-27.0;10.0;-16.0;-18.0;6.0;6.0
11/01/2021;BR;25822.0;202774.0;8131612.0;;;-19.0;17.0;-20.0;-16.0;-5.0;7.0
12/01/2021;BR;64025.0;169282.0;8195637.0;;;-23.0;12.0;-21.0;-19.0;-10.0;7.0
13/01/2021;BR;60899.0;163437.0;8256536.0;;;-24.0;6.0;-20.0;-21.0;-10.0;7.0
14/01/2021;BR;67758.0;166134.0;8324294.0;;;-27.0;5.0;-20.0;-24.0;-13.0;6.0
15/01/2021;BR;69198.0;169092.0;8393492.0;;;-28.0;4.0;-24.0;-24.0;-12.0;6.0
16/01/2021;BR;61567.0;74823.0;8455059.0;;;-29.0;4.0;-25.0;-21.0;-4.0;5.0
17/01/2021;BR;33040.0;51775.0;8488099.0;;371.0;-34.0;-2.0;-25.0;-24.0;-4.0;5.0
18/01/2021;BR;23671.0;193258.0;8511770.0;1250.0;1621.0;-29.0;0.0;-30.0;-24.0;-11.0;7.0
19/01/2021;BR;62094.0;159203.0;8573864.0;14313.0;15934.0;-29.0;2.0;-30.0;-25.0;-14.0;7.0
20/01/2021;BR;64385.0;148422.0;8638249.0;108686.0;124620.0;-27.0;3.0;-21.0;-26.0;-15.0;8.0
21/01/2021;BR;59119.0;150689.0;8697368.0;145952.0;270572.0;-27.0;6.0;-22.0;-23.0;-11.0;7.0
22/01/2021;BR;56552.0;145395.0;8753920.0;347353.0;617925.0;-26.0;7.0;-23.0;-20.0;-9.0;7.0
23/01/2021;BR;62334.0;65809.0;8816254.0;124780.0;742705.0;-28.0;7.0;-24.0;-19.0;-1.0;6.0
24/01/2021;BR;28323.0;51449.0;8844577.0;44116.0;786821.0;-33.0;0.0;-26.0;-24.0;-1.0;6.0
25/01/2021;BR;26816.0;163261.0;8871393.0;218038.0;1004859.0;-30.0;2.0;-27.0;-30.0;-13.0;8.0
26/01/2021;BR;61963.0;143079.0;8933356.0;254055.0;1258914.0;-30.0;2.0;-30.0;-23.0;-11.0;7.0
27/01/2021;BR;63520.0;138526.0;8996876.0;312680.0;1571594.0;-28.0;2.0;-23.0;-23.0;-10.0;8.0
28/01/2021;BR;61811.0;132143.0;9058687.0;261705.0;1833299.0;-28.0;6.0;-22.0;-22.0;-9.0;7.0
29/01/2021;BR;59826.0;114027.0;9118513.0;388524.0;2221823.0;-24.0;13.0;-22.0;-18.0;-6.0;6.0
30/01/2021;BR;58462.0;49107.0;9176975.0;119724.0;2341547.0;-31.0;10.0;-25.0;-20.0;-2.0;6.0
31/01/2021;BR;27756.0;51076.0;9204731.0;35589.0;2377136.0;-36.0;5.0;-25.0;-24.0;-1.0;5.0
01/02/2021;BR;24591.0;148540.0;9229322.0;204270.0;2581406.0;-26.0;9.0;-30.0;-20.0;-6.0;6.0
02/02/2021;BR;54096.0;123512.0;9283418.0;229734.0;2811140.0;-27.0;7.0;-27.0;-21.0;-11.0;6.0
03/02/2021;BR;56002.0;124207.0;9339420.0;290678.0;3101818.0;-26.0;5.0;-24.0;-21.0;-8.0;6.0
04/02/2021;BR;56873.0;118041.0;9396293.0;307728.0;3409546.0;-26.0;8.0;-23.0;-20.0;-8.0;6.0
05/02/2021;BR;50872.0;117235.0;9447165.0;347145.0;3756691.0;-22.0;15.0;-29.0;-17.0;-5.0;5.0
06/02/2021;BR;50630.0;49312.0;9497795.0;128936.0;3885627.0;-23.0;16.0;-30.0;-16.0;0.0;5.0
07/02/2021;BR;26845.0;32519.0;9524640.0;41908.0;3927535.0;-32.0;6.0;-32.0;-24.0;-1.0;5.0
08/02/2021;BR;23439.0;148185.0;9548079.0;208165.0;4135700.0;-24.0;10.0;-33.0;-17.0;-5.0;5.0
09/02/2021;BR;51486.0;411056.0;9599565.0;252202.0;4387902.0;-23.0;11.0;-32.0;-17.0;-8.0;6.0
10/02/2021;BR;59602.0;126327.0;9659167.0;238855.0;4626757.0;-22.0;9.0;-26.0;-17.0;-6.0;6.0
11/02/2021;BR;54742.0;123021.0;9713909.0;222368.0;4849125.0;-24.0;11.0;-28.0;-18.0;-7.0;6.0
12/02/2021;BR;51546.0;122812.0;9765455.0;321084.0;5170209.0;-22.0;15.0;-31.0;-16.0;-4.0;5.0
13/02/2021;BR;44299.0;50965.0;9809754.0;78694.0;5248903.0;-24.0;13.0;-31.0;-20.0;-1.0;5.0
14/02/2021;BR;24759.0;33735.0;9834513.0;21243.0;5270146.0;-30.0;7.0;-23.0;-26.0;0.0;6.0
15/02/2021;BR;32197.0;129695.0;9866710.0;191480.0;5461626.0;-28.0;6.0;-15.0;-29.0;-23.0;8.0
16/02/2021;BR;55271.0;102439.0;9921981.0;146309.0;5607935.0;-35.0;-5.0;-16.0;-34.0;-31.0;10.0
17/02/2021;BR;56766.0;130874.0;9978747.0;143727.0;5751662.0;-27.0;5.0;-28.0;-23.0;-12.0;7.0
18/02/2021;BR;51879.0;144433.0;10030626.0;145649.0;5897311.0;-24.0;14.0;-25.0;-17.0;-6.0;6.0
19/02/2021;BR;51050.0;140378.0;10081676.0;103876.0;6001187.0;-22.0;16.0;-27.0;-16.0;-4.0;6.0
20/02/2021;BR;57472.0;64892.0;10139148.0;53075.0;6054262.0;-23.0;15.0;-28.0;-16.0;2.0;5.0
21/02/2021;BR;29026.0;43088.0;10168174.0;36114.0;6090376.0;-31.0;7.0;-31.0;-22.0;1.0;6.0
22/02/2021;BR;26986.0;184211.0;10195160.0;127586.0;6217962.0;-26.0;9.0;-36.0;-17.0;-3.0;6.0
23/02/2021;BR;62715.0;160070.0;10257875.0;97297.0;6315259.0;-26.0;9.0;-34.0;-18.0;-7.0;6.0
24/02/2021;BR;66588.0;161633.0;10324463.0;75219.0;6390478.0;-26.0;7.0;-31.0;-19.0;-6.0;7.0
25/02/2021;BR;65998.0;163692.0;10390461.0;134648.0;6525126.0;-26.0;14.0;-32.0;-18.0;-5.0;7.0
26/02/2021;BR;65169.0;161497.0;10455630.0;91896.0;6617022.0;-26.0;18.0;-37.0;-17.0;-3.0;7.0
27/02/2021;BR;61602.0;75219.0;10517232.0;123508.0;6740530.0;-32.0;16.0;-44.0;-22.0;-2.0;8.0
28/02/2021;BR;34027.0;50159.0;10551259.0;27306.0;6767836.0;-40.0;6.0;-47.0;-29.0;-4.0;8.0
01/03/2021;BR;35742.0;211990.0;10587001.0;327936.0;7095772.0;-30.0;13.0;-41.0;-20.0;-6.0;8.0
02/03/2021;BR;59925.0;181126.0;10646926.0;314565.0;7410337.0;-30.0;13.0;-38.0;-21.0;-10.0;8.0
03/03/2021;BR;71704.0;185609.0;10718630.0;365741.0;7776078.0;-29.0;12.0;-33.0;-20.0;-9.0;8.0
04/03/2021;BR;75102.0;186799.0;10793732.0;257528.0;8033606.0;-30.0;15.0;-33.0;-20.0;-9.0;8.0
05/03/2021;BR;75495.0;186251.0;10869227.0;248070.0;8281676.0;-26.0;25.0;-36.0;-17.0;-7.0;8.0
06/03/2021;BR;69609.0;86719.0;10938836.0;184621.0;8466297.0;-41.0;19.0;-48.0;-27.0;-8.0;9.0
07/03/2021;BR;80508.0;54913.0;11019344.0;84301.0;8550598.0;-51.0;4.0;-56.0;-36.0;-9.0;10.0
08/03/2021;BR;32321.0;229256.0;11051665.0;270929.0;8821527.0;-32.0;15.0;-41.0;-24.0;-9.0;9.0
09/03/2021;BR;70764.0;197785.0;11122429.0;238959.0;9060486.0;-35.0;11.0;-42.0;-25.0;-13.0;9.0
10/03/2021;BR;79876.0;205610.0;11202305.0;236899.0;9297385.0;-32.0;13.0;-34.0;-24.0;-11.0;9.0
11/03/2021;BR;75412.0;204875.0;11277717.0;270826.0;9568211.0;-35.0;14.0;-33.0;-25.0;-11.0;9.0
12/03/2021;BR;85663.0;202926.0;11363380.0;243979.0;9812190.0;-34.0;17.0;-36.0;-23.0;-9.0;10.0
13/03/2021;BR;76178.0;94124.0;11439558.0;129376.0;9941566.0;-44.0;12.0;-44.0;-29.0;-9.0;10.0
14/03/2021;BR;43812.0;61999.0;11483370.0;47647.0;9989213.0;-52.0;0.0;-49.0;-36.0;-9.0;10.0
15/03/2021;BR;36239.0;256746.0;11519609.0;419859.0;10409072.0;-38.0;8.0;-42.0;-28.0;-10.0;10.0
16/03/2021;BR;83926.0;214613.0;11603535.0;314434.0;10723506.0;-39.0;9.0;-42.0;-29.0;-15.0;10.0
17/03/2021;BR;90303.0;215793.0;11693838.0;298707.0;11022213.0;-40.0;6.0;-39.0;-30.0;-15.0;12.0
18/03/2021;BR;86982.0;208166.0;11780820.0;323524.0;11345737.0;-43.0;8.0;-40.0;-31.0;-16.0;12.0
19/03/2021;BR;90570.0;195881.0;11871390.0;570662.0;11916399.0;-43.0;12.0;-42.0;-30.0;-15.0;12.0
20/03/2021;BR;79069.0;96314.0;11950459.0;237369.0;12153768.0;-49.0;10.0;-48.0;-33.0;-11.0;11.0
21/03/2021;BR;47774.0;58098.0;11998233.0;76476.0;12230244.0;-56.0;-4.0;-53.0;-40.0;-11.0;12.0
22/03/2021;BR;49293.0;253652.0;12047526.0;482985.0;12713229.0;-41.0;6.0;-45.0;-31.0;-12.0;11.0
23/03/2021;BR;82493.0;207882.0;12130019.0;477343.0;13190572.0;-43.0;5.0;-45.0;-32.0;-16.0;12.0
24/03/2021;BR;89992.0;202254.0;12220011.0;620602.0;13811174.0;-41.0;4.0;-40.0;-32.0;-16.0;12.0
25/03/2021;BR;100158.0;193524.0;12320169.0;712081.0;14523255.0;-41.0;11.0;-37.0;-31.0;-16.0;12.0
26/03/2021;BR;84245.0;181821.0;12404414.0;925957.0;15449212.0;-44.0;13.0;-43.0;-34.0;-16.0;13.0
27/03/2021;BR;85948.0;82851.0;12490362.0;359427.0;15808639.0;-51.0;7.0;-51.0;-37.0;-12.0;12.0
28/03/2021;BR;44326.0;51123.0;12534688.0;223463.0;16032102.0;-59.0;-8.0;-55.0;-44.0;-12.0;12.0
29/03/2021;BR;38927.0;231896.0;12573615.0;783540.0;16815642.0;-44.0;4.0;-47.0;-38.0;-16.0;13.0
30/03/2021;BR;84494.0;182693.0;12658109.0;616497.0;17432139.0;-43.0;8.0;-47.0;-38.0;-20.0;12.0
31/03/2021;BR;90638.0;176358.0;12748747.0;720427.0;18152566.0;-37.0;19.0;-38.0;-34.0;-18.0;12.0
01/04/2021;BR;91097.0;157830.0;12839844.0;871426.0;19023992.0;-32.0;44.0;-31.0;-31.0;-20.0;10.0
02/04/2021;BR;70238.0;59452.0;12910082.0;268339.0;19292331.0;-67.0;-14.0;-43.0;-60.0;-65.0;23.0
03/04/2021;BR;43515.0;78692.0;12953597.0;292671.0;19585002.0;-46.0;20.0;-45.0;-38.0;-18.0;11.0
04/04/2021;BR;31359.0;46059.0;12984956.0;283126.0;19868128.0;-57.0;-5.0;-53.0;-38.0;-5.0;8.0
05/04/2021;BR;28645.0;210066.0;13013601.0;558322.0;20426450.0;-37.0;11.0;-43.0;-29.0;-9.0;10.0
06/04/2021;BR;86979.0;174733.0;13100580.0;737115.0;21163565.0;-38.0;11.0;-45.0;-31.0;-13.0;11.0
07/04/2021;BR;92625.0;167286.0;13193205.0;641905.0;21805470.0;-34.0;17.0;-38.0;-28.0;-12.0;11.0
08/04/2021;BR;86652.0;164716.0;13279857.0;679032.0;22484502.0;-33.0;23.0;-34.0;-26.0;-11.0;10.0
09/04/2021;BR;93317.0;155230.0;13373174.0;436980.0;22921482.0;-33.0;25.0;-36.0;-24.0;-8.0;10.0
10/04/2021;BR;71832.0;72988.0;13445006.0;412570.0;23334052.0;-37.0;23.0;-41.0;-26.0;-3.0;9.0
11/04/2021;BR;37017.0;44508.0;13482023.0;200568.0;23534620.0;-49.0;5.0;-46.0;-35.0;-6.0;10.0
12/04/2021;BR;35785.0;194412.0;13517808.0;651968.0;24186588.0;-33.0;14.0;-40.0;-25.0;-6.0;10.0
13/04/2021;BR;82186.0;159598.0;13599994.0;561900.0;24748488.0;-34.0;14.0;-42.0;-26.0;-10.0;10.0
14/04/2021;BR;73513.0;157411.0;13673507.0;531941.0;25280429.0;-32.0;14.0;-35.0;-24.0;-9.0;10.0
15/04/2021;BR;73174.0;152373.0;13746681.0;476389.0;25756818.0;-32.0;19.0;-33.0;-23.0;-8.0;10.0
16/04/2021;BR;85774.0;144665.0;13832455.0;319572.0;26076390.0;-32.0;21.0;-35.0;-21.0;-5.0;10.0
17/04/2021;BR;67636.0;65612.0;13900091.0;228631.0;26305021.0;-35.0;20.0;-43.0;-25.0;-1.0;9.0
18/04/2021;BR;42980.0;40202.0;13943071.0;114139.0;26419160.0;-46.0;6.0;-48.0;-33.0;-3.0;10.0
19/04/2021;BR;30624.0;179514.0;13973695.0;466637.0;26885797.0;-30.0;13.0;-42.0;-22.0;-3.0;9.0
20/04/2021;BR;69381.0;150554.0;14043076.0;491877.0;27377674.0;-26.0;24.0;-38.0;-21.0;-7.0;8.0
21/04/2021;BR;79719.0;68601.0;14122795.0;365095.0;27742769.0;-45.0;-4.0;-33.0;-47.0;-51.0;19.0
22/04/2021;BR;45178.0;157829.0;14167973.0;375967.0;28118736.0;-29.0;21.0;-33.0;-21.0;-5.0;9.0
23/04/2021;BR;69105.0;132319.0;14237078.0;919904.0;29038640.0;-28.0;23.0;-32.0;-20.0;-5.0;10.0
24/04/2021;BR;71137.0;63925.0;14308215.0;185129.0;29223769.0;-29.0;22.0;-34.0;-20.0;2.0;8.0
25/04/2021;BR;32572.0;42101.0;14340787.0;52574.0;29276343.0;-40.0;8.0;-39.0;-28.0;1.0;9.0
26/04/2021;BR;28636.0;182663.0;14369423.0;540083.0;29816426.0;-28.0;15.0;-38.0;-19.0;0.0;9.0
27/04/2021;BR;72140.0;147498.0;14441563.0;655891.0;30472317.0;-28.0;16.0;-38.0;-20.0;-5.0;9.0
28/04/2021;BR;79726.0;142732.0;14521289.0;480040.0;30952357.0;-26.0;17.0;-32.0;-19.0;-4.0;9.0
29/04/2021;BR;69389.0;140165.0;14590678.0;525731.0;31478088.0;-26.0;22.0;-31.0;-19.0;-3.0;9.0
30/04/2021;BR;68333.0;134262.0;14659011.0;440592.0;31918680.0;-20.0;37.0;-30.0;-13.0;0.0;7.0
01/05/2021;BR;66964.0;51783.0;14725975.0;128125.0;32046805.0;-34.0;14.0;-31.0;-26.0;-22.0;10.0
02/05/2021;BR;28935.0;40902.0;14754910.0;176074.0;32222879.0;-32.0;21.0;-33.0;-24.0;2.0;8.0
03/05/2021;BR;24619.0;172405.0;14779529.0;457143.0;32680022.0;-21.0;26.0;-35.0;-16.0;0.0;8.0
04/05/2021;BR;77359.0;142033.0;14856888.0;603371.0;33283393.0;-23.0;25.0;-36.0;-16.0;-3.0;8.0
05/05/2021;BR;73295.0;146732.0;14930183.0;685463.0;33968856.0;-21.0;24.0;-30.0;-16.0;-3.0;8.0
06/05/2021;BR;73380.0;144637.0;15003563.0;933224.0;34902080.0;-20.0;31.0;-28.0;-14.0;-2.0;7.0
07/05/2021;BR;78886.0;141965.0;15082449.0;693946.0;35596026.0;-14.0;42.0;-30.0;-10.0;2.0;7.0
08/05/2021;BR;63430.0;66266.0;15145879.0;218331.0;35814357.0;-8.0;51.0;-34.0;-6.0;7.0;5.0
09/05/2021;BR;38911.0;39206.0;15184790.0;56407.0;35870764.0;-26.0;33.0;-43.0;-15.0;18.0;4.0
10/05/2021;BR;25200.0;184458.0;15209990.0;614727.0;36485491.0;-21.0;26.0;-35.0;-14.0;0.0;7.0
11/05/2021;BR;72715.0;160341.0;15282705.0;586186.0;37071677.0;-22.0;26.0;-34.0;-15.0;-3.0;8.0
12/05/2021;BR;76692.0;160152.0;15359397.0;745269.0;37816946.0;-22.0;22.0;-32.0;-15.0;-3.0;9.0
13/05/2021;BR;74592.0;154957.0;15433989.0;532982.0;38349928.0;-24.0;26.0;-31.0;-16.0;-4.0;9.0
14/05/2021;BR;85536.0;155114.0;15519525.0;602773.0;38952701.0;-20.0;31.0;-30.0;-12.0;0.0;8.0
15/05/2021;BR;67009.0;75415.0;15586534.0;239127.0;39191828.0;-18.0;32.0;-31.0;-11.0;4.0;7.0
16/05/2021;BR;40941.0;48412.0;15627475.0;177930.0;39369758.0;-29.0;21.0;-33.0;-20.0;6.0;8.0
17/05/2021;BR;29916.0;215920.0;15657391.0;591433.0;39961191.0;-22.0;24.0;-32.0;-13.0;3.0;8.0
18/05/2021;BR;75445.0;179869.0;15732836.0;596194.0;40557385.0;-23.0;24.0;-33.0;-14.0;-1.0;8.0
19/05/2021;BR;79219.0;178893.0;15812055.0;568106.0;41125491.0;-21.0;24.0;-24.0;-16.0;-1.0;8.0
20/05/2021;BR;82039.0;181179.0;15894094.0;687162.0;41812653.0;-21.0;32.0;-20.0;-15.0;0.0;8.0
21/05/2021;BR;76855.0;176996.0;15970949.0;577402.0;42390055.0;-20.0;33.0;-22.0;-10.0;3.0;8.0
22/05/2021;BR;76490.0;79991.0;16047439.0;219851.0;42609906.0;-24.0;27.0;-31.0;-15.0;6.0;8.0
23/05/2021;BR;35819.0;49700.0;16083258.0;586610.0;43196516.0;-33.0;18.0;-33.0;-23.0;6.0;9.0
24/05/2021;BR;37498.0;220773.0;16120756.0;524616.0;43721132.0;-24.0;23.0;-30.0;-14.0;2.0;9.0
25/05/2021;BR;73453.0;192618.0;16194209.0;511322.0;44232454.0;-23.0;27.0;-27.0;-14.0;0.0;8.0
26/05/2021;BR;80486.0;184467.0;16274695.0;512005.0;44744459.0;-21.0;26.0;-20.0;-14.0;0.0;8.0
27/05/2021;BR;67467.0;197176.0;16342162.0;483718.0;45228177.0;-21.0;30.0;-17.0;-13.0;1.0;8.0
28/05/2021;BR;49768.0;189257.0;16391930.0;778859.0;46007036.0;-19.0;35.0;-20.0;-9.0;5.0;8.0
29/05/2021;BR;79670.0;90700.0;16471600.0;299551.0;46306587.0;-20.0;33.0;-23.0;-10.0;9.0;7.0
30/05/2021;BR;43520.0;55329.0;16515120.0;79298.0;46385885.0;-33.0;20.0;-36.0;-25.0;6.0;9.0
31/05/2021;BR;30434.0;230262.0;16545554.0;636106.0;47021991.0;-22.0;29.0;-31.0;-15.0;5.0;9.0
01/06/2021;BR;78926.0;191667.0;16624480.0;605669.0;47627660.0;-18.0;37.0;-25.0;-12.0;1.0;8.0
02/06/2021;BR;95601.0;191041.0;16720081.0;955126.0;48582786.0;-12.0;41.0;-13.0;-8.0;2.0;6.0
03/06/2021;BR;83391.0;94457.0;16803472.0;464053.0;49046839.0;-33.0;18.0;3.0;-36.0;-47.0;16.0
04/06/2021;BR;37936.0;166554.0;16841408.0;637433.0;49684272.0;-14.0;45.0;-8.0;-13.0;-8.0;9.0
05/06/2021;BR;66017.0;83849.0;16907425.0;507005.0;50191277.0;-17.0;38.0;-13.0;-9.0;6.0;7.0
06/06/2021;BR;39637.0;54736.0;16947062.0;193229.0;50384506.0;-28.0;24.0;-26.0;-17.0;7.0;7.0
07/06/2021;BR;37156.0;221415.0;16984218.0;703079.0;51087585.0;-17.0;36.0;-28.0;-11.0;5.0;8.0
08/06/2021;BR;52911.0;176717.0;17037129.0;1117465.0;52205050.0;-16.0;39.0;-27.0;-11.0;2.0;8.0
09/06/2021;BR;85748.0;172573.0;17122877.0;1072639.0;53277689.0;-13.0;37.0;-17.0;-10.0;3.0;8.0
10/06/2021;BR;88092.0;166292.0;17210969.0;1027834.0;54305523.0;-15.0;38.0;-19.0;-10.0;3.0;8.0
11/06/2021;BR;85149.0;150655.0;17296118.0;1152996.0;55458519.0;-12.0;42.0;-19.0;-7.0;6.0;7.0
12/06/2021;BR;78700.0;67216.0;17374818.0;624019.0;56082538.0;-5.0;43.0;-19.0;-5.0;10.0;6.0
13/06/2021;BR;37948.0;41359.0;17412766.0;321168.0;56403706.0;-26.0;23.0;-26.0;-18.0;6.0;8.0
14/06/2021;BR;39846.0;185458.0;17452612.0;1067529.0;57471235.0;-18.0;29.0;-25.0;-11.0;6.0;8.0
15/06/2021;BR;80609.0;149493.0;17533221.0;1287302.0;58758537.0;-18.0;32.0;-23.0;-12.0;3.0;8.0
16/06/2021;BR;95367.0;146304.0;17628588.0;1302347.0;60060884.0;-17.0;29.0;-19.0;-12.0;3.0;8.0
17/06/2021;BR;74042.0;137634.0;17702630.0;2157048.0;62217932.0;-20.0;30.0;-20.0;-13.0;2.0;8.0
18/06/2021;BR;98832.0;125579.0;17801462.0;1634332.0;63852264.0;-18.0;33.0;-21.0;-10.0;6.0;7.0
19/06/2021;BR;82288.0;55172.0;17883750.0;892222.0;64744486.0;-20.0;30.0;-32.0;-12.0;8.0;7.0
20/06/2021;BR;44178.0;27406.0;17927928.0;432245.0;65176731.0;-28.0;22.0;-31.0;-21.0;5.0;8.0
21/06/2021;BR;38903.0;122230.0;17966831.0;1321717.0;66498448.0;-20.0;27.0;-28.0;-13.0;6.0;8.0
22/06/2021;BR;87822.0;97395.0;18054653.0;1237026.0;67735474.0;-20.0;28.0;-27.0;-15.0;2.0;8.0
23/06/2021;BR;115228.0;90221.0;18169881.0;1256344.0;68991818.0;-17.0;29.0;-17.0;-13.0;2.0;7.0
24/06/2021;BR;73602.0;75653.0;18243483.0;1242989.0;70234807.0;-22.0;25.0;-16.0;-16.0;-4.0;8.0
25/06/2021;BR;79277.0;84127.0;18322760.0;1273689.0;71508496.0;-16.0;35.0;-15.0;-10.0;5.0;7.0
26/06/2021;BR;64134.0;38793.0;18386894.0;654564.0;72163060.0;-17.0;32.0;-21.0;-10.0;10.0;6.0
27/06/2021;BR;33704.0;22237.0;18420598.0;217190.0;72380250.0;-26.0;21.0;-25.0;-19.0;7.0;7.0
28/06/2021;BR;27804.0;106072.0;18448402.0;815743.0;73195993.0;-20.0;26.0;-27.0;-13.0;6.0;7.0
29/06/2021;BR;64903.0;68586.0;18513305.0;1375001.0;74570994.0;-24.0;22.0;-32.0;-19.0;-1.0;8.0
30/06/2021;BR;43836.0;77531.0;18557141.0;1082859.0;75653853.0;-15.0;35.0;-21.0;-13.0;4.0;7.0
01/07/2021;BR;65163.0;74571.0;18622304.0;1067894.0;76721747.0;-13.0;44.0;-16.0;-10.0;4.0;7.0
02/07/2021;BR;65165.0;69447.0;18687469.0;1190633.0;77912380.0;-12.0;44.0;-16.0;-7.0;6.0;7.0
03/07/2021;BR;54556.0;31112.0;18742025.0;526689.0;78439069.0;-9.0;44.0;-18.0;-4.0;12.0;6.0
04/07/2021;BR;27783.0;19752.0;18769808.0;261955.0;78701024.0;-20.0;32.0;-25.0;-16.0;9.0;7.0
05/07/2021;BR;22703.0;98761.0;18792511.0;1144980.0;79846004.0;-12.0;38.0;-22.0;-8.0;8.0;7.0
06/07/2021;BR;62504.0;78919.0;18855015.0;1082481.0;80928485.0;-11.0;42.0;-20.0;-8.0;4.0;7.0
07/07/2021;BR;54022.0;78473.0;18909037.0;1120939.0;82049424.0;-6.0;44.0;-9.0;-6.0;5.0;6.0
08/07/2021;BR;53725.0;76341.0;18962762.0;1004762.0;83054186.0;-6.0;48.0;-4.0;-4.0;5.0;5.0
09/07/2021;BR;57737.0;73982.0;19020499.0;909584.0;83963770.0;-9.0;44.0;-3.0;-13.0;-8.0;9.0
10/07/2021;BR;48504.0;31415.0;19069003.0;582594.0;84546364.0;-7.0;44.0;-8.0;-2.0;10.0;5.0
11/07/2021;BR;20937.0;19598.0;19089940.0;252354.0;84798718.0;-15.0;32.0;-10.0;-10.0;10.0;5.0
12/07/2021;BR;17031.0;93241.0;19106971.0;847923.0;85646641.0;-11.0;37.0;-15.0;-6.0;7.0;6.0
13/07/2021;BR;45022.0;76412.0;19151993.0;898895.0;86545536.0;-12.0;36.0;-13.0;-7.0;3.0;7.0
14/07/2021;BR;57736.0;74062.0;19209729.0;887034.0;87432570.0;-9.0;34.0;-6.0;-7.0;4.0;7.0
15/07/2021;BR;52789.0;70410.0;19262518.0;891778.0;88324348.0;-10.0;40.0;-4.0;-7.0;4.0;6.0
16/07/2021;BR;45591.0;66923.0;19308109.0;888436.0;89212784.0;-10.0;40.0;-9.0;-5.0;6.0;7.0
17/07/2021;BR;34339.0;28102.0;19342448.0;606545.0;89819329.0;-9.0;38.0;-13.0;-4.0;12.0;5.0
18/07/2021;BR;34126.0;16716.0;19376574.0;167289.0;89986618.0;-16.0;30.0;-13.0;-11.0;10.0;6.0
19/07/2021;BR;15271.0;72175.0;19391845.0;1142760.0;91129378.0;-13.0;32.0;-18.0;-8.0;6.0;7.0
20/07/2021;BR;27592.0;59095.0;19419437.0;1251861.0;92381239.0;-12.0;37.0;-15.0;-8.0;3.0;7.0
21/07/2021;BR;54517.0;42764.0;19473954.0;1131661.0;93512900.0;-9.0;35.0;-6.0;-7.0;4.0;7.0
22/07/2021;BR;49757.0;35419.0;19523711.0;1089626.0;94602526.0;-10.0;39.0;-1.0;-7.0;4.0;6.0
23/07/2021;BR;108732.0;34338.0;19632443.0;1323459.0;95925985.0;-9.0;40.0;-4.0;-4.0;8.0;6.0
24/07/2021;BR;38091.0;14155.0;19670534.0;639003.0;96564988.0;-9.0;38.0;-3.0;-2.0;13.0;5.0
25/07/2021;BR;18129.0;8597.0;19688663.0;192978.0;96757966.0;-14.0;32.0;-4.0;-9.0;11.0;5.0
26/07/2021;BR;18999.0;40541.0;19707662.0;854081.0;97612047.0;-14.0;32.0;-13.0;-7.0;6.0;7.0
27/07/2021;BR;41411.0;33826.0;19749073.0;976915.0;98588962.0;-14.0;33.0;-15.0;-8.0;4.0;7.0
28/07/2021;BR;48013.0;31600.0;19797086.0;939330.0;99528292.0;-17.0;28.0;-19.0;-14.0;4.0;9.0
29/07/2021;BR;42283.0;28531.0;19839369.0;787541.0;100315833.0;-13.0;37.0;-10.0;-9.0;5.0;7.0
30/07/2021;BR;40904.0;27900.0;19880273.0;1109418.0;101425251.0;-8.0;46.0;-13.0;-5.0;10.0;7.0
31/07/2021;BR;37582.0;11617.0;19917855.0;583962.0;102009213.0;-7.0;44.0;-18.0;-4.0;15.0;6.0
01/08/2021;BR;20503.0;7437.0;19938358.0;210191.0;102219404.0;-14.0;38.0;-20.0;-12.0;13.0;7.0
02/08/2021;BR;15143.0;34323.0;19953501.0;743638.0;102963042.0;-10.0;41.0;-19.0;-3.0;12.0;6.0
03/08/2021;BR;32316.0;28045.0;19985817.0;1104397.0;104067439.0;-11.0;40.0;-19.0;-5.0;8.0;6.0
04/08/2021;BR;40716.0;28403.0;20026533.0;1490480.0;105557919.0;-8.0;39.0;-12.0;-4.0;10.0;6.0
05/08/2021;BR;40054.0;27907.0;20066587.0;1085469.0;106643388.0;-6.0;46.0;-8.0;-2.0;10.0;5.0
06/08/2021;BR;42159.0;27272.0;20108746.0;1064612.0;107708000.0;1.0;56.0;-7.0;4.0;14.0;4.0
07/08/2021;BR;43033.0;11585.0;20151779.0;480040.0;108188040.0;5.0;59.0;-12.0;6.0;16.0;4.0
08/08/2021;BR;13893.0;6908.0;20165672.0;205943.0;108393983.0;-8.0;49.0;-15.0;-2.0;18.0;3.0
09/08/2021;BR;12085.0;33504.0;20177757.0;877094.0;109271077.0;-8.0;41.0;-16.0;0.0;13.0;5.0
10/08/2021;BR;34885.0;27840.0;20212642.0;1464294.0;110735371.0;-8.0;42.0;-14.0;-1.0;10.0;5.0
11/08/2021;BR;32443.0;27549.0;20245085.0;1363008.0;112098379.0;-8.0;37.0;-11.0;-3.0;10.0;6.0
12/08/2021;BR;39982.0;27673.0;20285067.0;1500687.0;113599066.0;-11.0;39.0;-13.0;-4.0;10.0;6.0
13/08/2021;BR;33933.0;27466.0;20319000.0;1380815.0;114979881.0;-9.0;41.0;-16.0;-3.0;14.0;6.0
14/08/2021;BR;31142.0;12113.0;20350142.0;937343.0;115917224.0;-5.0;41.0;-18.0;-2.0;15.0;5.0
15/08/2021;BR;13957.0;7201.0;20364099.0;344622.0;116261846.0;-11.0;36.0;-14.0;-9.0;13.0;6.0
16/08/2021;BR;14471.0;34164.0;20378570.0;1156768.0;117418614.0;-12.0;34.0;-20.0;-4.0;13.0;6.0
17/08/2021;BR;37613.0;27721.0;20416183.0;1783693.0;119202307.0;-11.0;37.0;-14.0;-3.0;9.0;5.0
18/08/2021;BR;41714.0;26053.0;20457897.0;1051885.0;120254192.0;-9.0;33.0;-8.0;-3.0;13.0;6.0
19/08/2021;BR;36315.0;24509.0;20494212.0;1408385.0;121662577.0;-9.0;38.0;-3.0;-2.0;13.0;5.0
20/08/2021;BR;33887.0;25016.0;20528099.0;1096294.0;122758871.0;-6.0;44.0;-5.0;1.0;16.0;5.0
21/08/2021;BR;28388.0;9882.0;20556487.0;597658.0;123356529.0;-4.0;42.0;-3.0;2.0;15.0;4.0
22/08/2021;BR;14404.0;5957.0;20570891.0;260650.0;123617179.0;-10.0;37.0;0.0;-6.0;13.0;5.0
23/08/2021;BR;13103.0;27620.0;20583994.0;1125754.0;124742933.0;-12.0;34.0;-14.0;-2.0;16.0;5.0
24/08/2021;BR;30872.0;21547.0;20614866.0;1395096.0;126138029.0;-13.0;34.0;-14.0;-4.0;11.0;5.0
25/08/2021;BR;30671.0;20947.0;20645537.0;1299557.0;127437586.0;-11.0;34.0;-7.0;-3.0;12.0;6.0
26/08/2021;BR;31024.0;19835.0;20676561.0;879452.0;128317038.0;-11.0;38.0;-6.0;-2.0;13.0;5.0
27/08/2021;BR;27345.0;19278.0;20703906.0;982589.0;129299627.0;-10.0;40.0;-13.0;-1.0;16.0;5.0
28/08/2021;BR;24699.0;7841.0;20728605.0;651868.0;129951495.0;-11.0;37.0;-22.0;-8.0;15.0;6.0
29/08/2021;BR;13210.0;4980.0;20741815.0;336656.0;130288151.0;-16.0;32.0;-22.0;-14.0;12.0;7.0
30/08/2021;BR;10466.0;21239.0;20752281.0;888556.0;131176707.0;-13.0;35.0;-20.0;-3.0;17.0;5.0
31/08/2021;BR;24589.0;16474.0;20776870.0;1392702.0;132569409.0;-10.0;42.0;-18.0;-3.0;13.0;5.0
01/09/2021;BR;27345.0;15249.0;20804215.0;947881.0;133517290.0;-6.0;44.0;-9.0;-1.0;13.0;5.0
02/09/2021;BR;26280.0;14820.0;20830495.0;815144.0;134332434.0;-5.0;48.0;-3.0;0.0;15.0;4.0
03/09/2021;BR;25565.0;11453.0;20856060.0;743258.0;135075692.0;-2.0;52.0;-3.0;6.0;18.0;3.0
04/09/2021;BR;21804.0;4505.0;20877864.0;377096.0;135452788.0;0.0;49.0;0.0;6.0;15.0;3.0
05/09/2021;BR;12915.0;2671.0;20890779.0;166954.0;135619742.0;-5.0;42.0;9.0;-7.0;11.0;4.0
06/09/2021;BR;9154.0;7307.0;20899933.0;775786.0;136395528.0;4.0;56.0;14.0;-12.0;-12.0;6.0
07/09/2021;BR;13645.0;2484.0;20913578.0;219589.0;136615117.0;-29.0;8.0;22.0;-39.0;-60.0;15.0
08/09/2021;BR;14430.0;186.0;20928008.0;607843.0;137222960.0;-7.0;42.0;-6.0;0.0;11.0;4.0
09/09/2021;BR;30891.0;283.0;20958899.0;725965.0;137948925.0;-8.0;46.0;-5.0;0.0;14.0;4.0
10/09/2021;BR;15951.0;320.0;20974850.0;834480.0;138783405.0;-3.0;47.0;-7.0;2.0;18.0;4.0
11/09/2021;BR;14314.0;265.0;20989164.0;406926.0;139190331.0;-1.0;43.0;-9.0;2.0;18.0;4.0
12/09/2021;BR;10615.0;122.0;20999779.0;172821.0;139363152.0;-7.0;36.0;-3.0;-6.0;14.0;5.0
13/09/2021;BR;6645.0;87.0;21006424.0;439110.0;139802262.0;-9.0;36.0;-13.0;1.0;17.0;4.0
14/09/2021;BR;13406.0;;21019830.0;643796.0;140446058.0;-10.0;36.0;-13.0;-1.0;12.0;4.0
15/09/2021;BR;14780.0;;21034610.0;637360.0;141083418.0;-7.0;36.0;-7.0;-1.0;12.0;5.0
16/09/2021;BR;34407.0;;21069017.0;453094.0;141536512.0;-9.0;38.0;-8.0;-2.0;12.0;5.0
17/09/2021;BR;11202.0;;21080219.0;732871.0;142269383.0;-5.0;41.0;-10.0;2.0;16.0;4.0
18/09/2021;BR;150106.0;;21230325.0;341516.0;142610899.0;-2.0;41.0;-4.0;2.0;16.0;4.0
19/09/2021;BR;9458.0;;21239783.0;169326.0;142780225.0;-8.0;36.0;-4.0;-6.0;12.0;4.0
20/09/2021;BR;7884.0;;21247667.0;353811.0;143134036.0;-11.0;35.0;-10.0;-1.0;12.0;5.0
21/09/2021;BR;-573.0;;21247094.0;531445.0;143665481.0;-10.0;36.0;-14.0;-1.0;13.0;4.0
22/09/2021;BR;36473.0;;21283567.0;474217.0;144139698.0;-8.0;34.0;-8.0;-2.0;16.0;5.0
23/09/2021;BR;24611.0;;21308178.0;526318.0;144666016.0;-8.0;39.0;-5.0;0.0;17.0;4.0
24/09/2021;BR;19438.0;;21327616.0;471435.0;145137451.0;-5.0;42.0;-6.0;3.0;20.0;4.0
25/09/2021;BR;15688.0;;21343304.0;385547.0;145522998.0;-5.0;38.0;-9.0;0.0;17.0;4.0
26/09/2021;BR;8668.0;;21351972.0;172640.0;145695638.0;-9.0;35.0;-6.0;-5.0;12.0;5.0
27/09/2021;BR;14423.0;;21366395.0;293818.0;145989456.0;-11.0;34.0;-13.0;0.0;20.0;4.0
28/09/2021;BR;15395.0;;21381790.0;497081.0;146486537.0;-12.0;34.0;-13.0;-1.0;16.0;4.0
29/09/2021;BR;17756.0;;21399546.0;489974.0;146976511.0;-9.0;33.0;-8.0;-2.0;17.0;4.0
30/09/2021;BR;27527.0;;21427073.0;530108.0;147506619.0;-6.0;46.0;-5.0;1.0;18.0;4.0
01/10/2021;BR;18578.0;;21445651.0;459404.0;147966023.0;-4.0;48.0;-11.0;4.0;21.0;4.0
02/10/2021;BR;13466.0;;21459117.0;254652.0;148220675.0;0.0;47.0;-11.0;3.0;18.0;4.0
03/10/2021;BR;9004.0;;21468121.0;104584.0;148325259.0;-11.0;38.0;-20.0;-10.0;12.0;6.0
04/10/2021;BR;10425.0;;21478546.0;230172.0;148555431.0;-10.0;36.0;-20.0;-1.0;19.0;4.0
05/10/2021;BR;20528.0;;21499074.0;377966.0;148933397.0;-6.0;43.0;-15.0;0.0;16.0;4.0
06/10/2021;BR;17893.0;;21516967.0;373277.0;149306674.0;0.0;45.0;-6.0;3.0;18.0;3.0
07/10/2021;BR;15591.0;2.0;21532558.0;379111.0;149685785.0;0.0;52.0;-5.0;4.0;18.0;3.0
08/10/2021;BR;18172.0;;21550730.0;304681.0;149990466.0;5.0;55.0;-4.0;10.0;21.0;2.0
09/10/2021;BR;16451.0;;21567181.0;164304.0;150154770.0;3.0;48.0;-13.0;6.0;15.0;3.0
10/10/2021;BR;8639.0;;21575820.0;103779.0;150258549.0;-7.0;39.0;-18.0;-14.0;10.0;6.0
11/10/2021;BR;6918.0;;21582738.0;285136.0;150543685.0;8.0;51.0;-4.0;-13.0;-11.0;7.0
12/10/2021;BR;7359.0;;21590097.0;109925.0;150653610.0;-14.0;17.0;22.0;-37.0;-59.0;13.0
13/10/2021;BR;7852.0;;21597949.0;103319.0;150756929.0;-3.0;39.0;-3.0;4.0;16.0;3.0
14/10/2021;BR;14288.0;;21612237.0;721355.0;151478284.0;-5.0;41.0;-1.0;2.0;17.0;4.0
15/10/2021;BR;15239.0;;21627476.0;482546.0;151960830.0;-3.0;42.0;-7.0;3.0;16.0;4.0
16/10/2021;BR;11250.0;;21638726.0;287038.0;152247868.0;-2.0;41.0;-14.0;2.0;19.0;4.0
17/10/2021;BR;5738.0;;21644464.0;98778.0;152346646.0;-10.0;35.0;-22.0;-9.0;12.0;6.0
18/10/2021;BR;7446.0;;21651910.0;121057.0;152467703.0;-13.0;27.0;-21.0;-4.0;17.0;5.0
19/10/2021;BR;12969.0;1.0;21664879.0;309616.0;152777319.0;-10.0;36.0;-20.0;0.0;16.0;4.0
20/10/2021;BR;15609.0;36.0;21680488.0;420764.0;153198083.0;-5.0;40.0;-10.0;1.0;18.0;4.0
21/10/2021;BR;16853.0;;21697341.0;147837.0;153345920.0;-4.0;45.0;-2.0;4.0;19.0;3.0
22/10/2021;BR;14502.0;;21711843.0;190251.0;153536171.0;0.0;44.0;0.0;7.0;23.0;3.0
23/10/2021;BR;11716.0;;21723559.0;126964.0;153663135.0;0.0;39.0;-5.0;6.0;19.0;3.0
24/10/2021;BR;6204.0;;21729763.0;171886.0;153835021.0;-11.0;33.0;-22.0;-12.0;12.0;6.0
25/10/2021;BR;5797.0;;21735560.0;277208.0;154112229.0;-8.0;37.0;-14.0;3.0;22.0;4.0
26/10/2021;BR;13424.0;;21748984.0;347229.0;154459458.0;-7.0;37.0;-12.0;3.0;19.0;3.0
27/10/2021;BR;17184.0;;21766168.0;265480.0;154724938.0;-5.0;35.0;-6.0;3.0;19.0;4.0
28/10/2021;BR;15268.0;;21781436.0;271657.0;154996595.0;-4.0;43.0;-4.0;4.0;19.0;3.0
29/10/2021;BR;11965.0;;21793401.0;231867.0;155228462.0;1.0;51.0;-6.0;8.0;20.0;3.0
30/10/2021;BR;10693.0;;21804094.0;102870.0;155331332.0;2.0;47.0;-9.0;8.0;18.0;2.0
31/10/2021;BR;6761.0;;21810855.0;68181.0;155399513.0;-8.0;39.0;-17.0;-9.0;12.0;5.0
01/11/2021;BR;3838.0;;21814693.0;41713.0;155441226.0;2.0;49.0;-5.0;-13.0;-10.0;7.0
02/11/2021;BR;6431.0;;21821124.0;36264.0;155477490.0;-28.0;13.0;9.0;-40.0;-61.0;15.0
03/11/2021;BR;14661.0;;21835785.0;119244.0;155596734.0;-3.0;42.0;-5.0;9.0;21.0;2.0
04/11/2021;BR;13352.0;;21849137.0;260697.0;155857431.0;-2.0;46.0;-1.0;8.0;22.0;2.0
05/11/2021;BR;13321.0;;21862458.0;284618.0;156142049.0;4.0;52.0;-1.0;12.0;26.0;2.0
06/11/2021;BR;11866.0;;21874324.0;90015.0;156232064.0;6.0;48.0;-7.0;10.0;21.0;3.0
07/11/2021;BR;6115.0;;21880439.0;274089.0;156506153.0;1.0;45.0;-6.0;0.0;16.0;4.0
08/11/2021;BR;5638.0;;21886077.0;231904.0;156738057.0;-1.0;45.0;-12.0;10.0;25.0;2.0
09/11/2021;BR;10948.0;;21897025.0;223581.0;156961638.0;-2.0;44.0;-12.0;8.0;21.0;2.0
10/11/2021;BR;12273.0;1.0;21909298.0;226875.0;157188513.0;1.0;43.0;-4.0;9.0;22.0;2.0
11/11/2021;BR;15300.0;;21924598.0;272437.0;157460950.0;-3.0;42.0;-8.0;7.0;22.0;2.0
12/11/2021;BR;14598.0;;21939196.0;44224.0;157505174.0;2.0;48.0;-7.0;12.0;24.0;2.0
13/11/2021;BR;14642.0;;21953838.0;67143.0;157572317.0;6.0;47.0;1.0;13.0;17.0;2.0
14/11/2021;BR;4129.0;;21957967.0;92574.0;157664891.0;5.0;46.0;18.0;1.0;12.0;3.0
15/11/2021;BR;2799.0;;21960766.0;63164.0;157728055.0;-21.0;12.0;32.0;-32.0;-58.0;12.0
16/11/2021;BR;4918.0;;21965684.0;51509.0;157779564.0;-4.0;41.0;-10.0;10.0;20.0;1.0
17/11/2021;BR;11977.0;;21977661.0;226012.0;158005576.0;-1.0;39.0;-2.0;9.0;22.0;3.0
18/11/2021;BR;12301.0;;21989962.0;138029.0;158143605.0;-6.0;38.0;-8.0;7.0;22.0;3.0
19/11/2021;BR;13355.0;;22003317.0;149326.0;158292931.0;0.0;44.0;-10.0;9.0;25.0;3.0
20/11/2021;BR;8833.0;;22012150.0;131938.0;158424869.0;3.0;43.0;-12.0;4.0;16.0;4.0
21/11/2021;BR;5126.0;;22017276.0;122216.0;158547085.0;2.0;44.0;-6.0;1.0;16.0;4.0
22/11/2021;BR;2594.0;;22019870.0;140265.0;158687350.0;-2.0;41.0;-7.0;10.0;26.0;2.0
23/11/2021;BR;10312.0;;22030182.0;147050.0;158834400.0;-2.0;40.0;-5.0;8.0;22.0;2.0
24/11/2021;BR;12930.0;;22043112.0;104687.0;158939087.0;0.0;39.0;1.0;9.0;23.0;2.0
25/11/2021;BR;12126.0;1.0;22055238.0;124941.0;159064028.0;1.0;46.0;4.0;10.0;23.0;2.0
26/11/2021;BR;12392.0;;22067630.0;203985.0;159268013.0;7.0;57.0;-3.0;12.0;26.0;1.0
27/11/2021;BR;9233.0;;22076863.0;62799.0;159330812.0;5.0;44.0;-5.0;10.0;21.0;2.0
28/11/2021;BR;4043.0;;22080906.0;54680.0;159385492.0;2.0;44.0;-4.0;3.0;16.0;3.0
29/11/2021;BR;3843.0;;22084749.0;70290.0;159455782.0;-3.0;39.0;-7.0;8.0;26.0;3.0
30/11/2021;BR;9710.0;;22094459.0;162363.0;159618145.0;1.0;48.0;-9.0;7.0;20.0;2.0
01/12/2021;BR;11413.0;;22105872.0;226464.0;159844609.0;5.0;50.0;1.0;10.0;22.0;2.0
02/12/2021;BR;12910.0;;22118782.0;126528.0;159971137.0;5.0;52.0;6.0;10.0;23.0;1.0
03/12/2021;BR;10627.0;;22129409.0;162371.0;160133508.0;7.0;53.0;3.0;13.0;26.0;1.0
04/12/2021;BR;8838.0;;22138247.0;83373.0;160216881.0;12.0;52.0;6.0;17.0;22.0;1.0
05/12/2021;BR;4844.0;;22143091.0;45885.0;160262766.0;6.0;48.0;1.0;7.0;17.0;3.0
06/12/2021;BR;4385.0;;22147476.0;12880.0;160275646.0;2.0;47.0;-11.0;9.0;25.0;2.0
07/12/2021;BR;10250.0;;22157726.0;103674.0;160379320.0;4.0;50.0;-10.0;7.0;22.0;2.0
08/12/2021;BR;10055.0;;22167781.0;88158.0;160467478.0;7.0;46.0;2.0;4.0;11.0;4.0
09/12/2021;BR;9278.0;;22177059.0;112899.0;160580377.0;9.0;54.0;7.0;13.0;25.0;1.0
10/12/2021;BR;7765.0;1.0;22184824.0;97846.0;160678223.0;12.0;54.0;10.0;16.0;28.0;1.0
11/12/2021;BR;3355.0;;22188179.0;18770.0;160696993.0;14.0;50.0;12.0;20.0;27.0;0.0
12/12/2021;BR;1688.0;;22189867.0;12216.0;160709209.0;9.0;47.0;5.0;10.0;23.0;2.0
13/12/2021;BR;2082.0;;22191949.0;-160178.0;160549031.0;3.0;42.0;-8.0;8.0;25.0;3.0
14/12/2021;BR;3826.0;;22195775.0;43025.0;160592056.0;4.0;44.0;-9.0;7.0;20.0;3.0
15/12/2021;BR;5446.0;;22201221.0;199313.0;160791369.0;11.0;45.0;1.0;9.0;20.0;3.0
16/12/2021;BR;3720.0;;22204941.0;142487.0;160933856.0;14.0;53.0;9.0;11.0;20.0;1.0
17/12/2021;BR;4079.0;;22209020.0;112995.0;161046851.0;13.0;52.0;3.0;13.0;22.0;1.0
18/12/2021;BR;3323.0;;22212343.0;14674.0;161061525.0;18.0;52.0;1.0;20.0;26.0;0.0
19/12/2021;BR;1419.0;;22213762.0;8371.0;161069896.0;22.0;57.0;3.0;13.0;30.0;2.0
20/12/2021;BR;2094.0;;22215856.0;51607.0;161121503.0;23.0;61.0;8.0;12.0;16.0;2.0
21/12/2021;BR;3621.0;;22219477.0;78731.0;161200234.0;23.0;63.0;11.0;11.0;9.0;2.0
22/12/2021;BR;3451.0;;22222928.0;270221.0;161470455.0;27.0;68.0;21.0;11.0;7.0;2.0
23/12/2021;BR;3645.0;;22226573.0;55524.0;161525979.0;30.0;97.0;27.0;13.0;0.0;1.0
24/12/2021;BR;4164.0;;22230737.0;14949.0;161540928.0;-3.0;95.0;11.0;-14.0;-34.0;6.0
25/12/2021;BR;3889.0;;22234626.0;7.0;161540935.0;-57.0;-43.0;4.0;-42.0;-54.0;5.0
26/12/2021;BR;4810.0;;22239436.0;9722.0;161550657.0;-7.0;36.0;13.0;-4.0;7.0;3.0
27/12/2021;BR;6840.0;;22246276.0;30722.0;161581379.0;1.0;44.0;14.0;-6.0;-8.0;7.0
28/12/2021;BR;8430.0;;22254706.0;108178.0;161689557.0;2.0;48.0;22.0;-7.0;-11.0;7.0
29/12/2021;BR;9128.0;;22263834.0;79198.0;161768755.0;7.0;54.0;38.0;-5.0;-11.0;6.0
30/12/2021;BR;13405.0;;22277239.0;40066.0;161808821.0;8.0;79.0;42.0;-5.0;-15.0;5.0
31/12/2021;BR;10282.0;;22287521.0;9044.0;161817865.0;-18.0;85.0;55.0;-25.0;-44.0;9.0
01/01/2022;BR;3986.0;;22291507.0;3802.0;161821667.0;-56.0;-46.0;39.0;-46.0;-57.0;6.0
02/01/2022;BR;1721.0;;22293228.0;7201.0;161828868.0;-14.0;34.0;20.0;-8.0;2.0;4.0
03/01/2022;BR;11850.0;;22305078.0;28738.0;161857606.0;-9.0;43.0;13.0;-5.0;-5.0;7.0
04/01/2022;BR;18759.0;;22323837.0;190143.0;162047749.0;-9.0;43.0;5.0;-6.0;-4.0;7.0
05/01/2022;BR;27267.0;;22351104.0;47023.0;162094772.0;-7.0;43.0;12.0;-5.0;-1.0;7.0
06/01/2022;BR;35826.0;;22386930.0;58173.0;162152945.0;-8.0;47.0;12.0;-6.0;-1.0;7.0
07/01/2022;BR;63292.0;;22450222.0;39638.0;162192583.0;-6.0;50.0;1.0;-5.0;3.0;7.0
08/01/2022;BR;49303.0;;22499525.0;27433.0;162220016.0;-8.0;41.0;-12.0;-6.0;12.0;7.0
09/01/2022;BR;24382.0;;22523907.0;11417.0;162231433.0;-16.0;35.0;-19.0;-15.0;12.0;8.0
10/01/2022;BR;34788.0;;22558695.0;93355.0;162324788.0;-5.0;47.0;-6.0;-2.0;6.0;6.0
11/01/2022;BR;70765.0;;22629460.0;49749.0;162374537.0;-9.0;41.0;-5.0;-6.0;2.0;6.0
12/01/2022;BR;87471.0;;22716931.0;1293.0;162375830.0;-7.0;39.0;8.0;-5.0;3.0;7.0
13/01/2022;BR;97986.0;;22814917.0;59836.0;162435666.0;-8.0;42.0;11.0;-5.0;3.0;6.0
14/01/2022;BR;112286.0;;22927203.0;34194.0;162469860.0;-7.0;43.0;8.0;-3.0;6.0;6.0
15/01/2022;BR;48520.0;;22975723.0;41010.0;162510870.0;-8.0;37.0;1.0;-2.0;14.0;5.0
16/01/2022;BR;24934.0;;23000657.0;179680.0;162690550.0;-12.0;36.0;2.0;-9.0;13.0;5.0
17/01/2022;BR;74134.0;;23074791.0;231150.0;162921700.0;-8.0;40.0;1.0;-3.0;6.0;5.0
18/01/2022;BR;137103.0;;23211894.0;79073.0;163000773.0;-9.0;39.0;3.0;-4.0;3.0;6.0
19/01/2022;BR;204854.0;;23416748.0;134404.0;163135177.0;-4.0;39.0;11.0;-4.0;4.0;6.0
20/01/2022;BR;168495.0;;23585243.0;188056.0;163323233.0;-6.0;44.0;20.0;-6.0;0.0;6.0
21/01/2022;BR;166539.0;;23751782.0;123627.0;163446860.0;-3.0;47.0;12.0;-1.0;7.0;6.0
22/01/2022;BR;157393.0;;23909175.0;193702.0;163640562.0;-5.0;40.0;10.0;0.0;15.0;4.0
23/01/2022;BR;135080.0;;24044255.0;35432.0;163675994.0;-8.0;38.0;8.0;-5.0;14.0;4.0
24/01/2022;BR;83340.0;;24127595.0;254349.0;163930343.0;-7.0;39.0;1.0;-3.0;9.0;5.0
25/01/2022;BR;183722.0;;24311317.0;132695.0;164063038.0;-7.0;40.0;2.0;-7.0;2.0;6.0
26/01/2022;BR;224567.0;;24535884.0;384446.0;164447484.0;-6.0;37.0;5.0;-2.0;7.0;6.0
27/01/2022;BR;228954.0;;24764838.0;342618.0;164790102.0;-7.0;41.0;3.0;-2.0;8.0;5.0
28/01/2022;BR;269968.0;;25034806.0;354194.0;165144296.0;-6.0;43.0;-8.0;-1.0;12.0;6.0
29/01/2022;BR;179816.0;;25214622.0;215831.0;165360127.0;-7.0;38.0;-19.0;-5.0;17.0;6.0
30/01/2022;BR;134175.0;;25348797.0;39585.0;165399712.0;-13.0;35.0;-22.0;-13.0;14.0;6.0
31/01/2022;BR;77947.0;;25426744.0;462952.0;165862664.0;-6.0;43.0;-14.0;-1.0;14.0;5.0
01/02/2022;BR;193465.0;;25620209.0;291024.0;166153688.0;-3.0;48.0;-10.0;1.0;11.0;4.0
02/02/2022;BR;172903.0;;25793112.0;316761.0;166470449.0;-2.0;44.0;0.0;1.0;12.0;5.0
03/02/2022;BR;298408.0;;26091520.0;307200.0;166777649.0;-2.0;49.0;3.0;4.0;16.0;4.0
04/02/2022;BR;184311.0;;26275831.0;556980.0;167334629.0;4.0;54.0;-1.0;8.0;20.0;3.0
05/02/2022;BR;197442.0;;26473273.0;342385.0;167677014.0;7.0;53.0;-4.0;7.0;21.0;3.0
06/02/2022;BR;59737.0;;26533010.0;77383.0;167754397.0;-1.0;48.0;-7.0;-2.0;19.0;4.0
07/02/2022;BR;66583.0;;26599593.0;456115.0;168210512.0;1.0;50.0;-9.0;7.0;21.0;2.0
08/02/2022;BR;177027.0;;26776620.0;151766.0;168362278.0;0.0;50.0;-8.0;7.0;17.0;2.0
09/02/2022;BR;178814.0;;26955434.0;119364.0;168481642.0;2.0;46.0;1.0;8.0;18.0;3.0
10/02/2022;BR;164066.0;;27119500.0;399235.0;168880877.0;2.0;51.0;5.0;9.0;19.0;2.0
11/02/2022;BR;166009.0;;27285509.0;489378.0;169370255.0;3.0;49.0;1.0;11.0;23.0;2.0
12/02/2022;BR;140234.0;;27425743.0;211525.0;169581780.0;3.0;45.0;-5.0;6.0;21.0;3.0
13/02/2022;BR;54220.0;;27479963.0;93692.0;169675472.0;-1.0;44.0;-3.0;0.0;20.0;3.0
14/02/2022;BR;58540.0;;27538503.0;219871.0;169895343.0;-2.0;43.0;-4.0;10.0;24.0;2.0
15/02/2022;BR;120549.0;;27659052.0;226643.0;170121986.0;-2.0;45.0;-5.0;9.0;20.0;2.0
16/02/2022;BR;147734.0;;27806786.0;272099.0;170394085.0;0.0;43.0;4.0;9.0;21.0;2.0
17/02/2022;BR;131049.0;;27937835.0;252277.0;170646362.0;-1.0;45.0;4.0;9.0;22.0;1.0
18/02/2022;BR;121027.0;;28058862.0;712979.0;171359341.0;2.0;48.0;0.0;10.0;27.0;1.0
19/02/2022;BR;108725.0;;28167587.0;203862.0;171563203.0;3.0;45.0;-2.0;5.0;23.0;2.0
20/02/2022;BR;40625.0;;28208212.0;77205.0;171640408.0;-2.0;44.0;-3.0;-2.0;21.0;3.0
21/02/2022;BR;37339.0;;28245551.0;176004.0;171816412.0;-4.0;42.0;-7.0;9.0;27.0;1.0
22/02/2022;BR;105776.0;;28351327.0;213529.0;172029941.0;-3.0;43.0;-4.0;9.0;24.0;1.0
23/02/2022;BR;133563.0;;28484890.0;278403.0;172308344.0;-1.0;41.0;5.0;8.0;25.0;1.0
24/02/2022;BR;93757.0;;28578647.0;265603.0;172573947.0;-1.0;47.0;9.0;9.0;26.0;0.0
25/02/2022;BR;91595.0;;28670242.0;262706.0;172836653.0;3.0;56.0;10.0;12.0;29.0;0.0
26/02/2022;BR;73808.0;;28744050.0;93405.0;172930058.0;1.0;51.0;21.0;7.0;19.0;0.0
27/02/2022;BR;24054.0;;28768104.0;33412.0;172963470.0;0.0;48.0;40.0;-5.0;17.0;0.0
28/02/2022;BR;19516.0;;28787620.0;160027.0;173123497.0;-9.0;37.0;60.0;-23.0;-26.0;6.0
01/03/2022;BR;23545.0;;28811165.0;111893.0;173235390.0;-25.0;15.0;42.0;-34.0;-44.0;9.0
02/03/2022;BR;30995.0;;28842160.0;63390.0;173298780.0;-9.0;37.0;13.0;-9.0;1.0;5.0
03/03/2022;BR;61870.0;;28904030.0;61431.0;173360211.0;-5.0;48.0;11.0;4.0;23.0;1.0
04/03/2022;BR;69769.0;;28973799.0;122675.0;173482886.0;0.0;50.0;4.0;4.0;28.0;2.0
05/03/2022;BR;59253.0;;29033052.0;88887.0;173571773.0;5.0;51.0;2.0;1.0;25.0;2.0
06/03/2022;BR;15961.0;;29049013.0;40307.0;173612080.0;-1.0;47.0;1.0;-6.0;23.0;3.0
07/03/2022;BR;20456.0;;29069469.0;116710.0;173728790.0;-2.0;47.0;-2.0;8.0;31.0;1.0
08/03/2022;BR;68893.0;;29138362.0;116318.0;173845108.0;2.0;50.0;3.0;7.0;27.0;1.0
09/03/2022;BR;54906.0;;29193268.0;156508.0;174001616.0;-1.0;44.0;9.0;5.0;28.0;2.0
10/03/2022;BR;56635.0;;29249903.0;630989.0;174632605.0;-2.0;47.0;12.0;5.0;30.0;2.0
11/03/2022;BR;55211.0;;29305114.0;119571.0;174752176.0;-2.0;44.0;5.0;5.0;33.0;2.0
12/03/2022;BR;45020.0;;29350134.0;302292.0;175054468.0;2.0;44.0;-2.0;-1.0;25.0;4.0
13/03/2022;BR;18642.0;;29368776.0;37254.0;175091722.0;-5.0;41.0;-6.0;-8.0;22.0;5.0
14/03/2022;BR;11287.0;;29380063.0;93646.0;175185368.0;-9.0;35.0;-6.0;4.0;34.0;3.0
15/03/2022;BR;52094.0;;29432157.0;45729.0;175231097.0;-7.0;39.0;-4.0;5.0;29.0;3.0
16/03/2022;BR;45882.0;;29478039.0;80732.0;175311829.0;-5.0;37.0;5.0;4.0;29.0;3.0
17/03/2022;BR;49601.0;;29527640.0;82410.0;175394239.0;-4.0;42.0;13.0;5.0;30.0;2.0
18/03/2022;BR;45472.0;;29573112.0;165017.0;175559256.0;-1.0;44.0;10.0;7.0;34.0;2.0
19/03/2022;BR;44154.0;;29617266.0;73842.0;175633098.0;2.0;43.0;4.0;0.0;22.0;3.0
20/03/2022;BR;13218.0;;29630484.0;17962.0;175651060.0;-6.0;42.0;-6.0;-9.0;20.0;5.0
21/03/2022;BR;11110.0;;29641594.0;104310.0;175755370.0;-9.0;38.0;-9.0;4.0;35.0;3.0
22/03/2022;BR;41021.0;;29682615.0;51790.0;175807160.0;-8.0;39.0;-4.0;4.0;30.0;3.0
23/03/2022;BR;47376.0;;29729991.0;66272.0;175873432.0;-5.0;36.0;4.0;4.0;31.0;3.0
24/03/2022;BR;37690.0;;29767681.0;58350.0;175931782.0;-6.0;40.0;8.0;5.0;32.0;2.0
25/03/2022;BR;34576.0;;29802257.0;70592.0;176002374.0;-3.0;43.0;8.0;5.0;34.0;2.0
26/03/2022;BR;29922.0;;29832179.0;27774.0;176030148.0;0.0;42.0;5.0;-1.0;25.0;3.0
27/03/2022;BR;10239.0;;29842418.0;40227.0;176070375.0;-6.0;41.0;-1.0;-7.0;20.0;4.0
28/03/2022;BR;9923.0;;29852341.0;68321.0;176138696.0;-11.0;34.0;-5.0;4.0;37.0;3.0
29/03/2022;BR;30056.0;;29882397.0;192223.0;176330919.0;-9.0;37.0;-3.0;2.0;32.0;2.0
30/03/2022;BR;33937.0;;29916334.0;91152.0;176422071.0;-6.0;38.0;4.0;3.0;33.0;2.0
31/03/2022;BR;31561.0;;29947895.0;55218.0;176477289.0;-6.0;47.0;3.0;3.0;34.0;2.0
01/04/2022;BR;27270.0;;29975165.0;51435.0;176528724.0;-3.0;49.0;-3.0;4.0;38.0;1.0
02/04/2022;BR;17062.0;;29992227.0;35136.0;176563860.0;2.0;49.0;-8.0;-4.0;24.0;3.0
03/04/2022;BR;7210.0;;29999437.0;12326.0;176576186.0;-4.0;48.0;-11.0;-9.0;21.0;4.0
04/04/2022;BR;13361.0;;30012798.0;28398.0;176604584.0;-7.0;40.0;-5.0;6.0;38.0;2.0
05/04/2022;BR;27331.0;;30040129.0;70305.0;176674889.0;-5.0;44.0;-3.0;5.0;33.0;1.0
06/04/2022;BR;27120.0;;30067249.0;62790.0;176737679.0;0.0;46.0;7.0;6.0;34.0;1.0
07/04/2022;BR;26502.0;;30093751.0;48463.0;176786142.0;2.0;54.0;12.0;9.0;35.0;1.0
08/04/2022;BR;30212.0;;30123963.0;50808.0;176836950.0;5.0;54.0;7.0;11.0;38.0;1.0
09/04/2022;BR;21229.0;;30145192.0;29143.0;176866093.0;11.0;55.0;5.0;8.0;28.0;2.0
10/04/2022;BR;7210.0;;30152402.0;11754.0;176877847.0;6.0;57.0;7.0;1.0;23.0;3.0
11/04/2022;BR;8803.0;;30161205.0;50544.0;176928391.0;-2.0;48.0;-2.0;10.0;40.0;2.0
12/04/2022;BR;22724.0;;30183929.0;48837.0;176977228.0;-2.0;47.0;-1.0;8.0;34.0;2.0
13/04/2022;BR;26924.0;;30210853.0;25848.0;177003076.0;4.0;50.0;11.0;9.0;33.0;2.0
14/04/2022;BR;23171.0;;30234024.0;49654.0;177052730.0;11.0;74.0;23.0;9.0;16.0;1.0
15/04/2022;BR;13278.0;;30247302.0;8822.0;177061552.0;-34.0;17.0;28.0;-41.0;-61.0;16.0
16/04/2022;BR;2775.0;;30250077.0;66538.0;177128090.0;0.0;53.0;15.0;-10.0;6.0;5.0
17/04/2022;BR;2541.0;;30252618.0;3263.0;177131353.0;-11.0;39.0;-3.0;-3.0;19.0;1.0
18/04/2022;BR;8470.0;;30261088.0;33496.0;177164849.0;-7.0;37.0;-4.0;8.0;36.0;3.0
19/04/2022;BR;14131.0;;30275219.0;272711.0;177437560.0;-6.0;38.0;-1.0;6.0;32.0;2.0
20/04/2022;BR;36750.0;;30311969.0;34243.0;177471803.0;6.0;48.0;15.0;9.0;31.0;0.0
21/04/2022;BR;18660.0;;30330629.0;40385.0;177512188.0;-18.0;25.0;42.0;-34.0;-46.0;14.0
22/04/2022;BR;8068.0;;30338697.0;10978.0;177523166.0;0.0;48.0;24.0;-10.0;2.0;7.0
23/04/2022;BR;6957.0;;30345654.0;18732.0;177541898.0;-3.0;39.0;14.0;-4.0;18.0;4.0
24/04/2022;BR;3809.0;;30349463.0;137.0;177542035.0;-2.0;44.0;10.0;0.0;22.0;3.0
25/04/2022;BR;6456.0;;30355919.0;29214.0;177571249.0;-8.0;40.0;-4.0;9.0;39.0;3.0
26/04/2022;BR;22142.0;;30378061.0;25302.0;177596551.0;-7.0;41.0;-3.0;9.0;36.0;2.0
27/04/2022;BR;20943.0;;30399004.0;61331.0;177657882.0;-4.0;39.0;7.0;8.0;36.0;2.0
28/04/2022;BR;19916.0;;30418920.0;41557.0;177699439.0;-5.0;44.0;9.0;8.0;37.0;2.0
29/04/2022;BR;14122.0;;30433042.0;33380.0;177732819.0;0.0;51.0;4.0;9.0;40.0;1.0
30/04/2022;BR;15194.0;;30448236.0;9851.0;177742670.0;4.0;53.0;-6.0;0.0;29.0;3.0
01/05/2022;BR;6263.0;;30454499.0;12396.0;177755066.0;0.0;45.0;3.0;-3.0;21.0;4.0
02/05/2022;BR;6498.0;;30460997.0;40642.0;177795708.0;-5.0;48.0;-7.0;9.0;41.0;2.0
03/05/2022;BR;21432.0;;30482429.0;40267.0;177835975.0;-5.0;46.0;-8.0;8.0;35.0;2.0
04/05/2022;BR;20072.0;;30502501.0;68448.0;177904423.0;-1.0;44.0;-3.0;6.0;36.0;2.0
05/05/2022;BR;21682.0;;30524183.0;21054.0;177925477.0;3.0;55.0;6.0;9.0;38.0;1.0
06/05/2022;BR;19725.0;;30543908.0;48252.0;177973729.0;12.0;63.0;6.0;12.0;41.0;0.0
07/05/2022;BR;14622.0;;30558530.0;9591.0;177983320.0;23.0;74.0;1.0;10.0;29.0;1.0
08/05/2022;BR;6006.0;;30564536.0;10143.0;177993463.0;12.0;71.0;-6.0;3.0;31.0;0.0
09/05/2022;BR;9709.0;;30574245.0;23362.0;178016825.0;-2.0;48.0;-5.0;10.0;41.0;2.0
10/05/2022;BR;20143.0;;30594388.0;16124.0;178032949.0;-2.0;48.0;-5.0;9.0;36.0;2.0
11/05/2022;BR;23398.0;;30617786.0;144158.0;178177107.0;-1.0;44.0;3.0;8.0;36.0;2.0
12/05/2022;BR;21344.0;;30639130.0;47630.0;178224737.0;-2.0;48.0;8.0;8.0;37.0;1.0
13/05/2022;BR;25609.0;;30664739.0;11698.0;178236435.0;2.0;49.0;7.0;9.0;40.0;1.0
14/05/2022;BR;17355.0;;30682094.0;1510.0;178237945.0;7.0;49.0;0.0;4.0;27.0;3.0
15/05/2022;BR;6296.0;;30688390.0;1631.0;178239576.0;-2.0;48.0;-9.0;-5.0;21.0;5.0
16/05/2022;BR;13510.0;;30701900.0;12854.0;178252430.0;-6.0;43.0;-7.0;8.0;41.0;2.0
17/05/2022;BR;26386.0;;30728286.0;17071.0;178269501.0;-7.0;42.0;-8.0;6.0;36.0;3.0
18/05/2022;BR;13525.0;;30741811.0;30180.0;178299681.0;-6.0;40.0;-2.0;3.0;35.0;4.0
19/05/2022;BR;10415.0;;30752226.0;35088.0;178334769.0;-5.0;46.0;2.0;5.0;36.0;3.0
20/05/2022;BR;10187.0;;30762413.0;8702.0;178343471.0;-1.0;51.0;0.0;7.0;40.0;2.0
21/05/2022;BR;16194.0;;30778607.0;4330.0;178347801.0;5.0;51.0;-2.0;2.0;26.0;3.0
22/05/2022;BR;12613.0;;30791220.0;362.0;178348163.0;-2.0;51.0;-3.0;-6.0;22.0;5.0
23/05/2022;BR;12775.0;;30803995.0;359921.0;178708084.0;-7.0;42.0;-7.0;7.0;42.0;3.0
24/05/2022;BR;32820.0;;30836815.0;49834.0;178757918.0;-7.0;42.0;-5.0;6.0;36.0;3.0
25/05/2022;BR;9787.0;;30846602.0;26791.0;178784709.0;-4.0;42.0;3.0;6.0;36.0;3.0
26/05/2022;BR;33910.0;;30880512.0;47459.0;178832168.0;-5.0;46.0;7.0;7.0;37.0;2.0
27/05/2022;BR;40633.0;;30921145.0;57903.0;178890071.0;-2.0;49.0;2.0;8.0;40.0;2.0
28/05/2022;BR;24239.0;;30945384.0;37192.0;178927263.0;0.0;47.0;-4.0;1.0;26.0;3.0
29/05/2022;BR;8195.0;;30953579.0;5786.0;178933049.0;-5.0;48.0;-7.0;-5.0;22.0;5.0
30/05/2022;BR;24082.0;;30977661.0;19664.0;178952713.0;-10.0;42.0;-11.0;5.0;42.0;3.0
31/05/2022;BR;41377.0;;31019038.0;8738.0;178961451.0;-8.0;48.0;-11.0;4.0;37.0;3.0
01/06/2022;BR;40979.0;;31060017.0;30433.0;178991884.0;-4.0;49.0;-1.0;5.0;37.0;3.0
02/06/2022;BR;41273.0;;31101290.0;23735.0;179015619.0;-4.0;53.0;1.0;6.0;38.0;3.0
03/06/2022;BR;36189.0;;31137479.0;64353.0;179079972.0;0.0;55.0;0.0;7.0;41.0;2.0
04/06/2022;BR;15590.0;;31153069.0;46023.0;179125995.0;6.0;57.0;-7.0;1.0;27.0;3.0
05/06/2022;BR;6266.0;;31159335.0;8999.0;179134994.0;-1.0;56.0;-9.0;-5.0;22.0;5.0
06/06/2022;BR;35783.0;;31195118.0;12875.0;179147869.0;-3.0;51.0;-7.0;9.0;43.0;3.0
07/06/2022;BR;71045.0;;31266163.0;36786.0;179184655.0;-1.0;54.0;-5.0;8.0;37.0;3.0
08/06/2022;BR;49614.0;;31315777.0;15827.0;179200482.0;2.0;51.0;4.0;8.0;37.0;3.0
09/06/2022;BR;45073.0;;31360850.0;103209.0;179303691.0;0.0;53.0;6.0;8.0;38.0;3.0
10/06/2022;BR;56491.0;;31417341.0;9817.0;179313508.0;4.0;55.0;2.0;9.0;41.0;2.0
11/06/2022;BR;27796.0;;31445137.0;14008.0;179327516.0;10.0;55.0;-5.0;4.0;30.0;3.0
12/06/2022;BR;11728.0;;31456865.0;5029.0;179332545.0;13.0;57.0;0.0;-3.0;23.0;5.0
13/06/2022;BR;40173.0;;31497038.0;9194.0;179341739.0;-5.0;44.0;-3.0;7.0;38.0;3.0
14/06/2022;BR;44441.0;;31541479.0;12993.0;179354732.0;-6.0;44.0;-6.0;3.0;36.0;3.0
15/06/2022;BR;70290.0;;31611769.0;15102.0;179369834.0;7.0;53.0;12.0;11.0;36.0;1.0
16/06/2022;BR;32934.0;;31644703.0;84430.0;179454264.0;-16.0;31.0;36.0;-30.0;-43.0;14.0
17/06/2022;BR;28672.0;;31673375.0;5736.0;179460000.0;1.0;54.0;15.0;-8.0;3.0;8.0
18/06/2022;BR;20127.0;;31693502.0;6698.0;179466698.0;-1.0;46.0;3.0;-5.0;20.0;5.0
19/06/2022;BR;10691.0;;31704193.0;2215.0;179468913.0;-7.0;44.0;-7.0;-5.0;20.0;5.0
20/06/2022;BR;50272.0;;31754465.0;19866.0;179488779.0;-6.0;48.0;-5.0;9.0;41.0;3.0
21/06/2022;BR;64362.0;;31818827.0;27814.0;179516593.0;-6.0;47.0;-3.0;6.0;36.0;3.0
22/06/2022;BR;71906.0;;31890733.0;25477.0;179542070.0;-4.0;45.0;6.0;6.0;35.0;3.0
23/06/2022;BR;72049.0;;31962782.0;28021.0;179570091.0;-3.0;53.0;18.0;6.0;33.0;3.0
24/06/2022;BR;60384.0;;32023166.0;14194.0;179584285.0;-5.0;44.0;13.0;2.0;27.0;4.0
25/06/2022;BR;38793.0;;32061959.0;2175.0;179586460.0;-1.0;48.0;3.0;0.0;26.0;4.0
26/06/2022;BR;16679.0;;32078638.0;1710.0;179588170.0;-8.0;45.0;-9.0;-10.0;21.0;6.0
27/06/2022;BR;51678.0;;32130316.0;15241.0;179603411.0;-9.0;42.0;-6.0;5.0;39.0;4.0
28/06/2022;BR;76638.0;;32206954.0;64725.0;179668136.0;-7.0;44.0;-2.0;5.0;34.0;4.0
29/06/2022;BR;75925.0;;32282879.0;12888.0;179681024.0;-6.0;41.0;6.0;0.0;30.0;5.0
30/06/2022;BR;75139.0;;32358018.0;19709.0;179700733.0;-1.0;56.0;11.0;6.0;34.0;3.0
01/07/2022;BR;76045.0;;32434063.0;49962.0;179750695.0;2.0;59.0;8.0;8.0;35.0;3.0
02/07/2022;BR;37784.0;;32471847.0;10877.0;179761572.0;4.0;56.0;5.0;4.0;26.0;4.0
03/07/2022;BR;18575.0;;32490422.0;15440.0;179777012.0;0.0;56.0;3.0;-2.0;22.0;5.0
04/07/2022;BR;45501.0;;32535923.0;10628.0;179787640.0;-5.0;49.0;-3.0;6.0;33.0;4.0
05/07/2022;BR;74591.0;;32610514.0;20774.0;179808414.0;-2.0;51.0;1.0;6.0;29.0;4.0
06/07/2022;BR;77166.0;;32687680.0;4251.0;179812665.0;4.0;54.0;12.0;7.0;29.0;4.0
07/07/2022;BR;72050.0;;32759730.0;49902.0;179862567.0;5.0;60.0;16.0;8.0;29.0;3.0
08/07/2022;BR;71114.0;;32830844.0;3937.0;179866504.0;6.0;59.0;13.0;10.0;31.0;3.0
09/07/2022;BR;43657.0;;32874501.0;17077.0;179883581.0;8.0;56.0;14.0;6.0;20.0;3.0
10/07/2022;BR;21963.0;;32896464.0;2387.0;179885968.0;6.0;58.0;14.0;3.0;22.0;3.0
11/07/2022;BR;44043.0;;32940507.0;13276.0;179899244.0;0.0;50.0;5.0;7.0;27.0;4.0
12/07/2022;BR;64048.0;;33004555.0;4246.0;179903490.0;-2.0;46.0;4.0;5.0;23.0;4.0
13/07/2022;BR;72224.0;;33076779.0;17104.0;179920594.0;0.0;44.0;10.0;3.0;23.0;5.0
14/07/2022;BR;65379.0;;33142158.0;24053.0;179944647.0;-1.0;47.0;16.0;5.0;23.0;5.0
15/07/2022;BR;107959.0;;33250117.0;6291.0;179950938.0;1.0;46.0;17.0;5.0;25.0;5.0
16/07/2022;BR;40149.0;;33290266.0;16806.0;179967744.0;4.0;49.0;15.0;6.0;23.0;3.0
17/07/2022;BR;10852.0;;33301118.0;2680.0;179970424.0;2.0;51.0;13.0;0.0;21.0;4.0
18/07/2022;BR;38697.0;;33339815.0;5133.0;179975557.0;-4.0;43.0;6.0;4.0;23.0;9.0
19/07/2022;BR;57999.0;;33397814.0;100169.0;180075726.0;-3.0;43.0;8.0;4.0;19.0;10.0
20/07/2022;BR;56480.0;;33454294.0;6739.0;180082465.0;2.0;46.0;18.0;5.0;20.0;5.0
21/07/2022;BR;51433.0;;33505727.0;68251.0;180150716.0;1.0;50.0;25.0;6.0;21.0;4.0
22/07/2022;BR;49799.0;;33555526.0;20744.0;180171460.0;3.0;51.0;25.0;7.0;25.0;4.0
23/07/2022;BR;26007.0;;33581533.0;9001.0;180180461.0;5.0;50.0;24.0;6.0;25.0;4.0
24/07/2022;BR;9823.0;;33591356.0;14488.0;180194949.0;1.0;47.0;20.0;0.0;20.0;5.0
25/07/2022;BR;30609.0;;33621965.0;6796.0;180201745.0;-4.0;45.0;8.0;5.0;27.0;5.0
26/07/2022;BR;37914.0;;33659879.0;59015.0;180260760.0;-3.0;45.0;10.0;5.0;25.0;4.0
27/07/2022;BR;44514.0;;33704393.0;5376.0;180266136.0;1.0;46.0;20.0;6.0;28.0;4.0
28/07/2022;BR;44592.0;;33748985.0;-297467.0;179968669.0;1.0;51.0;23.0;7.0;28.0;4.0
29/07/2022;BR;41713.0;;33790698.0;16827.0;179985496.0;3.0;57.0;13.0;6.0;31.0;4.0
30/07/2022;BR;22889.0;;33813587.0;9653.0;179995149.0;7.0;57.0;11.0;4.0;27.0;4.0
31/07/2022;BR;20313.0;;33833900.0;4623.0;179999772.0;5.0;59.0;13.0;0.0;25.0;4.0
01/08/2022;BR;22064.0;;33855964.0;164502.0;180164274.0;-1.0;55.0;2.0;10.0;40.0;3.0
02/08/2022;BR;34464.0;;33890428.0;59682.0;180223956.0;-2.0;53.0;0.0;9.0;37.0;3.0
03/08/2022;BR;33633.0;;33924061.0;15027.0;180238983.0;1.0;50.0;9.0;9.0;38.0;3.0
04/08/2022;BR;40433.0;;33964494.0;0.0;180238983.0;2.0;56.0;14.0;10.0;39.0;2.0
05/08/2022;BR;29976.0;;33994470.0;57949.0;180296932.0;9.0;65.0;14.0;12.0;40.0;2.0
06/08/2022;BR;16703.0;;34011173.0;22616.0;180319548.0;12.0;63.0;4.0;6.0;27.0;3.0
07/08/2022;BR;7198.0;;34018371.0;75575.0;180395123.0;3.0;60.0;-2.0;-3.0;23.0;5.0
08/08/2022;BR;17409.0;;34035780.0;59106.0;180454229.0;-1.0;53.0;-4.0;10.0;42.0;3.0
09/08/2022;BR;30220.0;;34066000.0;20386.0;180474615.0;-3.0;49.0;-6.0;9.0;38.0;3.0
10/08/2022;BR;30935.0;;34096935.0;29265.0;180503880.0;0.0;49.0;2.0;7.0;37.0;4.0
11/08/2022;BR;27644.0;;34124579.0;47155.0;180551035.0;2.0;54.0;10.0;9.0;39.0;3.0
12/08/2022;BR;23552.0;;34148131.0;33745.0;180584780.0;8.0;60.0;11.0;12.0;42.0;2.0
13/08/2022;BR;17726.0;;34165857.0;15954.0;180600734.0;14.0;66.0;10.0;8.0;30.0;3.0
14/08/2022;BR;4429.0;;34170286.0;2796.0;180603530.0;6.0;67.0;10.0;3.0;29.0;3.0
15/08/2022;BR;7954.0;;34178240.0;18750.0;180622280.0;-3.0;47.0;9.0;9.0;33.0;6.0
16/08/2022;BR;23040.0;;34201280.0;0.0;180622280.0;-2.0;50.0;5.0;12.0;38.0;5.0
17/08/2022;BR;21927.0;;34223207.0;0.0;180622280.0;1.0;47.0;14.0;12.0;40.0;6.0
18/08/2022;BR;22167.0;;34245374.0;65565.0;180687845.0;-1.0;50.0;15.0;10.0;40.0;6.0
19/08/2022;BR;18863.0;;34264237.0;11793.0;180699638.0;0.0;52.0;6.0;7.0;43.0;6.0
20/08/2022;BR;15548.0;;34279785.0;35173.0;180734811.0;5.0;54.0;1.0;0.0;30.0;7.0
21/08/2022;BR;5079.0;;34284864.0;11383.0;180746194.0;1.0;54.0;1.0;-6.0;25.0;8.0
22/08/2022;BR;6218.0;;34291082.0;17280.0;180763474.0;-2.0;49.0;3.0;12.0;45.0;6.0
23/08/2022;BR;20241.0;;34311323.0;125306.0;180888780.0;-1.0;48.0;5.0;12.0;41.0;6.0
24/08/2022;BR;18277.0;;34329600.0;48691.0;180937471.0;1.0;47.0;16.0;11.0;41.0;6.0
25/08/2022;BR;21039.0;;34350639.0;16678.0;180954149.0;1.0;52.0;22.0;12.0;42.0;5.0
26/08/2022;BR;18270.0;;34368909.0;22073.0;180976222.0;4.0;54.0;20.0;12.0;44.0;5.0
27/08/2022;BR;12386.0;;34381295.0;8604.0;180984826.0;8.0;53.0;19.0;5.0;31.0;6.0
28/08/2022;BR;3452.0;;34384747.0;385.0;180985211.0;0.0;54.0;8.0;-3.0;26.0;6.0
29/08/2022;BR;12458.0;;34397205.0;67653.0;181052864.0;-7.0;43.0;-4.0;7.0;45.0;5.0
30/08/2022;BR;16806.0;;34414011.0;14767.0;181067631.0;-3.0;48.0;-1.0;8.0;41.0;4.0
31/08/2022;BR;15842.0;;34429853.0;33959.0;181101590.0;3.0;53.0;11.0;10.0;42.0;3.0
01/09/2022;BR;14821.0;;34444674.0;16426.0;181118016.0;5.0;62.0;19.0;12.0;42.0;1.0
02/09/2022;BR;11471.0;;34456145.0;15244.0;181133260.0;7.0;60.0;13.0;12.0;44.0;1.0
03/09/2022;BR;11722.0;;34467867.0;19912.0;181153172.0;9.0;60.0;7.0;4.0;29.0;3.0
04/09/2022;BR;2909.0;;34470776.0;4357.0;181157529.0;0.0;57.0;-2.0;-9.0;23.0;6.0
05/09/2022;BR;6763.0;;34477539.0;7067.0;181164596.0;1.0;53.0;4.0;10.0;45.0;2.0
06/09/2022;BR;13392.0;;34490931.0;27976.0;181192572.0;12.0;66.0;11.0;13.0;40.0;0.0
07/09/2022;BR;8892.0;;34499823.0;5964.0;181198536.0;-10.0;32.0;49.0;-35.0;-50.0;16.0
08/09/2022;BR;4206.0;;34504029.0;8381.0;181206917.0;7.0;63.0;28.0;12.0;36.0;2.0
09/09/2022;BR;12710.0;;34516739.0;23212.0;181230129.0;10.0;61.0;25.0;13.0;40.0;2.0
10/09/2022;BR;9409.0;;34526148.0;7222.0;181237351.0;12.0;59.0;18.0;7.0;29.0;3.0
11/09/2022;BR;2477.0;;34528625.0;1907.0;181239258.0;4.0;57.0;6.0;-2.0;26.0;4.0
12/09/2022;BR;5332.0;;34533957.0;8536.0;181247794.0;0.0;50.0;0.0;13.0;48.0;2.0
13/09/2022;BR;10420.0;;34544377.0;40592.0;181288386.0;;;;;;
14/09/2022;BR;14525.0;;34558902.0;20354.0;181308740.0;;;;;;
15/09/2022;BR;9931.0;;34568833.0;13436.0;181322176.0;;;;;;
01/01/2020;CN;0.0;;0.0;;;;;;;;
02/01/2020;CN;1.0;;1.0;;;;;;;;
03/01/2020;CN;0.0;;1.0;;;;;;;;
04/01/2020;CN;3.0;;4.0;;;;;;;;
05/01/2020;CN;0.0;;4.0;;;;;;;;
06/01/2020;CN;0.0;;4.0;;;;;;;;
07/01/2020;CN;0.0;;4.0;;;;;;;;
08/01/2020;CN;0.0;;4.0;;;;;;;;
09/01/2020;CN;0.0;;4.0;;;;;;;;
10/01/2020;CN;41.0;;45.0;;;;;;;;
11/01/2020;CN;0.0;;45.0;;;;;;;;
12/01/2020;CN;0.0;;45.0;;;;;;;;
13/01/2020;CN;0.0;;45.0;;;;;;;;
14/01/2020;CN;0.0;;45.0;;;;;;;;
15/01/2020;CN;4.0;;49.0;;;;;;;;
16/01/2020;CN;0.0;;49.0;;;;;;;;
17/01/2020;CN;76.0;;125.0;;;;;;;;
18/01/2020;CN;77.0;;202.0;;;;;;;;
19/01/2020;CN;93.0;;295.0;;;;;;;;
20/01/2020;CN;147.0;;442.0;;;;;;;;
21/01/2020;CN;132.0;;574.0;;;;;;;;
22/01/2020;CN;261.0;;835.0;;;;;;;;
23/01/2020;CN;462.0;;1297.0;;;;;;;;
24/01/2020;CN;688.0;;1985.0;;;;;;;;
25/01/2020;CN;776.0;;2761.0;;;;;;;;
26/01/2020;CN;1772.0;;4533.0;;;;;;;;
27/01/2020;CN;1464.0;;5997.0;;;;;;;;
28/01/2020;CN;1739.0;;7736.0;;;;;;;;
29/01/2020;CN;1984.0;;9720.0;;;;;;;;
30/01/2020;CN;2101.0;;11821.0;;;;;;;;
31/01/2020;CN;2590.0;;14411.0;;;;;;;;
01/02/2020;CN;2827.0;;17238.0;;;;;;;;
02/02/2020;CN;3233.0;;20471.0;;;;;;;;
03/02/2020;CN;3892.0;;24363.0;;;;;;;;
04/02/2020;CN;3697.0;;28060.0;;;;;;;;
05/02/2020;CN;3151.0;;31211.0;;;;;;;;
06/02/2020;CN;3387.0;;34598.0;;;;;;;;
07/02/2020;CN;2653.0;;37251.0;;;;;;;;
08/02/2020;CN;2984.0;;40235.0;;;;;;;;
09/02/2020;CN;2473.0;;42708.0;;;;;;;;
10/02/2020;CN;2022.0;;44730.0;;;;;;;;
11/02/2020;CN;15152.0;;59882.0;;;;;;;;
12/02/2020;CN;4050.0;;63932.0;;;;;;;;
13/02/2020;CN;2644.0;;66576.0;;;;;;;;
14/02/2020;CN;2008.0;;68584.0;;;;;;;;
15/02/2020;CN;2051.0;;70635.0;;;;;;;;
16/02/2020;CN;1893.0;;72528.0;;;;;;;;
17/02/2020;CN;1750.0;;74278.0;;;;;;;;
18/02/2020;CN;397.0;;74675.0;;;;;;;;
19/02/2020;CN;893.0;;75568.0;;;;;;;;
20/02/2020;CN;825.0;;76393.0;;;;;;;;
21/02/2020;CN;649.0;;77042.0;;;;;;;;
22/02/2020;CN;220.0;;77262.0;;;;;;;;
23/02/2020;CN;517.0;;77779.0;;;;;;;;
24/02/2020;CN;411.0;;78190.0;;;;;;;;
25/02/2020;CN;440.0;;78630.0;;;;;;;;
26/02/2020;CN;329.0;;78959.0;;;;;;;;
27/02/2020;CN;430.0;;79389.0;;;;;;;;
28/02/2020;CN;579.0;;79968.0;;;;;;;;
29/02/2020;CN;206.0;;80174.0;;;;;;;;
01/03/2020;CN;128.0;;80302.0;;;;;;;;
02/03/2020;CN;120.0;;80422.0;;;;;;;;
03/03/2020;CN;143.0;;80565.0;;;;;;;;
04/03/2020;CN;145.0;;80710.0;;;;;;;;
05/03/2020;CN;103.0;;80813.0;;;;;;;;
06/03/2020;CN;46.0;;80859.0;;;;;;;;
07/03/2020;CN;45.0;;80904.0;;;;;;;;
08/03/2020;CN;20.0;;80924.0;;;;;;;;
09/03/2020;CN;31.0;;80955.0;;;;;;;;
10/03/2020;CN;25.0;;80980.0;;;;;;;;
11/03/2020;CN;11.0;;80991.0;;;;;;;;
12/03/2020;CN;30.0;;81021.0;;;;;;;;
13/03/2020;CN;27.0;;81048.0;;;;;;;;
14/03/2020;CN;29.0;;81077.0;;;;;;;;
15/03/2020;CN;40.0;;81117.0;;;;;;;;
16/03/2020;CN;34.0;;81085.0;;;;;;;;
17/03/2020;CN;45.0;;81130.0;;;;;;;;
18/03/2020;CN;71.0;;81201.0;;;;;;;;
19/03/2020;CN;46.0;;81247.0;;;;;;;;
20/03/2020;CN;138.0;;81385.0;;;;;;;;
21/03/2020;CN;31.0;;81416.0;;;;;;;;
22/03/2020;CN;146.0;;81562.0;;;;;;;;
23/03/2020;CN;87.0;;81649.0;;;;;;;;
24/03/2020;CN;154.0;;81803.0;;;;;;;;
25/03/2020;CN;93.0;;81896.0;;;;;;;;
26/03/2020;CN;138.0;;82034.0;;;;;;;;
27/03/2020;CN;127.0;;82161.0;;;;;;;;
28/03/2020;CN;118.0;;82279.0;;;;;;;;
29/03/2020;CN;140.0;;82419.0;;;;;;;;
30/03/2020;CN;86.0;;82505.0;;;;;;;;
31/03/2020;CN;94.0;;82599.0;;;;;;;;
01/04/2020;CN;32.0;;82631.0;;;;;;;;
02/04/2020;CN;140.0;;82771.0;;;;;;;;
03/04/2020;CN;86.0;;82857.0;;;;;;;;
04/04/2020;CN;35.0;;82892.0;;;;;;;;
05/04/2020;CN;66.0;;82958.0;;;;;;;;
06/04/2020;CN;81.0;;83039.0;;;;;;;;
07/04/2020;CN;56.0;;83095.0;;;;;;;;
08/04/2020;CN;94.0;;83189.0;;;;;;;;
09/04/2020;CN;75.0;;83264.0;;;;;;;;
10/04/2020;CN;59.0;;83323.0;;;;;;;;
11/04/2020;CN;77.0;;83400.0;;;;;;;;
12/04/2020;CN;119.0;;83519.0;;;;;;;;
13/04/2020;CN;88.0;;83607.0;;;;;;;;
14/04/2020;CN;90.0;;83697.0;;;;;;;;
15/04/2020;CN;50.0;;83747.0;;;;;;;;
16/04/2020;CN;51.0;;83798.0;;;;;;;;
17/04/2020;CN;358.0;;84156.0;;;;;;;;
18/04/2020;CN;24.0;;84180.0;;;;;;;;
19/04/2020;CN;45.0;;84225.0;;;;;;;;
20/04/2020;CN;14.0;;84239.0;;;;;;;;
21/04/2020;CN;32.0;;84271.0;;;;;;;;
22/04/2020;CN;18.0;;84289.0;;;;;;;;
23/04/2020;CN;13.0;;84302.0;;;;;;;;
24/04/2020;CN;10.0;;84312.0;;;;;;;;
25/04/2020;CN;18.0;;84330.0;;;;;;;;
26/04/2020;CN;8.0;;84338.0;;;;;;;;
27/04/2020;CN;3.0;;84341.0;;;;;;;;
28/04/2020;CN;26.0;;84367.0;;;;;;;;
29/04/2020;CN;2.0;;84369.0;;;;;;;;
30/04/2020;CN;4.0;;84373.0;;;;;;;;
01/05/2020;CN;14.0;;84387.0;;;;;;;;
02/05/2020;CN;4.0;;84391.0;;;;;;;;
03/05/2020;CN;2.0;;84393.0;;;;;;;;
04/05/2020;CN;7.0;;84400.0;;;;;;;;
05/05/2020;CN;4.0;;84404.0;;;;;;;;
06/05/2020;CN;3.0;;84407.0;;;;;;;;
07/05/2020;CN;2.0;;84409.0;;;;;;;;
08/05/2020;CN;7.0;;84416.0;;;;;;;;
09/05/2020;CN;0.0;;84416.0;;;;;;;;
10/05/2020;CN;19.0;;84435.0;;;;;;;;
11/05/2020;CN;15.0;;84450.0;;;;;;;;
12/05/2020;CN;1.0;;84451.0;;;;;;;;
13/05/2020;CN;7.0;;84458.0;;;;;;;;
14/05/2020;CN;6.0;;84464.0;;;;;;;;
15/05/2020;CN;5.0;;84469.0;;;;;;;;
16/05/2020;CN;9.0;;84478.0;;;;;;;;
17/05/2020;CN;9.0;;84487.0;;;;;;;;
18/05/2020;CN;7.0;;84494.0;;;;;;;;
19/05/2020;CN;9.0;;84503.0;;;;;;;;
20/05/2020;CN;3.0;;84506.0;;;;;;;;
21/05/2020;CN;2.0;;84522.0;;;;;;;;
22/05/2020;CN;16.0;;84522.0;;;;;;;;
23/05/2020;CN;0.0;;84522.0;;;;;;;;
24/05/2020;CN;3.0;;84525.0;;;;;;;;
25/05/2020;CN;11.0;;84536.0;;;;;;;;
26/05/2020;CN;7.0;;84543.0;;;;;;;;
27/05/2020;CN;1.0;;84544.0;;;;;;;;
28/05/2020;CN;3.0;;84547.0;;;;;;;;
29/05/2020;CN;14.0;;84561.0;;;;;;;;
30/05/2020;CN;4.0;;84565.0;;;;;;;;
31/05/2020;CN;5.0;;84570.0;;;;;;;;
01/06/2020;CN;19.0;;84589.0;;;;;;;;
02/06/2020;CN;14.0;;84603.0;;;;;;;;
03/06/2020;CN;-1.0;;84602.0;;;;;;;;
04/06/2020;CN;6.0;;84608.0;;;;;;;;
05/06/2020;CN;6.0;;84614.0;;;;;;;;
06/06/2020;CN;6.0;;84620.0;;;;;;;;
07/06/2020;CN;9.0;;84629.0;;;;;;;;
08/06/2020;CN;5.0;;84634.0;;;;;;;;
09/06/2020;CN;4.0;;84638.0;;;;;;;;
10/06/2020;CN;3.0;;84641.0;;;;;;;;
11/06/2020;CN;11.0;;84652.0;;;;;;;;
12/06/2020;CN;10.0;;84662.0;;;;;;;;
13/06/2020;CN;9.0;;84671.0;;;;;;;;
14/06/2020;CN;60.0;;84731.0;;;;;;;;
15/06/2020;CN;49.0;;84780.0;;;;;;;;
16/06/2020;CN;43.0;;84823.0;;;;;;;;
17/06/2020;CN;45.0;;84868.0;;;;;;;;
18/06/2020;CN;36.0;;84904.0;;;;;;;;
19/06/2020;CN;36.0;;84940.0;;;;;;;;
20/06/2020;CN;30.0;;84970.0;;;;;;;;
21/06/2020;CN;29.0;;84999.0;;;;;;;;
22/06/2020;CN;20.0;;85019.0;;;;;;;;
23/06/2020;CN;51.0;;85070.0;;;;;;;;
24/06/2020;CN;29.0;;85099.0;;;;;;;;
25/06/2020;CN;20.0;;85119.0;;;;;;;;
26/06/2020;CN;29.0;;85148.0;;;;;;;;
27/06/2020;CN;24.0;;85172.0;;;;;;;;
28/06/2020;CN;18.0;;85190.0;;;;;;;;
29/06/2020;CN;14.0;;85204.0;;;;;;;;
30/06/2020;CN;23.0;;85227.0;;;;;;;;
01/07/2020;CN;5.0;;85232.0;;;;;;;;
02/07/2020;CN;32.0;;85264.0;;;;;;;;
03/07/2020;CN;14.0;;85278.0;;;;;;;;
04/07/2020;CN;10.0;;85288.0;;;;;;;;
05/07/2020;CN;19.0;;85307.0;;;;;;;;
06/07/2020;CN;13.0;;85320.0;;;;;;;;
07/07/2020;CN;18.0;;85338.0;;;;;;;;
08/07/2020;CN;28.0;;85366.0;;;;;;;;
09/07/2020;CN;33.0;;85399.0;;;;;;;;
10/07/2020;CN;42.0;;85441.0;;;;;;;;
11/07/2020;CN;46.0;;85568.0;;;;;;;;
12/07/2020;CN;81.0;;85522.0;;;;;;;;
13/07/2020;CN;46.0;;85568.0;;;;;;;;
14/07/2020;CN;20.0;;85697.0;;;;;;;;
15/07/2020;CN;109.0;;85677.0;;;;;;;;
16/07/2020;CN;88.0;;85765.0;;;;;;;;
17/07/2020;CN;0.0;;85765.0;;;;;;;;
18/07/2020;CN;131.0;;86068.0;;;;;;;;
19/07/2020;CN;172.0;;85937.0;;;;;;;;
20/07/2020;CN;131.0;;86068.0;;;;;;;;
21/07/2020;CN;84.0;;86152.0;;;;;;;;
22/07/2020;CN;74.0;;86226.0;;;;;;;;
23/07/2020;CN;135.0;;86361.0;;;;;;;;
24/07/2020;CN;179.0;;86839.0;;;;;;;;
25/07/2020;CN;189.0;;87028.0;;;;;;;;
26/07/2020;CN;478.0;;86839.0;;;;;;;;
27/07/2020;CN;189.0;;87028.0;;;;;;;;
28/07/2020;CN;149.0;;87177.0;;;;;;;;
29/07/2020;CN;280.0;;87457.0;;;;;;;;
30/07/2020;CN;372.0;;87829.0;;;;;;;;
31/07/2020;CN;248.0;;88077.0;;;;;;;;
01/08/2020;CN;170.0;;88247.0;;;;;;;;
02/08/2020;CN;54.0;;88301.0;;;;;;;;
03/08/2020;CN;159.0;;88460.0;;;;;;;;
04/08/2020;CN;114.0;;88574.0;;;;;;;;
05/08/2020;CN;108.0;;88682.0;;;;;;;;
06/08/2020;CN;217.0;;88899.0;;;;;;;;
07/08/2020;CN;38.0;;88937.0;;;;;;;;
08/08/2020;CN;120.0;;89057.0;;;;;;;;
09/08/2020;CN;166.0;;89223.0;;;;;;;;
10/08/2020;CN;116.0;;89339.0;;;;;;;;
11/08/2020;CN;44.0;;89383.0;;;;;;;;
12/08/2020;CN;117.0;;89500.0;;;;;;;;
13/08/2020;CN;26.0;;89526.0;;;;;;;;
14/08/2020;CN;99.0;;89625.0;;;;;;;;
15/08/2020;CN;70.0;;89695.0;;;;;;;;
16/08/2020;CN;66.0;;89761.0;;;;;;;;
17/08/2020;CN;100.0;;89861.0;;;;;;;;
18/08/2020;CN;65.0;;89926.0;;;;;;;;
19/08/2020;CN;54.0;;89980.0;;;;;;;;
20/08/2020;CN;55.0;;90035.0;;;;;;;;
21/08/2020;CN;18.0;;90053.0;;;;;;;;
22/08/2020;CN;50.0;;90103.0;;;;;;;;
23/08/2020;CN;38.0;;90141.0;;;;;;;;
24/08/2020;CN;42.0;;90183.0;;;;;;;;
25/08/2020;CN;22.0;;90205.0;;;;;;;;
26/08/2020;CN;34.0;;90239.0;;;;;;;;
27/08/2020;CN;32.0;;90271.0;;;;;;;;
28/08/2020;CN;30.0;;90301.0;;;;;;;;
29/08/2020;CN;22.0;;90323.0;;;;;;;;
30/08/2020;CN;43.0;;90366.0;;;;;;;;
31/08/2020;CN;20.0;;90386.0;;;;;;;;
01/09/2020;CN;16.0;;90402.0;;;;;;;;
02/09/2020;CN;20.0;;90422.0;;;;;;;;
03/09/2020;CN;28.0;;90450.0;;;;;;;;
04/09/2020;CN;26.0;;90476.0;;;;;;;;
05/09/2020;CN;24.0;;90500.0;;;;;;;;
06/09/2020;CN;18.0;;90518.0;;;;;;;;
07/09/2020;CN;33.0;;90551.0;;;;;;;;
08/09/2020;CN;22.0;;90573.0;;;;;;;;
09/09/2020;CN;9.0;;90582.0;;;;;;;;
10/09/2020;CN;13.0;;90595.0;;;;;;;;
11/09/2020;CN;28.0;;90623.0;;;;;;;;
12/09/2020;CN;20.0;;90643.0;;;;;;;;
13/09/2020;CN;42.0;;90685.0;;;;;;;;
14/09/2020;CN;24.0;;90709.0;;;;;;;;
15/09/2020;CN;9.0;;90718.0;;;;;;;;
16/09/2020;CN;25.0;;90743.0;;;;;;;;
17/09/2020;CN;10.0;;90753.0;;;;;;;;
18/09/2020;CN;47.0;;90800.0;;;;;;;;
19/09/2020;CN;14.0;;90814.0;;;;;;;;
20/09/2020;CN;26.0;;90840.0;;;;;;;;
21/09/2020;CN;38.0;;90878.0;;;;;;;;
22/09/2020;CN;20.0;;90898.0;;;;;;;;
23/09/2020;CN;10.0;;90908.0;;;;;;;;
24/09/2020;CN;10.0;;90918.0;;;;;;;;
25/09/2020;CN;15.0;;90933.0;;;;;;;;
26/09/2020;CN;19.0;;90952.0;;;;;;;;
27/09/2020;CN;14.0;;90966.0;;;;;;;;
28/09/2020;CN;37.0;;91003.0;;;;;;;;
29/09/2020;CN;15.0;;91018.0;;;;;;;;
30/09/2020;CN;23.0;;91041.0;;;;;;;;
01/10/2020;CN;20.0;;91061.0;;;;;;;;
02/10/2020;CN;21.0;;91082.0;;;;;;;;
03/10/2020;CN;19.0;;91101.0;;;;;;;;
04/10/2020;CN;20.0;;91121.0;;;;;;;;
05/10/2020;CN;25.0;;91146.0;;;;;;;;
06/10/2020;CN;25.0;;91171.0;;;;;;;;
07/10/2020;CN;17.0;;91188.0;;;;;;;;
08/10/2020;CN;24.0;;91212.0;;;;;;;;
09/10/2020;CN;40.0;;91252.0;;;;;;;;
10/10/2020;CN;32.0;;91284.0;;;;;;;;
11/10/2020;CN;21.0;;91305.0;;;;;;;;
12/10/2020;CN;34.0;;91339.0;;;;;;;;
13/10/2020;CN;29.0;;91368.0;;;;;;;;
14/10/2020;CN;20.0;;91388.0;;;;;;;;
15/10/2020;CN;23.0;;91411.0;;;;;;;;
16/10/2020;CN;25.0;;91436.0;;;;;;;;
17/10/2020;CN;24.0;;91460.0;;;;;;;;
18/10/2020;CN;30.0;;91490.0;;;;;;;;
19/10/2020;CN;34.0;;91524.0;;;;;;;;
20/10/2020;CN;22.0;;91546.0;;;;;;;;
21/10/2020;CN;19.0;;91565.0;;;;;;;;
22/10/2020;CN;38.0;;91603.0;;;;;;;;
23/10/2020;CN;18.0;;91621.0;;;;;;;;
24/10/2020;CN;35.0;;91656.0;;;;;;;;
25/10/2020;CN;22.0;;91678.0;;;;;;;;
26/10/2020;CN;23.0;;91701.0;;;;;;;;
27/10/2020;CN;24.0;;91725.0;;;;;;;;
28/10/2020;CN;47.0;;91772.0;;;;;;;;
29/10/2020;CN;49.0;;91821.0;;;;;;;;
30/10/2020;CN;31.0;;91852.0;;;;;;;;
31/10/2020;CN;41.0;;91893.0;;;;;;;;
01/11/2020;CN;28.0;;91921.0;;;;;;;;
02/11/2020;CN;34.0;;91955.0;;;;;;;;
03/11/2020;CN;60.0;;92015.0;;;;;;;;
04/11/2020;CN;33.0;;92048.0;;;;;;;;
05/11/2020;CN;29.0;;92077.0;;;;;;;;
06/11/2020;CN;44.0;;92121.0;;;;;;;;
07/11/2020;CN;43.0;;92164.0;;;;;;;;
08/11/2020;CN;45.0;;92209.0;;;;;;;;
09/11/2020;CN;33.0;;92242.0;;;;;;;;
10/11/2020;CN;29.0;;92271.0;;;;;;;;
11/11/2020;CN;28.0;;92299.0;;;;;;;;
12/11/2020;CN;37.0;;92336.0;;;;;;;;
13/11/2020;CN;36.0;;92372.0;;;;;;;;
14/11/2020;CN;32.0;;92404.0;;;;;;;;
15/11/2020;CN;24.0;;92428.0;;;;;;;;
16/11/2020;CN;24.0;;92452.0;;;;;;;;
17/11/2020;CN;24.0;;92476.0;;;;;;;;
18/11/2020;CN;14.0;;92490.0;;;;;;;;
19/11/2020;CN;23.0;;92513.0;;;;;;;;
20/11/2020;CN;31.0;;92544.0;;;;;;;;
21/11/2020;CN;46.0;;92590.0;;;;;;;;
22/11/2020;CN;58.0;;92648.0;;;;;;;;
23/11/2020;CN;85.0;;92733.0;;;;;;;;
24/11/2020;CN;96.0;;92829.0;;;;;;;;
25/11/2020;CN;85.0;;92914.0;;;;;;;;
26/11/2020;CN;111.0;;93025.0;;;;;;;;
27/11/2020;CN;88.0;;93113.0;;;;;;;;
28/11/2020;CN;112.0;;93225.0;;;;;;;;
29/11/2020;CN;104.0;;93329.0;;;;;;;;
30/11/2020;CN;136.0;;93465.0;;;;;;;;
01/12/2020;CN;112.0;;93577.0;;;;;;;;
02/12/2020;CN;95.0;;93672.0;;;;;;;;
03/12/2020;CN;127.0;;93799.0;;;;;;;;
04/12/2020;CN;108.0;;93907.0;;;;;;;;
05/12/2020;CN;131.0;;94038.0;;;;;;;;
06/12/2020;CN;123.0;;94161.0;;;;;;;;
07/12/2020;CN;117.0;;94500.0;;;;;;;;
08/12/2020;CN;118.0;;94618.0;;;;;;;;
09/12/2020;CN;339.0;;94500.0;;;;;;;;
10/12/2020;CN;118.0;;94618.0;;;;;;;;
11/12/2020;CN;131.0;;94749.0;;;;;;;;
12/12/2020;CN;100.0;;94849.0;;;;;;;;
13/12/2020;CN;101.0;;94950.0;;;;;;;;
14/12/2020;CN;114.0;;95064.0;;;;;;;;
15/12/2020;CN;103.0;;95167.0;;;;;;;;
16/12/2020;CN;112.0;;95279.0;;;;;;;;
17/12/2020;CN;96.0;;95375.0;;;;;;;;
18/12/2020;CN;116.0;;95491.0;;;;;;;;
19/12/2020;CN;91.0;;95582.0;;;;;;;;
20/12/2020;CN;134.0;;95716.0;;;;;;;;
21/12/2020;CN;100.0;;95816.0;;;;;;;;
22/12/2020;CN;100.0;;95916.0;;;;;;;;
23/12/2020;CN;82.0;;95998.0;;;;;;;;
24/12/2020;CN;76.0;;96074.0;;;;;;;;
25/12/2020;CN;85.0;;96159.0;;;;;;;;
26/12/2020;CN;81.0;;96240.0;;;;;;;;
27/12/2020;CN;84.0;;96324.0;;;;;;;;
28/12/2020;CN;93.0;;96417.0;;;;;;;;
29/12/2020;CN;96.0;;96513.0;;;;;;;;
30/12/2020;CN;79.0;;96592.0;;;;;;;;
31/12/2020;CN;83.0;;96675.0;;;;;;;;
01/01/2021;CN;87.0;;96762.0;;;;;;;;
02/01/2021;CN;67.0;;96829.0;;;;;;;;
03/01/2021;CN;65.0;;96894.0;;;;;;;;
04/01/2021;CN;78.0;;96972.0;;;;;;;;
05/01/2021;CN;89.0;;97061.0;;;;;;;;
06/01/2021;CN;66.0;;97127.0;;;;;;;;
07/01/2021;CN;91.0;;97218.0;;;;;;;;
08/01/2021;CN;93.0;;97311.0;;;;;;;;
09/01/2021;CN;76.0;;97387.0;;;;;;;;
10/01/2021;CN;171.0;;97558.0;;;;;;;;
11/01/2021;CN;100.0;;97658.0;;;;;;;;
12/01/2021;CN;117.0;;97775.0;;;;;;;;
13/01/2021;CN;184.0;;97959.0;;;;;;;;
14/01/2021;CN;205.0;;98164.0;;;;;;;;
15/01/2021;CN;126.0;;98290.0;;;;;;;;
16/01/2021;CN;169.0;;98459.0;;;;;;;;
17/01/2021;CN;168.0;;98627.0;;;;;;;;
18/01/2021;CN;181.0;;98808.0;;;;;;;;
19/01/2021;CN;218.0;;99026.0;;;;;;;;
20/01/2021;CN;165.0;;99191.0;;;;;;;;
21/01/2021;CN;226.0;;99417.0;;;;;;;;
22/01/2021;CN;173.0;;99590.0;;;;;;;;
23/01/2021;CN;177.0;;99767.0;;;;;;;;
24/01/2021;CN;91.0;;99858.0;;;;;;;;
25/01/2021;CN;140.0;;100431.0;;;;;;;;
26/01/2021;CN;117.0;;100548.0;;;;;;;;
27/01/2021;CN;573.0;;100431.0;;;;;;;;
28/01/2021;CN;117.0;;100548.0;;;;;;;;
29/01/2021;CN;148.0;;100696.0;;;;;;;;
30/01/2021;CN;51.0;;100747.0;;;;;;;;
31/01/2021;CN;130.0;;100877.0;;;;;;;;
01/02/2021;CN;97.0;;100974.0;;;;;;;;
02/02/2021;CN;65.0;;101039.0;;;;;;;;
03/02/2021;CN;53.0;;101092.0;;;;;;;;
04/02/2021;CN;51.0;;101143.0;;;;;;;;
05/02/2021;CN;44.0;;101187.0;;;;;;;;
06/02/2021;CN;54.0;;101241.0;;;;;;;;
07/02/2021;CN;31.0;;101272.0;;;;;;;;
08/02/2021;CN;77.0;;101349.0;;;;;;;;
09/02/2021;CN;14.0;;101363.0;;;;;;;;
10/02/2021;CN;45.0;;101408.0;;;;;;;;
11/02/2021;CN;21.0;;101429.0;;;;;;;;
12/02/2021;CN;34.0;;101463.0;;;;;;;;
13/02/2021;CN;33.0;;101496.0;;;;;;;;
14/02/2021;CN;19.0;;101515.0;;;;;;;;
15/02/2021;CN;21.0;;101536.0;;;;;;;;
16/02/2021;CN;25.0;;101561.0;;;;;;;;
17/02/2021;CN;15.0;;101576.0;;;;;;;;
18/02/2021;CN;38.0;;101614.0;;;;;;;;
19/02/2021;CN;10.0;;101624.0;;;;;;;;
20/02/2021;CN;22.0;;101646.0;;;;;;;;
21/02/2021;CN;23.0;;101669.0;;;;;;;;
22/02/2021;CN;31.0;;101700.0;;;;;;;;
23/02/2021;CN;26.0;;101726.0;;;;;;;;
24/02/2021;CN;24.0;;101750.0;;;;;;;;
25/02/2021;CN;28.0;;101778.0;;;;;;;;
26/02/2021;CN;24.0;;101802.0;;;;;;;;
27/02/2021;CN;34.0;;101836.0;;;;;;;;
28/02/2021;CN;42.0;;101878.0;;;;;;;;
01/03/2021;CN;42.0;;101920.0;;;;;;;;
02/03/2021;CN;25.0;;101945.0;;;;;;;;
03/03/2021;CN;23.0;;101968.0;;;;;;;;
04/03/2021;CN;27.0;;101995.0;;;;;;;;
05/03/2021;CN;20.0;;102015.0;;;;;;;;
06/03/2021;CN;21.0;;102036.0;;;;;;;;
07/03/2021;CN;28.0;;102064.0;;;;;;;;
08/03/2021;CN;37.0;;102101.0;;;;;;;;
09/03/2021;CN;24.0;;102125.0;;;;;;;;
10/03/2021;CN;27.0;;102152.0;;;;;;;;
11/03/2021;CN;20.0;;102172.0;;;;;;;;
12/03/2021;CN;31.0;;102203.0;;;;;;;;
13/03/2021;CN;73.0;;102276.0;;;;;;;;
14/03/2021;CN;57.0;;102333.0;;;;;;;;
15/03/2021;CN;30.0;;102363.0;;;;;;;;
16/03/2021;CN;48.0;;102411.0;;;;;;;;
17/03/2021;CN;22.0;;102433.0;;;;;;;;
18/03/2021;CN;17.0;;102450.0;;;;;;;;
19/03/2021;CN;29.0;;102479.0;;;;;;;;
20/03/2021;CN;23.0;;102502.0;;;;;;;;
21/03/2021;CN;21.0;;102523.0;;;;;;;;
22/03/2021;CN;16.0;;102539.0;;;;;;;;
23/03/2021;CN;27.0;;102566.0;;;;;;;;
24/03/2021;CN;23.0;;102589.0;;;;;;;;
25/03/2021;CN;23.0;;102612.0;;;;;;;;
26/03/2021;CN;23.0;;102635.0;;;;;;;;
27/03/2021;CN;24.0;;102659.0;;;;;;;;
28/03/2021;CN;24.0;;102683.0;;;;;;;;
29/03/2021;CN;15.0;;102698.0;;;;;;;;
30/03/2021;CN;17.0;;102715.0;;;;;;;;
31/03/2021;CN;19.0;;102734.0;;;;;;;;
01/04/2021;CN;28.0;;102762.0;;;;;;;;
02/04/2021;CN;28.0;;102790.0;;;;;;;;
03/04/2021;CN;48.0;;102838.0;;;;;;;;
04/04/2021;CN;29.0;;102867.0;;;;;;;;
05/04/2021;CN;41.0;;102908.0;;;;;;;;
06/04/2021;CN;41.0;;102949.0;;;;;;;;
07/04/2021;CN;21.0;;102970.0;;;;;;;;
08/04/2021;CN;33.0;;103003.0;;;;;;;;
09/04/2021;CN;31.0;;103034.0;;;;;;;;
10/04/2021;CN;32.0;;103066.0;;;;;;;;
11/04/2021;CN;17.0;;103083.0;;;;;;;;
12/04/2021;CN;30.0;;103113.0;;;;;;;;
13/04/2021;CN;23.0;;103136.0;;;;;;;;
14/04/2021;CN;29.0;;103165.0;;;;;;;;
15/04/2021;CN;20.0;;103185.0;;;;;;;;
16/04/2021;CN;18.0;;103203.0;;;;;;;;
17/04/2021;CN;34.0;;103237.0;;;;;;;;
18/04/2021;CN;36.0;;103273.0;;;;;;;;
19/04/2021;CN;42.0;;103315.0;;;;;;;;
20/04/2021;CN;25.0;;103340.0;;;;;;;;
21/04/2021;CN;31.0;;103371.0;;;;;;;;
22/04/2021;CN;11.0;;103382.0;;;;;;;;
23/04/2021;CN;37.0;;103419.0;;;;;;;;
24/04/2021;CN;22.0;;103441.0;;;;;;;;
25/04/2021;CN;23.0;;103464.0;;;;;;;;
26/04/2021;CN;20.0;;103484.0;;;;;;;;
27/04/2021;CN;19.0;;103503.0;;;;;;;;
28/04/2021;CN;26.0;;103529.0;;;;;;;;
29/04/2021;CN;33.0;;103562.0;;;;;;;;
30/04/2021;CN;33.0;;103595.0;;;;;;;;
01/05/2021;CN;27.0;;103622.0;;;;;;;;
02/05/2021;CN;27.0;;103649.0;;;;;;;;
03/05/2021;CN;18.0;;103667.0;;;;;;;;
04/05/2021;CN;27.0;;103694.0;;;;;;;;
05/05/2021;CN;19.0;;103713.0;;;;;;;;
06/05/2021;CN;18.0;;103731.0;;;;;;;;
07/05/2021;CN;28.0;;103759.0;;;;;;;;
08/05/2021;CN;15.0;;103774.0;;;;;;;;
09/05/2021;CN;22.0;;103796.0;;;;;;;;
10/05/2021;CN;13.0;;103809.0;;;;;;;;
11/05/2021;CN;33.0;;103842.0;;;;;;;;
12/05/2021;CN;28.0;;103870.0;;;;;;;;
13/05/2021;CN;32.0;;103902.0;;;;;;;;
14/05/2021;CN;35.0;;103937.0;;;;;;;;
15/05/2021;CN;36.0;;103973.0;;;;;;;;
16/05/2021;CN;219.0;;104192.0;;;;;;;;
17/05/2021;CN;236.0;;104428.0;;;;;;;;
18/05/2021;CN;358.0;;104786.0;;;;;;;;
19/05/2021;CN;258.0;;105044.0;;;;;;;;
20/05/2021;CN;286.0;;105330.0;;;;;;;;
21/05/2021;CN;317.0;;105647.0;;;;;;;;
22/05/2021;CN;325.0;;105972.0;;;;;;;;
23/05/2021;CN;743.0;;106715.0;;;;;;;;
24/05/2021;CN;480.0;;107195.0;;;;;;;;
25/05/2021;CN;612.0;;107807.0;;;;;;;;
26/05/2021;CN;554.0;;108361.0;;;;;;;;
27/05/2021;CN;655.0;;109016.0;;;;;;;;
28/05/2021;CN;677.0;;109693.0;;;;;;;;
29/05/2021;CN;570.0;;110263.0;;;;;;;;
30/05/2021;CN;503.0;;110766.0;;;;;;;;
31/05/2021;CN;381.0;;111147.0;;;;;;;;
01/06/2021;CN;378.0;;111525.0;;;;;;;;
02/06/2021;CN;362.0;;111887.0;;;;;;;;
03/06/2021;CN;571.0;;112458.0;;;;;;;;
04/06/2021;CN;610.0;;113068.0;;;;;;;;
05/06/2021;CN;497.0;;113565.0;;;;;;;;
06/06/2021;CN;541.0;;114106.0;;;;;;;;
07/06/2021;CN;368.0;;114474.0;;;;;;;;
08/06/2021;CN;289.0;;115217.0;;;;;;;;
09/06/2021;CN;281.0;;115498.0;;622000000.0;;;;;;
10/06/2021;CN;317.0;;115815.0;0.0;;;;;;;
11/06/2021;CN;288.0;;116103.0;0.0;;;;;;;
12/06/2021;CN;1311.0;;115785.0;0.0;;;;;;;
13/06/2021;CN;206.0;;116507.0;0.0;;;;;;;
14/06/2021;CN;156.0;;116663.0;0.0;;;;;;;
15/06/2021;CN;190.0;;116853.0;0.0;;;;;;;
16/06/2021;CN;197.0;;117050.0;0.0;;;;;;;
17/06/2021;CN;219.0;;117269.0;0.0;;;;;;;
18/06/2021;CN;152.0;;117421.0;0.0;;;;;;;
19/06/2021;CN;127.0;;117548.0;0.0;;;;;;;
20/06/2021;CN;1636.0;;117421.0;0.0;;;;;;;
21/06/2021;CN;110.0;;117531.0;0.0;;;;;;;
22/06/2021;CN;121.0;;117879.0;0.0;;;;;;;
23/06/2021;CN;161.0;;118040.0;0.0;;;;;;;
24/06/2021;CN;105.0;;118145.0;0.0;;;;;;;
25/06/2021;CN;96.0;;118241.0;0.0;;;;;;;
26/06/2021;CN;117.0;;118358.0;0.0;;;;;;;
27/06/2021;CN;81.0;;118439.0;0.0;;;;;;;
28/06/2021;CN;64.0;;118503.0;0.0;;;;;;;
29/06/2021;CN;908.0;;118439.0;0.0;;;;;;;
30/06/2021;CN;64.0;;118503.0;0.0;;;;;;;
01/07/2021;CN;70.0;;118573.0;0.0;;;;;;;
02/07/2021;CN;71.0;;118644.0;0.0;;;;;;;
03/07/2021;CN;92.0;;118736.0;0.0;;;;;;;
04/07/2021;CN;96.0;;118832.0;0.0;;;;;;;
05/07/2021;CN;64.0;;118896.0;0.0;;;;;;;
06/07/2021;CN;55.0;;118951.0;0.0;;;;;;;
07/07/2021;CN;85.0;;119036.0;0.0;;;;;;;
08/07/2021;CN;58.0;;119094.0;0.0;;;;;;;
09/07/2021;CN;47.0;;119141.0;0.0;;;;;;;
10/07/2021;CN;63.0;;119204.0;0.0;;;;;;;
11/07/2021;CN;58.0;;119262.0;0.0;;;;;;;
12/07/2021;CN;59.0;;119321.0;0.0;;;;;;;
13/07/2021;CN;53.0;;119374.0;0.0;;;;;;;
14/07/2021;CN;54.0;;119428.0;0.0;;;;;;;
15/07/2021;CN;75.0;;119503.0;0.0;;;;;;;
16/07/2021;CN;36.0;;119539.0;0.0;;;;;;;
17/07/2021;CN;63.0;;119602.0;0.0;;;;;;;
18/07/2021;CN;45.0;;119647.0;0.0;;;;;;;
19/07/2021;CN;51.0;;119698.0;0.0;;;;;;;
20/07/2021;CN;86.0;;119784.0;0.0;;;;;;;
21/07/2021;CN;62.0;;119846.0;0.0;;;;;;;
22/07/2021;CN;106.0;;119952.0;0.0;;;;;;;
23/07/2021;CN;48.0;;120000.0;0.0;;;;;;;
24/07/2021;CN;61.0;;120061.0;0.0;;;;;;;
25/07/2021;CN;59.0;;120120.0;0.0;;;;;;;
26/07/2021;CN;93.0;;120213.0;0.0;;;;;;;
27/07/2021;CN;82.0;;120295.0;0.0;;;;;;;
28/07/2021;CN;104.0;;120399.0;0.0;;;;;;;
29/07/2021;CN;70.0;;120469.0;0.0;;;;;;;
30/07/2021;CN;86.0;;120555.0;0.0;;;;;;;
31/07/2021;CN;80.0;;120635.0;0.0;;;;;;;
01/08/2021;CN;90.0;;120725.0;0.0;;;;;;;
02/08/2021;CN;114.0;;120839.0;0.0;;;;;;;
03/08/2021;CN;105.0;;120944.0;0.0;;;;;;;
04/08/2021;CN;123.0;;121067.0;0.0;;;;;;;
05/08/2021;CN;110.0;;121177.0;0.0;;;;;;;
06/08/2021;CN;139.0;;121316.0;0.0;;;;;;;
07/08/2021;CN;121.0;;121437.0;0.0;;;;;;;
08/08/2021;CN;113.0;;121550.0;0.0;;;;;;;
09/08/2021;CN;134.0;;121684.0;0.0;;;;;;;
10/08/2021;CN;153.0;;121837.0;0.0;;;;;;;
11/08/2021;CN;123.0;;121960.0;0.0;;;;;;;
12/08/2021;CN;98.0;;122058.0;0.0;;;;;;;
13/08/2021;CN;110.0;;122168.0;0.0;;;;;;;
14/08/2021;CN;96.0;;122264.0;0.0;;;;;;;
15/08/2021;CN;53.0;;122317.0;0.0;;;;;;;
16/08/2021;CN;61.0;;122378.0;0.0;;;;;;;
17/08/2021;CN;55.0;;122433.0;0.0;;;;;;;
18/08/2021;CN;49.0;;122482.0;0.0;;;;;;;
19/08/2021;CN;72.0;;122554.0;0.0;;;;;;;
20/08/2021;CN;32.0;;122586.0;0.0;;;;;;;
21/08/2021;CN;31.0;;122617.0;0.0;;;;;;;
22/08/2021;CN;45.0;;122662.0;0.0;;;;;;;
23/08/2021;CN;36.0;;122698.0;0.0;;;;;;;
24/08/2021;CN;46.0;;122744.0;0.0;;;;;;;
25/08/2021;CN;33.0;;122777.0;450500000.0;1072500000.0;;;;;;
26/08/2021;CN;32.0;;122809.0;0.0;;;;;;;
27/08/2021;CN;43.0;;122852.0;0.0;;;;;;;
28/08/2021;CN;45.0;;122897.0;0.0;;;;;;;
29/08/2021;CN;45.0;;122942.0;0.0;;;;;;;
30/08/2021;CN;53.0;;122995.0;0.0;;;;;;;
31/08/2021;CN;48.0;;123043.0;0.0;;;;;;;
01/09/2021;CN;32.0;;123075.0;0.0;;;;;;;
02/09/2021;CN;33.0;;123108.0;0.0;;;;;;;
03/09/2021;CN;28.0;;123136.0;0.0;;;;;;;
04/09/2021;CN;32.0;;123168.0;0.0;;;;;;;
05/09/2021;CN;31.0;;123199.0;22500000.0;1095000000.0;;;;;;
06/09/2021;CN;32.0;;123231.0;0.0;;;;;;;
07/09/2021;CN;54.0;;123285.0;0.0;;;;;;;
08/09/2021;CN;37.0;;123322.0;0.0;;;;;;;
09/09/2021;CN;39.0;;123361.0;0.0;;;;;;;
10/09/2021;CN;26.0;;123387.0;0.0;;;;;;;
11/09/2021;CN;36.0;;123423.0;0.0;;;;;;;
12/09/2021;CN;55.0;;123478.0;0.0;;;;;;;
13/09/2021;CN;72.0;;123550.0;0.0;;;;;;;
14/09/2021;CN;92.0;;123642.0;0.0;;;;;;;
15/09/2021;CN;80.0;;123722.0;0.0;;;;;;;
16/09/2021;CN;86.0;;123808.0;0.0;;;;;;;
17/09/2021;CN;96.0;;123904.0;5842000.0;1100842000.0;;;;;;
18/09/2021;CN;57.0;;123961.0;0.0;;;;;;;
19/09/2021;CN;77.0;;124038.0;0.0;;;;;;;
20/09/2021;CN;64.0;;124102.0;0.0;;;;;;;
21/09/2021;CN;83.0;;124185.0;0.0;;;;;;;
22/09/2021;CN;47.0;;124232.0;0.0;;;;;;;
23/09/2021;CN;51.0;;124283.0;0.0;;;;;;;
24/09/2021;CN;74.0;;124357.0;0.0;;;;;;;
25/09/2021;CN;46.0;;124403.0;0.0;;;;;;;
26/09/2021;CN;44.0;;124447.0;0.0;;;;;;;
27/09/2021;CN;51.0;;124498.0;0.0;;;;;;;
28/09/2021;CN;44.0;;124542.0;0.0;;;;;;;
29/09/2021;CN;65.0;;124607.0;0.0;;;;;;;
30/09/2021;CN;22.0;;124629.0;0.0;;;;;;;
01/10/2021;CN;59.0;;124688.0;0.0;;;;;;;
02/10/2021;CN;56.0;;124744.0;0.0;;;;;;;
03/10/2021;CN;28.0;;124772.0;0.0;;;;;;;
04/10/2021;CN;33.0;;124805.0;0.0;;;;;;;
05/10/2021;CN;38.0;;124843.0;0.0;;;;;;;
06/10/2021;CN;52.0;;124895.0;0.0;;;;;;;
07/10/2021;CN;25.0;;124920.0;0.0;;;;;;;
08/10/2021;CN;34.0;;124954.0;0.0;;;;;;;
09/10/2021;CN;37.0;;124991.0;0.0;;;;;;;
10/10/2021;CN;32.0;;125023.0;0.0;;;;;;;
11/10/2021;CN;32.0;;125055.0;0.0;;;;;;;
12/10/2021;CN;30.0;;125085.0;0.0;;;;;;;
13/10/2021;CN;37.0;;125122.0;0.0;;;;;;;
14/10/2021;CN;35.0;;125157.0;0.0;;;;;;;
15/10/2021;CN;18.0;;125175.0;0.0;;;;;;;
16/10/2021;CN;14.0;;125189.0;0.0;;;;;;;
17/10/2021;CN;42.0;;125231.0;0.0;;;;;;;
18/10/2021;CN;33.0;;125264.0;0.0;;;;;;;
19/10/2021;CN;26.0;;125290.0;0.0;;;;;;;
20/10/2021;CN;36.0;;125326.0;0.0;;;;;;;
21/10/2021;CN;25.0;;125351.0;0.0;;;;;;;
22/10/2021;CN;77.0;;125428.0;0.0;;;;;;;
23/10/2021;CN;50.0;;125478.0;0.0;;;;;;;
24/10/2021;CN;41.0;;125519.0;0.0;;;;;;;
25/10/2021;CN;48.0;;125567.0;0.0;;;;;;;
26/10/2021;CN;73.0;;125640.0;0.0;;;;;;;
27/10/2021;CN;46.0;;125686.0;0.0;;;;;;;
28/10/2021;CN;61.0;;125747.0;0.0;;;;;;;
29/10/2021;CN;88.0;;125835.0;0.0;;;;;;;
30/10/2021;CN;81.0;;125916.0;0.0;;;;;;;
31/10/2021;CN;71.0;;125987.0;0.0;;;;;;;
01/11/2021;CN;99.0;;126086.0;0.0;;;;;;;
02/11/2021;CN;79.0;;126165.0;0.0;;;;;;;
03/11/2021;CN;119.0;;126284.0;0.0;;;;;;;
04/11/2021;CN;111.0;;126395.0;0.0;;;;;;;
05/11/2021;CN;84.0;;126479.0;0.0;;;;;;;
06/11/2021;CN;67.0;;126546.0;0.0;;;;;;;
07/11/2021;CN;75.0;;126621.0;0.0;;;;;;;
08/11/2021;CN;89.0;;126710.0;0.0;;;;;;;
09/11/2021;CN;65.0;;126775.0;0.0;;;;;;;
10/11/2021;CN;67.0;;126842.0;0.0;;;;;;;
11/11/2021;CN;81.0;;126923.0;0.0;;;;;;;
12/11/2021;CN;95.0;;127018.0;0.0;;;;;;;
13/11/2021;CN;86.0;;127104.0;0.0;;;;;;;
14/11/2021;CN;95.0;;127199.0;0.0;;;;;;;
15/11/2021;CN;62.0;;127261.0;0.0;;;;;;;
16/11/2021;CN;39.0;;127300.0;0.0;;;;;;;
17/11/2021;CN;31.0;;127331.0;0.0;;;;;;;
18/11/2021;CN;47.0;;127378.0;124158000.0;1225000000.0;;;;;;
19/11/2021;CN;39.0;;127417.0;0.0;;;;;;;
20/11/2021;CN;29.0;;127446.0;0.0;;;;;;;
21/11/2021;CN;17.0;;127463.0;0.0;;;;;;;
22/11/2021;CN;55.0;;127518.0;0.0;;;;;;;
23/11/2021;CN;32.0;;127550.0;0.0;;;;;;;
24/11/2021;CN;28.0;;127578.0;0.0;;;;;;;
25/11/2021;CN;34.0;;127612.0;0.0;;;;;;;
26/11/2021;CN;35.0;;127647.0;0.0;;;;;;;
27/11/2021;CN;40.0;;127687.0;0.0;;;;;;;
28/11/2021;CN;55.0;;127742.0;0.0;;;;;;;
29/11/2021;CN;42.0;;127784.0;0.0;;;;;;;
30/11/2021;CN;30.0;;127814.0;0.0;;;;;;;
01/12/2021;CN;148.0;;127962.0;0.0;;;;;;;
02/12/2021;CN;78.0;;128040.0;0.0;;;;;;;
03/12/2021;CN;101.0;;128141.0;0.0;;;;;;;
04/12/2021;CN;108.0;;128249.0;0.0;;;;;;;
05/12/2021;CN;70.0;;128319.0;0.0;;;;;;;
06/12/2021;CN;74.0;;128393.0;0.0;;;;;;;
07/12/2021;CN;163.0;;128556.0;0.0;;;;;;;
08/12/2021;CN;72.0;;128628.0;0.0;;;;;;;
09/12/2021;CN;101.0;;128729.0;0.0;;;;;;;
10/12/2021;CN;47.0;;128776.0;0.0;;;;;;;
11/12/2021;CN;124.0;;128900.0;0.0;;;;;;;
12/12/2021;CN;85.0;;128985.0;0.0;;;;;;;
13/12/2021;CN;102.0;;129087.0;0.0;;;;;;;
14/12/2021;CN;80.0;;129167.0;0.0;;;;;;;
15/12/2021;CN;90.0;;129257.0;0.0;;;;;;;
16/12/2021;CN;150.0;;129407.0;0.0;;;;;;;
17/12/2021;CN;40.0;;129447.0;0.0;;;;;;;
18/12/2021;CN;148.0;;129595.0;0.0;;;;;;;
19/12/2021;CN;84.0;;129679.0;0.0;;;;;;;
20/12/2021;CN;135.0;;129814.0;0.0;;;;;;;
21/12/2021;CN;80.0;;129894.0;0.0;;;;;;;
22/12/2021;CN;95.0;;129989.0;0.0;;;;;;;
23/12/2021;CN;163.0;;130152.0;0.0;;;;;;;
24/12/2021;CN;84.0;;130236.0;0.0;;;;;;;
25/12/2021;CN;140.0;;130376.0;0.0;;;;;;;
26/12/2021;CN;250.0;;130626.0;0.0;;;;;;;
27/12/2021;CN;232.0;;130858.0;34967000.0;1259967000.0;;;;;;
28/12/2021;CN;235.0;;131093.0;0.0;;;;;;;
29/12/2021;CN;236.0;;131329.0;0.0;;;;;;;
30/12/2021;CN;257.0;;131586.0;0.0;;;;;;;
31/12/2021;CN;194.0;;131780.0;0.0;;;;;;;
01/01/2022;CN;291.0;;132071.0;0.0;;;;;;;
02/01/2022;CN;230.0;;132301.0;0.0;;;;;;;
03/01/2022;CN;203.0;;132504.0;0.0;;;;;;;
04/01/2022;CN;236.0;;132740.0;0.0;;;;;;;
05/01/2022;CN;116.0;;132856.0;0.0;;;;;;;
06/01/2022;CN;258.0;;133114.0;2297000.0;1262264000.0;;;;;;
07/01/2022;CN;252.0;;133366.0;0.0;;;;;;;
08/01/2022;CN;218.0;;133584.0;0.0;;;;;;;
09/01/2022;CN;246.0;;133830.0;0.0;;;;;;;
10/01/2022;CN;205.0;;134035.0;0.0;;;;;;;
11/01/2022;CN;347.0;;134382.0;0.0;;;;;;;
12/01/2022;CN;254.0;;134636.0;0.0;;;;;;;
13/01/2022;CN;267.0;;134903.0;1427000.0;1263691000.0;;;;;;
14/01/2022;CN;301.0;;135204.0;0.0;;;;;;;
15/01/2022;CN;243.0;;135447.0;0.0;;;;;;;
16/01/2022;CN;173.0;;135620.0;0.0;;;;;;;
17/01/2022;CN;230.0;;135850.0;0.0;;;;;;;
18/01/2022;CN;239.0;;136089.0;0.0;;;;;;;
19/01/2022;CN;213.0;;136302.0;0.0;;;;;;;
20/01/2022;CN;74.0;;136376.0;1343000.0;1265034000.0;;;;;;
21/01/2022;CN;142.0;;136518.0;0.0;;;;;;;
22/01/2022;CN;135.0;;136653.0;0.0;;;;;;;
23/01/2022;CN;290.0;;136943.0;0.0;;;;;;;
24/01/2022;CN;207.0;;137150.0;0.0;;;;;;;
25/01/2022;CN;119.0;;137269.0;0.0;;;;;;;
26/01/2022;CN;151.0;;137420.0;0.0;;;;;;;
27/01/2022;CN;238.0;;138551.0;1036000.0;1266070000.0;;;;;;
28/01/2022;CN;248.0;;138799.0;0.0;;;;;;;
29/01/2022;CN;193.0;;138992.0;0.0;;;;;;;
30/01/2022;CN;213.0;;139205.0;0.0;;;;;;;
31/01/2022;CN;252.0;;139457.0;0.0;;;;;;;
01/02/2022;CN;207.0;;139664.0;0.0;;;;;;;
02/02/2022;CN;227.0;;139891.0;0.0;;;;;;;
03/02/2022;CN;229.0;;140120.0;0.0;;;;;;;
04/02/2022;CN;1973.0;;139393.0;0.0;;;;;;;
05/02/2022;CN;247.0;;139640.0;0.0;;;;;;;
06/02/2022;CN;368.0;;140008.0;356000.0;1266426000.0;;;;;;
07/02/2022;CN;355.0;;140363.0;0.0;;;;;;;
08/02/2022;CN;506.0;;140869.0;0.0;;;;;;;
09/02/2022;CN;260.0;;141129.0;0.0;;;;;;;
10/02/2022;CN;717.0;;141846.0;0.0;;;;;;;
11/02/2022;CN;536.0;;142382.0;0.0;;;;;;;
12/02/2022;CN;669.0;;143051.0;0.0;;;;;;;
13/02/2022;CN;244.0;;143295.0;0.0;;;;;;;
14/02/2022;CN;483.0;;143778.0;0.0;;;;;;;
15/02/2022;CN;1560.0;;145338.0;0.0;;;;;;;
16/02/2022;CN;768.0;;146106.0;0.0;;;;;;;
17/02/2022;CN;939.0;;147045.0;1754000.0;1268180000.0;;;;;;
18/02/2022;CN;615.0;;147660.0;0.0;;;;;;;
19/02/2022;CN;1618.0;;149278.0;0.0;;;;;;;
20/02/2022;CN;654.0;;149932.0;0.0;;;;;;;
21/02/2022;CN;522.0;;150454.0;0.0;;;;;;;
22/02/2022;CN;3768.0;;154222.0;0.0;;;;;;;
23/02/2022;CN;2908.0;;157130.0;0.0;;;;;;;
24/02/2022;CN;4126.0;;161256.0;1122000.0;1269302000.0;;;;;;
25/02/2022;CN;2784.0;;164040.0;0.0;;;;;;;
26/02/2022;CN;4181.0;;168221.0;0.0;;;;;;;
27/02/2022;CN;5770.0;;173991.0;0.0;;;;;;;
28/02/2022;CN;24700.0;;198691.0;0.0;;;;;;;
01/03/2022;CN;11572.0;;210263.0;0.0;;;;;;;
02/03/2022;CN;18285.0;;228548.0;0.0;;;;;;;
03/03/2022;CN;20500.0;;249048.0;0.0;;;;;;;
04/03/2022;CN;20154.0;;269202.0;0.0;;;;;;;
05/03/2022;CN;31729.0;;300931.0;0.0;;;;;;;
06/03/2022;CN;18294.0;;319225.0;0.0;;;;;;;
07/03/2022;CN;19308.0;;338533.0;0.0;;;;;;;
08/03/2022;CN;6115.0;;344648.0;0.0;;;;;;;
09/03/2022;CN;15091.0;;359739.0;0.0;;;;;;;
10/03/2022;CN;12468.0;;372207.0;0.0;;;;;;;
11/03/2022;CN;8113.0;;380320.0;0.0;;;;;;;
12/03/2022;CN;5739.0;;386059.0;0.0;;;;;;;
13/03/2022;CN;5720.0;;391779.0;3235000.0;1272537000.0;;;;;;
14/03/2022;CN;5995.0;;397774.0;0.0;;;;;;;
15/03/2022;CN;7625.0;;405399.0;0.0;;;;;;;
16/03/2022;CN;5519.0;;410918.0;933000.0;1273470000.0;;;;;;
17/03/2022;CN;4653.0;;415571.0;341000.0;1273811000.0;;;;;;
18/03/2022;CN;4563.0;;420134.0;0.0;;;;;;;
19/03/2022;CN;4164.0;;424298.0;0.0;;;;;;;
20/03/2022;CN;3770.0;;428068.0;923000.0;1274734000.0;;;;;;
21/03/2022;CN;3302.0;;431370.0;0.0;;;;;;;
22/03/2022;CN;3553.0;;434923.0;0.0;;;;;;;
23/03/2022;CN;3821.0;;438744.0;807000.0;1275541000.0;;;;;;
24/03/2022;CN;3260.0;;442004.0;0.0;;;;;;;
25/03/2022;CN;3201.0;;445205.0;0.0;;;;;;;
26/03/2022;CN;2060.0;;447265.0;0.0;;;;;;;
27/03/2022;CN;2221.0;;449486.0;0.0;;;;;;;
28/03/2022;CN;2088.0;;451574.0;0.0;;;;;;;
29/03/2022;CN;1984.0;;453558.0;0.0;;;;;;;
30/03/2022;CN;2238.0;;455796.0;2168000.0;1277709000.0;;;;;;
31/03/2022;CN;2741.0;;458537.0;0.0;;;;;;;
01/04/2022;CN;2591.0;;461128.0;0.0;;;;;;;
02/04/2022;CN;14052.0;;475180.0;0.0;;;;;;;
03/04/2022;CN;8849.0;;484029.0;0.0;;;;;;;
04/04/2022;CN;15.0;;484044.0;1015000.0;1278724000.0;;;;;;
05/04/2022;CN;4101.0;;488145.0;0.0;;;;;;;
06/04/2022;CN;2344.0;;490489.0;0.0;;;;;;;
07/04/2022;CN;2269.0;;492758.0;0.0;;;;;;;
08/04/2022;CN;2565.0;;495323.0;0.0;;;;;;;
09/04/2022;CN;2687.0;;498010.0;0.0;;;;;;;
10/04/2022;CN;2050.0;;500060.0;1432000.0;1280156000.0;;;;;;
11/04/2022;CN;41.0;;500101.0;0.0;;;;;;;
12/04/2022;CN;4687.0;;954346.0;0.0;;;;;;;
13/04/2022;CN;5046.0;;959392.0;0.0;;;;;;;
14/04/2022;CN;5650.0;;965042.0;0.0;;;;;;;
15/04/2022;CN;5326.0;;970368.0;0.0;;;;;;;
16/04/2022;CN;4490.0;;974858.0;0.0;;;;;;;
17/04/2022;CN;5108.0;;979966.0;1964000.0;1282120000.0;;;;;;
18/04/2022;CN;4803.0;;984769.0;0.0;;;;;;;
19/04/2022;CN;34156.0;;534257.0;0.0;;;;;;;
20/04/2022;CN;5508.0;;995928.0;0.0;;;;;;;
21/04/2022;CN;7129.0;;1003057.0;0.0;;;;;;;
22/04/2022;CN;6034.0;;1009091.0;0.0;;;;;;;
23/04/2022;CN;8070.0;;1017161.0;0.0;;;;;;;
24/04/2022;CN;7383.0;;1024544.0;0.0;;;;;;;
25/04/2022;CN;8361.0;;1032905.0;0.0;;;;;;;
26/04/2022;CN;10639.0;;1043544.0;2526000.0;1284646000.0;;;;;;
27/04/2022;CN;17382.0;;1060926.0;289000.0;1284935000.0;;;;;;
28/04/2022;CN;13927.0;;1074853.0;0.0;;;;;;;
29/04/2022;CN;111309.0;;645566.0;0.0;;;;;;;
30/04/2022;CN;16665.0;;662231.0;0.0;;;;;;;
01/05/2022;CN;18103.0;;680334.0;0.0;;;;;;;
02/05/2022;CN;18733.0;;699067.0;0.0;;;;;;;
03/05/2022;CN;23566.0;;722633.0;0.0;;;;;;;
04/05/2022;CN;30628.0;;1210601.0;1114000.0;1286049000.0;;;;;;
05/05/2022;CN;36540.0;;1247141.0;0.0;;;;;;;
06/05/2022;CN;44907.0;;1292048.0;0.0;;;;;;;
07/05/2022;CN;44817.0;;1336865.0;0.0;;;;;;;
08/05/2022;CN;40772.0;;1377637.0;0.0;;;;;;;
09/05/2022;CN;226267.0;;948900.0;0.0;;;;;;;
10/05/2022;CN;51208.0;;1000108.0;0.0;;;;;;;
11/05/2022;CN;379.0;;1000487.0;1146000.0;1287195000.0;;;;;;
12/05/2022;CN;122843.0;;1123330.0;0.0;;;;;;;
13/05/2022;CN;65379.0;;1188709.0;0.0;;;;;;;
14/05/2022;CN;68993.0;;1750942.0;0.0;;;;;;;
15/05/2022;CN;62011.0;;1812953.0;0.0;;;;;;;
16/05/2022;CN;65965.0;;1878918.0;0.0;;;;;;;
17/05/2022;CN;84737.0;;1963655.0;0.0;;;;;;;
18/05/2022;CN;90656.0;;2054311.0;0.0;;;;;;;
19/05/2022;CN;436310.0;;1625019.0;0.0;;;;;;;
20/05/2022;CN;240.0;;1625259.0;0.0;;;;;;;
21/05/2022;CN;170577.0;;1795836.0;1752000.0;1288947000.0;;;;;;
22/05/2022;CN;79712.0;;1875548.0;0.0;;;;;;;
23/05/2022;CN;66500.0;;1942048.0;0.0;;;;;;;
24/05/2022;CN;82571.0;;2024619.0;0.0;;;;;;;
25/05/2022;CN;82120.0;;2625810.0;637000.0;1289584000.0;;;;;;
26/05/2022;CN;94753.0;;2720563.0;0.0;;;;;;;
27/05/2022;CN;81043.0;;2801606.0;0.0;;;;;;;
28/05/2022;CN;347321.0;;2371940.0;0.0;;;;;;;
29/05/2022;CN;112.0;;2372052.0;0.0;;;;;;;
30/05/2022;CN;136723.0;;2508775.0;0.0;;;;;;;
31/05/2022;CN;80725.0;;2589500.0;976000.0;1290560000.0;;;;;;
01/06/2022;CN;88346.0;;2677846.0;0.0;;;;;;;
02/06/2022;CN;77033.0;;2754879.0;0.0;;;;;;;
03/06/2022;CN;76618.0;;2831497.0;276000.0;1290836000.0;;;;;;
04/06/2022;CN;68253.0;;2899750.0;0.0;;;;;;;
05/06/2022;CN;62179.0;;2961929.0;0.0;;;;;;;
06/06/2022;CN;53097.0;;3015026.0;0.0;;;;;;;
07/06/2022;CN;83119.0;;3098145.0;0.0;;;;;;;
08/06/2022;CN;80227.0;;3178372.0;0.0;;;;;;;
09/06/2022;CN;73000.0;;3251372.0;0.0;;;;;;;
10/06/2022;CN;68488.0;;3319860.0;0.0;;;;;;;
11/06/2022;CN;79825.0;;3399685.0;0.0;;;;;;;
12/06/2022;CN;50841.0;;3450526.0;0.0;;;;;;;
13/06/2022;CN;45330.0;;3495856.0;0.0;;;;;;;
14/06/2022;CN;66357.0;;3562213.0;0.0;;;;;;;
15/06/2022;CN;69186.0;;3631399.0;1498000.0;1292334000.0;;;;;;
16/06/2022;CN;63382.0;;3694781.0;0.0;;;;;;;
17/06/2022;CN;55476.0;;3750257.0;0.0;;;;;;;
18/06/2022;CN;53875.0;;3804132.0;0.0;;;;;;;
19/06/2022;CN;50869.0;;3855001.0;0.0;;;;;;;
20/06/2022;CN;5867.0;;3860868.0;0.0;;;;;;;
21/06/2022;CN;86600.0;;3947468.0;0.0;;;;;;;
22/06/2022;CN;52484.0;;3999952.0;1113000.0;1293447000.0;;;;;;
23/06/2022;CN;48661.0;;4048613.0;0.0;;;;;;;
24/06/2022;CN;46062.0;;4094675.0;0.0;;;;;;;
25/06/2022;CN;40702.0;;4135377.0;0.0;;;;;;;
26/06/2022;CN;39964.0;;4175341.0;598000.0;1294045000.0;;;;;;
27/06/2022;CN;28953.0;;4204294.0;0.0;;;;;;;
28/06/2022;CN;44739.0;;4249033.0;0.0;;;;;;;
29/06/2022;CN;42430.0;;4291463.0;0.0;;;;;;;
30/06/2022;CN;39407.0;;4330870.0;0.0;;;;;;;
01/07/2022;CN;36183.0;;4367053.0;0.0;;;;;;;
02/07/2022;CN;35269.0;;4402322.0;0.0;;;;;;;
03/07/2022;CN;33091.0;;4435413.0;0.0;;;;;;;
04/07/2022;CN;23476.0;;4458889.0;0.0;;;;;;;
05/07/2022;CN;36372.0;;4495261.0;0.0;;;;;;;
06/07/2022;CN;35080.0;;4530341.0;1581000.0;1295626000.0;;;;;;
07/07/2022;CN;32090.0;;4562431.0;0.0;;;;;;;
08/07/2022;CN;31034.0;;4593465.0;0.0;;;;;;;
09/07/2022;CN;28700.0;;4622165.0;0.0;;;;;;;
10/07/2022;CN;28468.0;;4650633.0;0.0;;;;;;;
11/07/2022;CN;648.0;;4651281.0;0.0;;;;;;;
12/07/2022;CN;50960.0;;4702241.0;0.0;;;;;;;
13/07/2022;CN;628.0;;4702869.0;0.0;;;;;;;
14/07/2022;CN;58251.0;;4761120.0;0.0;;;;;;;
15/07/2022;CN;736.0;;4761856.0;0.0;;;;;;;
16/07/2022;CN;51332.0;;4813188.0;0.0;;;;;;;
17/07/2022;CN;25132.0;;4838320.0;0.0;;;;;;;
18/07/2022;CN;798.0;;4839118.0;0.0;;;;;;;
19/07/2022;CN;29052.0;;5366802.0;2535000.0;1298161000.0;;;;;;
20/07/2022;CN;27138.0;;5393940.0;0.0;;;;;;;
21/07/2022;CN;99873.0;;4938991.0;475000.0;1298636000.0;;;;;;
22/07/2022;CN;24975.0;;4963966.0;0.0;;;;;;;
23/07/2022;CN;23491.0;;4987457.0;0.0;;;;;;;
24/07/2022;CN;22533.0;;5009990.0;0.0;;;;;;;
25/07/2022;CN;17800.0;;5027790.0;0.0;;;;;;;
26/07/2022;CN;25889.0;;5053679.0;0.0;;;;;;;
27/07/2022;CN;26522.0;;5080201.0;0.0;;;;;;;
28/07/2022;CN;24889.0;;5105090.0;0.0;;;;;;;
29/07/2022;CN;24207.0;;5129297.0;0.0;;;;;;;
30/07/2022;CN;22464.0;;5151761.0;0.0;;;;;;;
31/07/2022;CN;21895.0;;5173656.0;0.0;;;;;;;
01/08/2022;CN;17387.0;;5191043.0;0.0;;;;;;;
02/08/2022;CN;24317.0;;5215360.0;0.0;;;;;;;
03/08/2022;CN;24651.0;;5240011.0;0.0;;;;;;;
04/08/2022;CN;23730.0;;5263741.0;0.0;;;;;;;
05/08/2022;CN;22882.0;;5286623.0;0.0;;;;;;;
06/08/2022;CN;20853.0;;5307476.0;0.0;;;;;;;
07/08/2022;CN;23149.0;;5330625.0;0.0;;;;;;;
08/08/2022;CN;16473.0;;5347098.0;2756000.0;1301392000.0;;;;;;
09/08/2022;CN;24694.0;;5371792.0;0.0;;;;;;;
10/08/2022;CN;24942.0;;5396734.0;0.0;;;;;;;
11/08/2022;CN;24399.0;;5421133.0;0.0;;;;;;;
12/08/2022;CN;23341.0;;5444474.0;0.0;;;;;;;
13/08/2022;CN;22699.0;;5467173.0;0.0;;;;;;;
14/08/2022;CN;22520.0;;5489693.0;0.0;;;;;;;
15/08/2022;CN;17356.0;;5507049.0;0.0;;;;;;;
16/08/2022;CN;24498.0;;5531547.0;0.0;;;;;;;
17/08/2022;CN;26253.0;;5557800.0;0.0;;;;;;;
18/08/2022;CN;25114.0;;5582914.0;0.0;;;;;;;
19/08/2022;CN;24478.0;;5607392.0;0.0;;;;;;;
20/08/2022;CN;24064.0;;5631456.0;0.0;;;;;;;
21/08/2022;CN;1656.0;;5633112.0;0.0;;;;;;;
22/08/2022;CN;40764.0;;5673876.0;0.0;;;;;;;
23/08/2022;CN;27737.0;;5701613.0;0.0;;;;;;;
24/08/2022;CN;30098.0;;5731711.0;0.0;;;;;;;
25/08/2022;CN;29017.0;;5760728.0;0.0;;;;;;;
26/08/2022;CN;28550.0;;5789278.0;0.0;;;;;;;
27/08/2022;CN;27302.0;;5816580.0;0.0;;;;;;;
28/08/2022;CN;28027.0;;5844607.0;0.0;;;;;;;
29/08/2022;CN;22145.0;;5866752.0;0.0;;;;;;;
30/08/2022;CN;33147.0;;5899899.0;0.0;;;;;;;
31/08/2022;CN;36296.0;;5936195.0;0.0;;;;;;;
01/09/2022;CN;35942.0;;5972137.0;0.0;;;;;;;
02/09/2022;CN;35668.0;;6007805.0;0.0;;;;;;;
03/09/2022;CN;34700.0;;6042505.0;0.0;;;;;;;
04/09/2022;CN;36123.0;;6078628.0;0.0;;;;;;;
05/09/2022;CN;25855.0;;6104483.0;0.0;;;;;;;
06/09/2022;CN;38279.0;;6142762.0;1381000.0;1302773000.0;;;;;;
07/09/2022;CN;42764.0;;6185526.0;0.0;;;;;;;
08/09/2022;CN;36668.0;;6222194.0;0.0;;;;;;;
09/09/2022;CN;35841.0;;6258035.0;0.0;;;;;;;
10/09/2022;CN;37317.0;;6295352.0;0.0;;;;;;;
11/09/2022;CN;33433.0;;6328785.0;0.0;;;;;;;
12/09/2022;CN;26808.0;;6355593.0;0.0;;;;;;;
13/09/2022;CN;48185.0;;6403778.0;0.0;;;;;;;
14/09/2022;CN;50857.0;;6454635.0;;;;;;;;
15/09/2022;CN;46558.0;;6501193.0;;;;;;;;
01/01/2020;DE;0.0;;0.0;;;;;;;;
02/01/2020;DE;1.0;;1.0;;;;;;;;
03/01/2020;DE;0.0;;1.0;;;;;;;;
04/01/2020;DE;0.0;;1.0;;;;;;;;
05/01/2020;DE;0.0;;1.0;;;;;;;;
06/01/2020;DE;0.0;;1.0;;;;;;;;
07/01/2020;DE;0.0;;1.0;;;;;;;;
08/01/2020;DE;0.0;;1.0;;;;;;;;
09/01/2020;DE;0.0;;1.0;;;;;;;;
10/01/2020;DE;0.0;;1.0;;;;;;;;
11/01/2020;DE;0.0;;1.0;;;;;;;;
12/01/2020;DE;0.0;;1.0;;;;;;;;
13/01/2020;DE;0.0;;1.0;;;;;;;;
14/01/2020;DE;0.0;;1.0;;;;;;;;
15/01/2020;DE;0.0;;1.0;;;;;;;;
16/01/2020;DE;0.0;;1.0;;;;;;;;
17/01/2020;DE;0.0;;1.0;;;;;;;;
18/01/2020;DE;0.0;;1.0;;;;;;;;
19/01/2020;DE;0.0;;1.0;;;;;;;;
20/01/2020;DE;0.0;;1.0;;;;;;;;
21/01/2020;DE;0.0;;1.0;;;;;;;;
22/01/2020;DE;1.0;;2.0;;;;;;;;
23/01/2020;DE;0.0;;2.0;;;;;;;;
24/01/2020;DE;0.0;;2.0;;;;;;;;
25/01/2020;DE;0.0;;2.0;;;;;;;;
26/01/2020;DE;0.0;;2.0;;;;;;;;
27/01/2020;DE;2.0;;4.0;;;;;;;;
28/01/2020;DE;2.0;;6.0;;;;;;;;
29/01/2020;DE;0.0;;6.0;;;;;;;;
30/01/2020;DE;4.0;;10.0;;;;;;;;
31/01/2020;DE;1.0;;11.0;;;;;;;;
01/02/2020;DE;0.0;;11.0;;;;;;;;
02/02/2020;DE;1.0;;12.0;;;;;;;;
03/02/2020;DE;4.0;;16.0;;;;;;;;
04/02/2020;DE;2.0;;18.0;;;;;;;;
05/02/2020;DE;1.0;;19.0;;;;;;;;
06/02/2020;DE;1.0;;20.0;;;;;;;;
07/02/2020;DE;0.0;;20.0;;;;;;;;
08/02/2020;DE;0.0;;20.0;;;;;;;;
09/02/2020;DE;1.0;;21.0;;;;;;;;
10/02/2020;DE;2.0;;23.0;;;;;;;;
11/02/2020;DE;1.0;;24.0;;;;;;;;
12/02/2020;DE;0.0;;24.0;;;;;;;;
13/02/2020;DE;0.0;;24.0;;;;;;;;
14/02/2020;DE;1.0;;25.0;;;;;;;;
15/02/2020;DE;0.0;;25.0;;;6.0;1.0;45.0;10.0;0.0;-1.0
16/02/2020;DE;2.0;;27.0;;;7.0;10.0;9.0;6.0;-1.0;0.0
17/02/2020;DE;1.0;;28.0;;;2.0;2.0;7.0;1.0;-2.0;0.0
18/02/2020;DE;0.0;;28.0;;;2.0;2.0;10.0;1.0;-1.0;1.0
19/02/2020;DE;2.0;;30.0;;;3.0;0.0;6.0;-1.0;-1.0;1.0
20/02/2020;DE;0.0;;30.0;;;2.0;-1.0;14.0;3.0;-4.0;1.0
21/02/2020;DE;0.0;;30.0;;;2.0;2.0;15.0;-1.0;-8.0;2.0
22/02/2020;DE;0.0;;30.0;;;-1.0;-2.0;26.0;9.0;-3.0;0.0
23/02/2020;DE;1.0;;31.0;;;0.0;9.0;-24.0;2.0;-3.0;0.0
24/02/2020;DE;3.0;;34.0;;;2.0;-5.0;17.0;-5.0;-20.0;4.0
25/02/2020;DE;8.0;;42.0;;;-1.0;-1.0;15.0;-5.0;-13.0;4.0
26/02/2020;DE;24.0;;66.0;;;-3.0;0.0;0.0;-7.0;-5.0;2.0
27/02/2020;DE;46.0;;112.0;;;-5.0;3.0;-3.0;-5.0;-4.0;2.0
28/02/2020;DE;23.0;;135.0;;;3.0;11.0;9.0;-2.0;-5.0;2.0
29/02/2020;DE;35.0;;170.0;;;-1.0;5.0;9.0;1.0;-1.0;1.0
01/03/2020;DE;43.0;;213.0;;;8.0;18.0;21.0;4.0;1.0;0.0
02/03/2020;DE;84.0;;297.0;;;2.0;8.0;9.0;-1.0;0.0;0.0
03/03/2020;DE;157.0;;454.0;;;0.0;5.0;8.0;-3.0;0.0;1.0
04/03/2020;DE;186.0;;640.0;;;2.0;2.0;14.0;-4.0;0.0;1.0
05/03/2020;DE;187.0;;827.0;;;-4.0;0.0;0.0;-5.0;0.0;1.0
06/03/2020;DE;142.0;;969.0;;;-3.0;1.0;-11.0;-7.0;-1.0;2.0
07/03/2020;DE;105.0;;1074.0;;;1.0;0.0;19.0;-2.0;0.0;1.0
08/03/2020;DE;347.0;;1421.0;;;12.0;19.0;31.0;2.0;1.0;0.0
09/03/2020;DE;595.0;;2016.0;;;-1.0;2.0;7.0;-5.0;-1.0;1.0
10/03/2020;DE;757.0;;2773.0;;;-7.0;-2.0;-13.0;-8.0;-1.0;3.0
11/03/2020;DE;991.0;;3764.0;;;-1.0;2.0;17.0;-7.0;-1.0;2.0
12/03/2020;DE;1464.0;;5228.0;;;-7.0;6.0;4.0;-9.0;-2.0;2.0
13/03/2020;DE;1302.0;;6530.0;;;-9.0;19.0;-3.0;-15.0;-4.0;4.0
14/03/2020;DE;980.0;;7510.0;;;-17.0;9.0;33.0;-19.0;-3.0;4.0
15/03/2020;DE;2037.0;;9547.0;;;-12.0;13.0;75.0;-16.0;-5.0;2.0
16/03/2020;DE;3033.0;;12580.0;;;-7.0;22.0;40.0;-25.0;-18.0;6.0
17/03/2020;DE;3598.0;;16178.0;;;-21.0;11.0;31.0;-35.0;-25.0;10.0
18/03/2020;DE;4057.0;;20235.0;;;-34.0;5.0;44.0;-39.0;-30.0;11.0
19/03/2020;DE;4056.0;;24291.0;;;-45.0;-3.0;15.0;-46.0;-33.0;14.0
20/03/2020;DE;3357.0;;27648.0;;;-50.0;-2.0;-14.0;-52.0;-36.0;16.0
21/03/2020;DE;2265.0;;29913.0;;;-69.0;-24.0;-31.0;-59.0;-31.0;13.0
22/03/2020;DE;3732.0;;33645.0;;;-71.0;-35.0;1.0;-58.0;-34.0;10.0
23/03/2020;DE;4878.0;;38523.0;;;-57.0;-16.0;-5.0;-56.0;-41.0;16.0
24/03/2020;DE;5680.0;;44203.0;;;-59.0;-18.0;9.0;-56.0;-43.0;18.0
25/03/2020;DE;5901.0;;50104.0;;;-58.0;-18.0;11.0;-56.0;-43.0;18.0
26/03/2020;DE;5981.0;;56085.0;;;-59.0;-16.0;3.0;-57.0;-44.0;18.0
27/03/2020;DE;4720.0;;60805.0;;;-59.0;-14.0;21.0;-56.0;-44.0;19.0
28/03/2020;DE;3077.0;;63882.0;;;-66.0;-21.0;33.0;-53.0;-33.0;12.0
29/03/2020;DE;4120.0;;68002.0;;;-77.0;-51.0;-49.0;-68.0;-39.0;11.0
30/03/2020;DE;6061.0;;74063.0;;;-54.0;-16.0;-13.0;-56.0;-43.0;17.0
31/03/2020;DE;6257.0;;80320.0;;;-53.0;-12.0;7.0;-53.0;-43.0;17.0
01/04/2020;DE;6549.0;;86869.0;;;-52.0;-13.0;20.0;-53.0;-43.0;17.0
02/04/2020;DE;6191.0;;93060.0;;;-54.0;-11.0;6.0;-54.0;-43.0;17.0
03/04/2020;DE;4338.0;;97398.0;;;-57.0;-11.0;-13.0;-57.0;-44.0;19.0
04/04/2020;DE;2536.0;;99934.0;;;-63.0;-16.0;21.0;-52.0;-31.0;12.0
05/04/2020;DE;3660.0;;103594.0;;;-58.0;-13.0;61.0;-47.0;-30.0;8.0
06/04/2020;DE;5185.0;;108779.0;;;-43.0;-6.0;49.0;-49.0;-44.0;15.0
07/04/2020;DE;5277.0;;114056.0;;;-44.0;-2.0;50.0;-50.0;-45.0;16.0
08/04/2020;DE;4909.0;;118965.0;;;-42.0;10.0;57.0;-49.0;-45.0;15.0
09/04/2020;DE;3355.0;;122320.0;;;-40.0;14.0;37.0;-49.0;-47.0;15.0
10/04/2020;DE;2884.0;;125204.0;;;-80.0;-92.0;72.0;-69.0;-86.0;29.0
11/04/2020;DE;1868.0;;127072.0;;;-56.0;0.0;35.0;-48.0;-29.0;10.0
12/04/2020;DE;1598.0;;128670.0;;;-63.0;-23.0;59.0;-47.0;-26.0;6.0
13/04/2020;DE;2466.0;;131136.0;;;-81.0;-93.0;29.0;-73.0;-88.0;28.0
14/04/2020;DE;3325.0;;134461.0;;;-45.0;1.0;8.0;-52.0;-45.0;17.0
15/04/2020;DE;3420.0;;137881.0;;;-45.0;-9.0;46.0;-49.0;-44.0;16.0
16/04/2020;DE;3046.0;;140927.0;;;-53.0;-3.0;57.0;-48.0;-43.0;16.0
17/04/2020;DE;2107.0;;143034.0;;;-55.0;-4.0;49.0;-49.0;-43.0;16.0
18/04/2020;DE;1377.0;;144411.0;;;-65.0;-14.0;35.0;-46.0;-22.0;10.0
19/04/2020;DE;1711.0;;146122.0;;;-59.0;-7.0;56.0;-44.0;-22.0;7.0
20/04/2020;DE;2185.0;;148307.0;;;-44.0;-9.0;35.0;-44.0;-36.0;13.0
21/04/2020;DE;2487.0;;150794.0;;;-47.0;-8.0;45.0;-44.0;-35.0;14.0
22/04/2020;DE;2093.0;;152887.0;;;-46.0;-8.0;60.0;-43.0;-35.0;13.0
23/04/2020;DE;1904.0;;154791.0;;;-47.0;-6.0;58.0;-42.0;-35.0;13.0
24/04/2020;DE;1271.0;;156062.0;;;-50.0;-7.0;38.0;-46.0;-36.0;14.0
25/04/2020;DE;704.0;;156766.0;;;-57.0;-10.0;40.0;-41.0;-19.0;9.0
26/04/2020;DE;1119.0;;157885.0;;;-52.0;3.0;78.0;-39.0;-18.0;6.0
27/04/2020;DE;1465.0;;159350.0;;;-43.0;-13.0;57.0;-41.0;-33.0;12.0
28/04/2020;DE;1430.0;;160780.0;;;-48.0;-10.0;19.0;-43.0;-33.0;13.0
29/04/2020;DE;1461.0;;162241.0;;;-46.0;1.0;12.0;-43.0;-33.0;13.0
30/04/2020;DE;918.0;;163159.0;;;-34.0;19.0;-8.0;-39.0;-34.0;12.0
01/05/2020;DE;620.0;;163779.0;;;-82.0;-92.0;17.0;-67.0;-84.0;28.0
02/05/2020;DE;425.0;;164204.0;;;-46.0;3.0;-18.0;-42.0;-20.0;9.0
03/05/2020;DE;729.0;;164933.0;;;-57.0;4.0;43.0;-37.0;-18.0;6.0
04/05/2020;DE;1092.0;;166025.0;;;-32.0;-5.0;-1.0;-38.0;-30.0;11.0
05/05/2020;DE;1221.0;;167246.0;;;-36.0;-6.0;21.0;-37.0;-29.0;12.0
06/05/2020;DE;1202.0;;168448.0;;;-33.0;-5.0;49.0;-35.0;-28.0;11.0
07/05/2020;DE;978.0;;169426.0;;;-33.0;-3.0;47.0;-35.0;-28.0;11.0
08/05/2020;DE;677.0;;170103.0;;;-36.0;-5.0;60.0;-37.0;-31.0;11.0
09/05/2020;DE;341.0;;170444.0;;;-40.0;-1.0;61.0;-28.0;-8.0;5.0
10/05/2020;DE;687.0;;171131.0;;;-50.0;9.0;29.0;-33.0;-3.0;4.0
11/05/2020;DE;855.0;;171986.0;;;-34.0;-12.0;-23.0;-41.0;-28.0;11.0
12/05/2020;DE;913.0;;172899.0;;;-31.0;-4.0;14.0;-35.0;-26.0;11.0
13/05/2020;DE;808.0;;173707.0;;;-31.0;-7.0;13.0;-36.0;-26.0;11.0
14/05/2020;DE;728.0;;174435.0;;;-29.0;-4.0;20.0;-35.0;-26.0;10.0
15/05/2020;DE;462.0;;174897.0;;;-29.0;-3.0;29.0;-35.0;-26.0;10.0
16/05/2020;DE;316.0;;175213.0;;;-35.0;-6.0;53.0;-28.0;-5.0;5.0
17/05/2020;DE;543.0;;175756.0;;;-36.0;16.0;92.0;-25.0;-1.0;3.0
18/05/2020;DE;730.0;;176486.0;;;-15.0;-3.0;55.0;-30.0;-26.0;8.0
19/05/2020;DE;832.0;;177318.0;;;-17.0;2.0;63.0;-30.0;-25.0;9.0
20/05/2020;DE;419.0;;177737.0;;;-6.0;34.0;84.0;-25.0;-26.0;6.0
21/05/2020;DE;526.0;;178263.0;;;-55.0;-87.0;225.0;-46.0;-81.0;18.0
22/05/2020;DE;337.0;;178600.0;;;-19.0;1.0;68.0;-40.0;-51.0;14.0
23/05/2020;DE;219.0;;178819.0;;;-35.0;-9.0;27.0;-35.0;-8.0;7.0
24/05/2020;DE;411.0;;179230.0;;;-42.0;3.0;37.0;-31.0;-4.0;3.0
25/05/2020;DE;618.0;;179848.0;;;-16.0;-2.0;33.0;-31.0;-27.0;8.0
26/05/2020;DE;654.0;;180502.0;;;-18.0;-4.0;73.0;-28.0;-23.0;8.0
27/05/2020;DE;529.0;;181031.0;;;-15.0;-3.0;86.0;-27.0;-23.0;7.0
28/05/2020;DE;445.0;;181476.0;;;-16.0;2.0;65.0;-27.0;-24.0;8.0
29/05/2020;DE;374.0;;181850.0;;;-15.0;6.0;84.0;-25.0;-25.0;7.0
30/05/2020;DE;178.0;;182028.0;;;-23.0;4.0;99.0;-17.0;5.0;2.0
31/05/2020;DE;136.0;;182164.0;;;-19.0;32.0;143.0;-13.0;8.0;0.0
01/06/2020;DE;307.0;;182471.0;;;-45.0;-86.0;264.0;-42.0;-80.0;16.0
02/06/2020;DE;497.0;;182968.0;;;-6.0;15.0;109.0;-22.0;-26.0;6.0
03/06/2020;DE;528.0;;183496.0;;;-11.0;1.0;91.0;-24.0;-25.0;7.0
04/06/2020;DE;437.0;;183933.0;;;-20.0;-2.0;12.0;-31.0;-26.0;9.0
05/06/2020;DE;285.0;;184218.0;;;-20.0;-2.0;21.0;-32.0;-26.0;9.0
06/06/2020;DE;164.0;;184382.0;;;-25.0;-5.0;44.0;-24.0;1.0;4.0
07/06/2020;DE;296.0;;184678.0;;;-31.0;11.0;51.0;-27.0;3.0;3.0
08/06/2020;DE;426.0;;185104.0;;;-8.0;-4.0;67.0;-26.0;-25.0;7.0
09/06/2020;DE;518.0;;185622.0;;;-12.0;-2.0;59.0;-27.0;-25.0;8.0
10/06/2020;DE;281.0;;185903.0;;;-5.0;16.0;70.0;-24.0;-25.0;6.0
11/06/2020;DE;353.0;;186256.0;;;-36.0;-54.0;112.0;-40.0;-59.0;16.0
12/06/2020;DE;299.0;;186555.0;;;-8.0;3.0;147.0;-25.0;-37.0;7.0
13/06/2020;DE;172.0;;186727.0;;;-26.0;-9.0;97.0;-21.0;4.0;2.0
14/06/2020;DE;260.0;;186987.0;;;-33.0;8.0;34.0;-26.0;5.0;2.0
15/06/2020;DE;519.0;;187506.0;;;-10.0;-2.0;63.0;-24.0;-23.0;6.0
16/06/2020;DE;866.0;;188372.0;;;-11.0;0.0;75.0;-22.0;-21.0;6.0
17/06/2020;DE;764.0;;189136.0;;;-10.0;-3.0;80.0;-22.0;-21.0;6.0
18/06/2020;DE;991.0;;190127.0;;;-12.0;-2.0;67.0;-23.0;-22.0;6.0
19/06/2020;DE;569.0;;190696.0;;;-13.0;-1.0;63.0;-23.0;-23.0;6.0
20/06/2020;DE;223.0;;190919.0;;;-20.0;-5.0;85.0;-18.0;7.0;2.0
21/06/2020;DE;446.0;;191365.0;;;-8.0;33.0;123.0;-11.0;15.0;-1.0
22/06/2020;DE;541.0;;191906.0;;;-6.0;-2.0;96.0;-21.0;-23.0;5.0
23/06/2020;DE;506.0;;192412.0;;;-6.0;-1.0;129.0;-19.0;-22.0;5.0
24/06/2020;DE;571.0;;192983.0;;;-6.0;-1.0;130.0;-19.0;-20.0;5.0
25/06/2020;DE;574.0;;193557.0;;;-11.0;-1.0;106.0;-21.0;-22.0;5.0
26/06/2020;DE;325.0;;193882.0;;;-14.0;-2.0;114.0;-21.0;-23.0;5.0
27/06/2020;DE;201.0;;194083.0;;;-23.0;-6.0;110.0;-16.0;3.0;1.0
28/06/2020;DE;415.0;;194498.0;;;-18.0;23.0;72.0;-18.0;10.0;0.0
29/06/2020;DE;458.0;;194956.0;;;-3.0;1.0;74.0;-22.0;-23.0;5.0
30/06/2020;DE;482.0;;195438.0;;;0.0;3.0;92.0;-20.0;-22.0;6.0
01/07/2020;DE;471.0;;195909.0;;;-2.0;-1.0;85.0;-21.0;-22.0;5.0
02/07/2020;DE;427.0;;196336.0;;;-6.0;0.0;69.0;-21.0;-23.0;6.0
03/07/2020;DE;294.0;;196630.0;;;-5.0;1.0;99.0;-20.0;-23.0;5.0
04/07/2020;DE;144.0;;196774.0;;;-16.0;-5.0;109.0;-12.0;3.0;0.0
05/07/2020;DE;323.0;;197097.0;;;-9.0;27.0;95.0;-12.0;7.0;0.0
06/07/2020;DE;395.0;;197492.0;;;-2.0;-1.0;73.0;-22.0;-26.0;5.0
07/07/2020;DE;450.0;;197942.0;;;-2.0;-1.0;106.0;-20.0;-25.0;6.0
08/07/2020;DE;425.0;;198367.0;;;-4.0;-3.0;80.0;-23.0;-25.0;6.0
09/07/2020;DE;426.0;;198793.0;;;-8.0;-3.0;74.0;-23.0;-26.0;6.0
10/07/2020;DE;277.0;;199070.0;;;-11.0;-2.0;74.0;-23.0;-26.0;6.0
11/07/2020;DE;131.0;;199201.0;;;-15.0;-6.0;112.0;-11.0;3.0;0.0
12/07/2020;DE;330.0;;199531.0;;;3.0;42.0;142.0;-4.0;10.0;-2.0
13/07/2020;DE;468.0;;199999.0;;;0.0;-2.0;132.0;-20.0;-26.0;4.0
14/07/2020;DE;542.0;;200541.0;;;-3.0;-2.0;116.0;-21.0;-26.0;6.0
15/07/2020;DE;557.0;;201098.0;;;-2.0;-1.0;78.0;-23.0;-26.0;6.0
16/07/2020;DE;523.0;;201621.0;;;-7.0;-2.0;63.0;-24.0;-27.0;6.0
17/07/2020;DE;442.0;;202063.0;;;-6.0;-2.0;108.0;-21.0;-28.0;5.0
18/07/2020;DE;179.0;;202242.0;;;-16.0;-7.0;150.0;-6.0;2.0;-1.0
19/07/2020;DE;456.0;;202698.0;;;3.0;40.0;152.0;-3.0;9.0;-3.0
20/07/2020;DE;525.0;;203223.0;;;0.0;-1.0;130.0;-22.0;-31.0;5.0
21/07/2020;DE;698.0;;203921.0;;;0.0;-2.0;153.0;-21.0;-30.0;5.0
22/07/2020;DE;691.0;;204612.0;;;2.0;-3.0;156.0;-21.0;-28.0;5.0
23/07/2020;DE;810.0;;205422.0;;;-3.0;-3.0;143.0;-21.0;-29.0;5.0
24/07/2020;DE;543.0;;205965.0;;;-8.0;-3.0;123.0;-22.0;-30.0;5.0
25/07/2020;DE;212.0;;206177.0;;;-17.0;-8.0;148.0;-8.0;-1.0;-1.0
26/07/2020;DE;529.0;;206706.0;;;-7.0;30.0;92.0;-10.0;2.0;0.0
27/07/2020;DE;755.0;;207461.0;;;1.0;-1.0;138.0;-22.0;-33.0;5.0
28/07/2020;DE;914.0;;208375.0;;;-1.0;-2.0;150.0;-22.0;-32.0;6.0
29/07/2020;DE;865.0;;209240.0;;;5.0;-1.0;159.0;-20.0;-32.0;5.0
30/07/2020;DE;915.0;;210155.0;;;1.0;0.0;154.0;-21.0;-33.0;5.0
31/07/2020;DE;562.0;;210717.0;;;-6.0;-1.0;161.0;-20.0;-34.0;4.0
01/08/2020;DE;305.0;;211022.0;;;-19.0;-8.0;156.0;-6.0;-4.0;-2.0
02/08/2020;DE;798.0;;211820.0;;;-5.0;35.0;89.0;-7.0;1.0;-1.0
03/08/2020;DE;950.0;;212770.0;;;6.0;2.0;114.0;-21.0;-35.0;5.0
04/08/2020;DE;1112.0;;213882.0;;;5.0;0.0;143.0;-20.0;-34.0;6.0
05/08/2020;DE;1170.0;;215052.0;;;6.0;-2.0;180.0;-19.0;-33.0;4.0
06/08/2020;DE;1005.0;;216057.0;;;-2.0;-2.0;163.0;-21.0;-33.0;5.0
07/08/2020;DE;711.0;;216768.0;;;-10.0;-4.0;156.0;-22.0;-34.0;4.0
08/08/2020;DE;321.0;;217089.0;;;-23.0;-10.0;163.0;-10.0;-5.0;-1.0
09/08/2020;DE;1105.0;;218194.0;;;-9.0;28.0;127.0;-7.0;3.0;-2.0
10/08/2020;DE;1193.0;;219387.0;;;-1.0;0.0;137.0;-22.0;-34.0;5.0
11/08/2020;DE;1541.0;;220928.0;;;-3.0;-2.0;148.0;-22.0;-33.0;6.0
12/08/2020;DE;1491.0;;222419.0;;;-1.0;-2.0;154.0;-20.0;-32.0;5.0
13/08/2020;DE;1376.0;;223795.0;;;-5.0;-2.0;115.0;-21.0;-32.0;5.0
14/08/2020;DE;756.0;;224551.0;;;-6.0;0.0;107.0;-20.0;-32.0;5.0
15/08/2020;DE;493.0;;225044.0;;;-20.0;-17.0;132.0;-10.0;-8.0;0.0
16/08/2020;DE;1549.0;;226593.0;;;1.0;34.0;139.0;-4.0;4.0;-2.0
17/08/2020;DE;1533.0;;228126.0;;;-1.0;0.0;100.0;-19.0;-32.0;4.0
18/08/2020;DE;1753.0;;229879.0;;;-1.0;-2.0;112.0;-19.0;-28.0;5.0
19/08/2020;DE;1620.0;;231499.0;;;2.0;-3.0;147.0;-17.0;-28.0;4.0
20/08/2020;DE;1657.0;;233156.0;;;-6.0;-6.0;128.0;-20.0;-29.0;4.0
21/08/2020;DE;918.0;;234074.0;;;-12.0;-7.0;127.0;-20.0;-30.0;4.0
22/08/2020;DE;565.0;;234639.0;;;-17.0;-8.0;107.0;-13.0;-5.0;0.0
23/08/2020;DE;1427.0;;236066.0;;;-2.0;32.0;105.0;-6.0;3.0;-1.0
24/08/2020;DE;1487.0;;237553.0;;;-3.0;-3.0;92.0;-20.0;-28.0;4.0
25/08/2020;DE;1618.0;;239171.0;;;-3.0;-3.0;113.0;-19.0;-26.0;5.0
26/08/2020;DE;1542.0;;240713.0;;;-7.0;-6.0;70.0;-22.0;-26.0;6.0
27/08/2020;DE;1390.0;;242103.0;;;-3.0;-3.0;104.0;-17.0;-24.0;4.0
28/08/2020;DE;834.0;;242937.0;;;-6.0;-2.0;84.0;-18.0;-26.0;4.0
29/08/2020;DE;535.0;;243472.0;;;-12.0;-7.0;105.0;-8.0;-4.0;0.0
30/08/2020;DE;1186.0;;244658.0;;;-9.0;23.0;65.0;-12.0;-1.0;0.0
31/08/2020;DE;1323.0;;245981.0;;;2.0;2.0;74.0;-15.0;-24.0;3.0
01/09/2020;DE;1411.0;;247392.0;;;0.0;0.0;90.0;-14.0;-23.0;4.0
02/09/2020;DE;1516.0;;248908.0;;;3.0;-2.0;106.0;-14.0;-22.0;3.0
03/09/2020;DE;1495.0;;250403.0;;;-5.0;-3.0;81.0;-17.0;-23.0;3.0
04/09/2020;DE;1106.0;;251509.0;;;-4.0;-3.0;104.0;-14.0;-23.0;3.0
05/09/2020;DE;581.0;;252090.0;;;-10.0;-7.0;103.0;-9.0;-7.0;0.0
06/09/2020;DE;1413.0;;253503.0;;;5.0;40.0;110.0;-4.0;0.0;-2.0
07/09/2020;DE;1381.0;;254884.0;;;2.0;-1.0;100.0;-14.0;-23.0;3.0
08/09/2020;DE;1746.0;;256630.0;;;0.0;-2.0;112.0;-12.0;-21.0;3.0
09/09/2020;DE;1589.0;;258219.0;;;1.0;-4.0;112.0;-13.0;-20.0;3.0
10/09/2020;DE;1651.0;;259870.0;;;-2.0;-2.0;102.0;-13.0;-20.0;2.0
11/09/2020;DE;1224.0;;261094.0;;;-2.0;-2.0;121.0;-11.0;-21.0;2.0
12/09/2020;DE;762.0;;261856.0;;;-8.0;-6.0;149.0;-3.0;-3.0;-2.0
13/09/2020;DE;1489.0;;263345.0;;;15.0;49.0;152.0;4.0;3.0;-4.0
14/09/2020;DE;2002.0;;265347.0;;;0.0;-2.0;125.0;-12.0;-17.0;1.0
15/09/2020;DE;2196.0;;267543.0;;;-1.0;-2.0;142.0;-10.0;-16.0;2.0
16/09/2020;DE;2356.0;;269899.0;;;0.0;-3.0;131.0;-11.0;-16.0;2.0
17/09/2020;DE;2168.0;;272067.0;;;-4.0;-2.0;103.0;-12.0;-17.0;2.0
18/09/2020;DE;1391.0;;273458.0;;;-4.0;-2.0;113.0;-11.0;-18.0;2.0
19/09/2020;DE;690.0;;274148.0;;;-9.0;-7.0;141.0;-4.0;-4.0;-1.0
20/09/2020;DE;1657.0;;275805.0;;;14.0;45.0;149.0;2.0;2.0;-3.0
21/09/2020;DE;1815.0;;277620.0;;;-2.0;-2.0;111.0;-12.0;-18.0;2.0
22/09/2020;DE;2214.0;;279834.0;;;-4.0;-2.0;122.0;-11.0;-16.0;3.0
23/09/2020;DE;2394.0;;282228.0;;;-5.0;-2.0;98.0;-12.0;-15.0;3.0
24/09/2020;DE;2334.0;;284562.0;;;-10.0;-2.0;70.0;-14.0;-15.0;3.0
25/09/2020;DE;1785.0;;286347.0;;;-12.0;-1.0;42.0;-16.0;-17.0;4.0
26/09/2020;DE;874.0;;287221.0;;;-19.0;-7.0;15.0;-21.0;-8.0;3.0
27/09/2020;DE;1834.0;;289055.0;;;-14.0;18.0;44.0;-15.0;-3.0;1.0
28/09/2020;DE;2164.0;;291219.0;;;-7.0;1.0;48.0;-15.0;-15.0;3.0
29/09/2020;DE;2737.0;;293956.0;;;-8.0;1.0;50.0;-24.0;-15.0;5.0
30/09/2020;DE;2928.0;;296884.0;;;0.0;6.0;77.0;-10.0;-13.0;3.0
01/10/2020;DE;2925.0;;299809.0;;;-6.0;7.0;52.0;-12.0;-12.0;3.0
02/10/2020;DE;2196.0;;302005.0;;;0.0;29.0;60.0;-10.0;-14.0;2.0
03/10/2020;DE;1155.0;;303160.0;;;-51.0;-87.0;78.0;-22.0;-36.0;6.0
04/10/2020;DE;2413.0;;305573.0;;;0.0;50.0;80.0;-5.0;-1.0;0.0
05/10/2020;DE;3591.0;;309164.0;;;-3.0;10.0;40.0;-13.0;-17.0;3.0
06/10/2020;DE;4495.0;;313659.0;;;-7.0;4.0;42.0;-14.0;-17.0;5.0
07/10/2020;DE;4664.0;;318323.0;;;-6.0;1.0;43.0;-16.0;-16.0;4.0
08/10/2020;DE;5063.0;;323386.0;;;-11.0;0.0;32.0;-21.0;-17.0;4.0
09/10/2020;DE;3629.0;;327015.0;;;-10.0;1.0;45.0;-19.0;-17.0;4.0
10/10/2020;DE;2272.0;;329287.0;;;-13.0;-6.0;48.0;-15.0;-4.0;2.0
11/10/2020;DE;4189.0;;333476.0;;;-14.0;26.0;55.0;-16.0;-3.0;1.0
12/10/2020;DE;5369.0;;338845.0;;;-6.0;-1.0;49.0;-21.0;-24.0;5.0
13/10/2020;DE;7248.0;;346093.0;;;-6.0;-1.0;71.0;-20.0;-23.0;6.0
14/10/2020;DE;7904.0;;353997.0;;;-8.0;-3.0;35.0;-23.0;-23.0;6.0
15/10/2020;DE;7979.0;;361976.0;;;-11.0;2.0;28.0;-25.0;-24.0;7.0
16/10/2020;DE;5687.0;;367663.0;;;-12.0;1.0;31.0;-23.0;-25.0;7.0
17/10/2020;DE;3678.0;;371341.0;;;-18.0;-5.0;46.0;-18.0;-7.0;3.0
18/10/2020;DE;6489.0;;377830.0;;;-19.0;19.0;49.0;-20.0;-6.0;2.0
19/10/2020;DE;9454.0;;387284.0;;;-7.0;1.0;52.0;-24.0;-24.0;6.0
20/10/2020;DE;12409.0;;399693.0;;;-11.0;-1.0;49.0;-26.0;-24.0;7.0
21/10/2020;DE;13931.0;;413624.0;;;-8.0;-2.0;56.0;-23.0;-22.0;6.0
22/10/2020;DE;14039.0;;427663.0;;;-11.0;-1.0;67.0;-22.0;-22.0;6.0
23/10/2020;DE;11098.0;;438761.0;;;-16.0;0.0;25.0;-26.0;-24.0;8.0
24/10/2020;DE;7452.0;;446213.0;;;-21.0;-5.0;51.0;-21.0;-5.0;4.0
25/10/2020;DE;12025.0;;458238.0;;;-18.0;20.0;64.0;-20.0;-4.0;2.0
26/10/2020;DE;15941.0;;474179.0;;;-15.0;-1.0;12.0;-23.0;-17.0;6.0
27/10/2020;DE;19248.0;;493427.0;;;-14.0;0.0;35.0;-20.0;-16.0;7.0
28/10/2020;DE;19849.0;;513276.0;;;-11.0;0.0;33.0;-21.0;-15.0;6.0
29/10/2020;DE;19406.0;;532682.0;;;-13.0;4.0;7.0;-24.0;-16.0;7.0
30/10/2020;DE;13998.0;;546680.0;;;-10.0;12.0;3.0;-24.0;-17.0;7.0
31/10/2020;DE;10523.0;;557203.0;;;-30.0;-30.0;52.0;-24.0;-12.0;5.0
01/11/2020;DE;15253.0;;572456.0;;;-27.0;-1.0;4.0;-28.0;-6.0;4.0
02/11/2020;DE;19355.0;;591811.0;;;-24.0;-1.0;23.0;-24.0;-18.0;7.0
03/11/2020;DE;21203.0;;613014.0;;;-27.0;-1.0;19.0;-26.0;-18.0;9.0
04/11/2020;DE;22278.0;;635292.0;;;-27.0;-2.0;22.0;-27.0;-18.0;9.0
05/11/2020;DE;21580.0;;656872.0;;;-29.0;0.0;15.0;-28.0;-18.0;9.0
06/11/2020;DE;15934.0;;672806.0;;;-30.0;1.0;13.0;-31.0;-19.0;10.0
07/11/2020;DE;10135.0;;682941.0;;;-34.0;-5.0;45.0;-33.0;-13.0;7.0
08/11/2020;DE;15995.0;;698936.0;;;-48.0;-3.0;61.0;-33.0;-17.0;5.0
09/11/2020;DE;19617.0;;718553.0;;;-24.0;-2.0;11.0;-27.0;-16.0;8.0
10/11/2020;DE;22706.0;;741259.0;;;-27.0;-1.0;11.0;-26.0;-16.0;9.0
11/11/2020;DE;23526.0;;764785.0;;;-26.0;-2.0;9.0;-27.0;-16.0;9.0
12/11/2020;DE;21385.0;;786170.0;;;-30.0;-1.0;3.0;-28.0;-16.0;9.0
13/11/2020;DE;15794.0;;801964.0;;;-28.0;3.0;11.0;-28.0;-17.0;10.0
14/11/2020;DE;8840.0;;810804.0;;;-32.0;-3.0;38.0;-32.0;-13.0;7.0
15/11/2020;DE;14693.0;;825497.0;;;-48.0;-3.0;62.0;-32.0;-17.0;5.0
16/11/2020;DE;20356.0;;845853.0;;;-25.0;-3.0;-3.0;-28.0;-16.0;8.0
17/11/2020;DE;23703.0;;869556.0;;;-28.0;-1.0;3.0;-27.0;-16.0;9.0
18/11/2020;DE;23751.0;;893307.0;;;-27.0;-7.0;41.0;-28.0;-20.0;9.0
19/11/2020;DE;22293.0;;915600.0;;;-32.0;-2.0;-13.0;-30.0;-17.0;9.0
20/11/2020;DE;14769.0;;930369.0;;;-30.0;1.0;-3.0;-31.0;-17.0;10.0
21/11/2020;DE;8819.0;;939188.0;;;-35.0;-4.0;0.0;-39.0;-14.0;8.0
22/11/2020;DE;15074.0;;954262.0;;;-57.0;-16.0;5.0;-41.0;-20.0;7.0
23/11/2020;DE;19408.0;;973670.0;;;-24.0;-4.0;1.0;-29.0;-16.0;8.0
24/11/2020;DE;22046.0;;995716.0;;;-26.0;-2.0;5.0;-28.0;-16.0;9.0
25/11/2020;DE;22763.0;;1018479.0;;;-25.0;-2.0;8.0;-28.0;-15.0;9.0
26/11/2020;DE;20142.0;;1038621.0;;;-27.0;0.0;-5.0;-29.0;-16.0;9.0
27/11/2020;DE;14940.0;;1053561.0;;;-20.0;7.0;1.0;-29.0;-17.0;9.0
28/11/2020;DE;8784.0;;1062345.0;;;-30.0;0.0;0.0;-37.0;-12.0;7.0
29/11/2020;DE;13294.0;;1075639.0;;;-57.0;-14.0;4.0;-42.0;-19.0;6.0
30/11/2020;DE;19217.0;;1094856.0;;;-17.0;4.0;-6.0;-27.0;-16.0;7.0
01/12/2020;DE;23202.0;;1118058.0;;;-26.0;0.0;-10.0;-26.0;-16.0;9.0
02/12/2020;DE;24421.0;;1142479.0;;;-24.0;2.0;-4.0;-27.0;-14.0;9.0
03/12/2020;DE;22253.0;;1164732.0;;;-27.0;3.0;-13.0;-29.0;-14.0;9.0
04/12/2020;DE;15727.0;;1180459.0;;;-27.0;6.0;-10.0;-30.0;-15.0;10.0
05/12/2020;DE;10234.0;;1190693.0;;;-31.0;3.0;-1.0;-35.0;-11.0;8.0
06/12/2020;DE;16465.0;;1207158.0;;;-57.0;-9.0;-12.0;-42.0;-16.0;6.0
07/12/2020;DE;22799.0;;1229957.0;;;-23.0;-3.0;-10.0;-28.0;-16.0;8.0
08/12/2020;DE;27633.0;;1257590.0;;;-24.0;1.0;4.0;-27.0;-14.0;9.0
09/12/2020;DE;29042.0;;1286632.0;;;-25.0;-1.0;-7.0;-30.0;-15.0;9.0
10/12/2020;DE;27250.0;;1313882.0;;;-27.0;2.0;-11.0;-30.0;-16.0;9.0
11/12/2020;DE;20606.0;;1334488.0;;;-26.0;5.0;-15.0;-32.0;-17.0;10.0
12/12/2020;DE;12498.0;;1346986.0;;;-31.0;0.0;-15.0;-37.0;-12.0;8.0
13/12/2020;DE;19073.0;;1366059.0;;;-60.0;-17.0;-8.0;-44.0;-19.0;7.0
14/12/2020;DE;26929.0;;1392988.0;;;-2.0;13.0;-2.0;-29.0;-20.0;8.0
15/12/2020;DE;31354.0;;1424342.0;;;-6.0;14.0;-6.0;-28.0;-21.0;9.0
16/12/2020;DE;31951.0;;1456293.0;;;-52.0;-4.0;4.0;-42.0;-29.0;13.0
17/12/2020;DE;29758.0;;1486051.0;;;-53.0;-2.0;-10.0;-44.0;-31.0;14.0
18/12/2020;DE;21693.0;;1507744.0;;;-54.0;-2.0;0.0;-45.0;-32.0;15.0
19/12/2020;DE;13902.0;;1521646.0;;;-63.0;-11.0;9.0;-43.0;-21.0;10.0
20/12/2020;DE;20298.0;;1541944.0;;;-63.0;-23.0;-6.0;-47.0;-22.0;8.0
21/12/2020;DE;28979.0;;1570923.0;;;-46.0;12.0;-11.0;-48.0;-44.0;15.0
22/12/2020;DE;33969.0;;1604892.0;;;-47.0;18.0;-11.0;-48.0;-47.0;16.0
23/12/2020;DE;21143.0;;1626035.0;;;-47.0;25.0;-20.0;-50.0;-53.0;18.0
24/12/2020;DE;13148.0;;1639183.0;;;-74.0;-40.0;-32.0;-67.0;-79.0;23.0
25/12/2020;DE;11543.0;;1650726.0;;;-87.0;-94.0;-8.0;-74.0;-87.0;25.0
26/12/2020;DE;9808.0;;1660534.0;;;-86.0;-94.0;-8.0;-61.0;-53.0;12.0
27/12/2020;DE;15738.0;;1676272.0;;24429.0;-69.0;-37.0;-27.0;-53.0;-28.0;8.0
28/12/2020;DE;27563.0;;1703835.0;18007.0;42436.0;-53.0;-2.0;4.0;-56.0;-64.0;20.0
29/12/2020;DE;31055.0;;1734890.0;50065.0;92501.0;-54.0;2.0;11.0;-56.0;-64.0;21.0
30/12/2020;DE;19592.0;;1754482.0;64088.0;156589.0;-48.0;23.0;16.0;-53.0;-63.0;19.0
31/12/2020;DE;10270.0;;1764752.0;49939.0;206528.0;-69.0;-27.0;-2.0;-64.0;-78.0;24.0
01/01/2021;DE;10022.0;;1774774.0;25672.0;232200.0;-87.0;-94.0;-2.0;-75.0;-88.0;28.0
02/01/2021;DE;8834.0;;1783608.0;47804.0;280004.0;-69.0;-20.0;-3.0;-53.0;-31.0;12.0
03/01/2021;DE;14303.0;;1797911.0;22573.0;302577.0;-66.0;-34.0;-2.0;-49.0;-22.0;8.0
04/01/2021;DE;27433.0;;1825344.0;46362.0;348939.0;-55.0;-8.0;-17.0;-50.0;-42.0;16.0
05/01/2021;DE;27959.0;;1853303.0;52484.0;401423.0;-56.0;-5.0;-11.0;-50.0;-42.0;17.0
06/01/2021;DE;26110.0;;1879413.0;63097.0;464520.0;-64.0;-36.0;-4.0;-54.0;-51.0;19.0
07/01/2021;DE;24531.0;;1903944.0;54908.0;519428.0;-58.0;-10.0;-18.0;-50.0;-38.0;16.0
08/01/2021;DE;16666.0;;1920610.0;62875.0;582303.0;-60.0;-12.0;-21.0;-52.0;-37.0;17.0
09/01/2021;DE;8477.0;;1929087.0;60598.0;642901.0;-67.0;-15.0;-3.0;-50.0;-23.0;11.0
10/01/2021;DE;13481.0;;1942568.0;35845.0;678746.0;-61.0;-22.0;25.0;-45.0;-17.0;7.0
11/01/2021;DE;22584.0;;1965152.0;68776.0;747522.0;-55.0;-11.0;-16.0;-46.0;-29.0;13.0
12/01/2021;DE;24106.0;;1989258.0;79322.0;826844.0;-59.0;-15.0;-20.0;-47.0;-30.0;15.0
13/01/2021;DE;20397.0;;2009655.0;112451.0;939295.0;-57.0;-13.0;-14.0;-47.0;-30.0;13.0
14/01/2021;DE;18306.0;;2027961.0;84132.0;1023427.0;-59.0;-14.0;-17.0;-47.0;-31.0;13.0
15/01/2021;DE;13432.0;;2041393.0;90882.0;1114309.0;-59.0;-12.0;-19.0;-49.0;-33.0;14.0
16/01/2021;DE;6595.0;;2047988.0;56856.0;1171165.0;-67.0;-16.0;-7.0;-52.0;-24.0;11.0
17/01/2021;DE;9156.0;;2057144.0;30757.0;1201922.0;-65.0;-26.0;11.0;-50.0;-21.0;7.0
18/01/2021;DE;18461.0;;2075605.0;67569.0;1269491.0;-56.0;-15.0;-19.0;-47.0;-32.0;12.0
19/01/2021;DE;19474.0;;2095079.0;83806.0;1353297.0;-60.0;-17.0;-28.0;-49.0;-32.0;14.0
20/01/2021;DE;16815.0;;2111894.0;79002.0;1432299.0;-56.0;-13.0;3.0;-46.0;-31.0;13.0
21/01/2021;DE;15034.0;;2126928.0;64534.0;1496833.0;-57.0;-12.0;-7.0;-47.0;-31.0;13.0
22/01/2021;DE;11571.0;;2138499.0;68788.0;1565621.0;-58.0;-11.0;-12.0;-49.0;-31.0;14.0
23/01/2021;DE;5018.0;;2143517.0;40772.0;1606393.0;-65.0;-15.0;-7.0;-51.0;-22.0;11.0
24/01/2021;DE;6747.0;;2150264.0;25706.0;1632099.0;-65.0;-27.0;-5.0;-51.0;-20.0;8.0
25/01/2021;DE;15505.0;;2165769.0;52347.0;1684446.0;-56.0;-16.0;-7.0;-46.0;-32.0;12.0
26/01/2021;DE;15817.0;;2181586.0;51357.0;1735803.0;-58.0;-16.0;-6.0;-47.0;-32.0;14.0
27/01/2021;DE;13362.0;;2194948.0;51184.0;1786987.0;-57.0;-16.0;-9.0;-47.0;-31.0;14.0
28/01/2021;DE;12566.0;;2207514.0;47015.0;1834002.0;-58.0;-13.0;-28.0;-48.0;-32.0;14.0
29/01/2021;DE;9947.0;;2217461.0;49886.0;1883888.0;-57.0;-7.0;-23.0;-47.0;-32.0;15.0
30/01/2021;DE;4208.0;;2221669.0;34670.0;1918558.0;-64.0;-12.0;-4.0;-49.0;-20.0;10.0
31/01/2021;DE;5857.0;;2227526.0;25808.0;1944366.0;-57.0;-13.0;42.0;-42.0;-16.0;6.0
01/02/2021;DE;12297.0;;2239823.0;58397.0;2002763.0;-53.0;-10.0;-15.0;-46.0;-32.0;12.0
02/02/2021;DE;13417.0;;2253240.0;65533.0;2068296.0;-55.0;-10.0;-15.0;-46.0;-32.0;13.0
03/02/2021;DE;11507.0;;2264747.0;64632.0;2132928.0;-56.0;-14.0;-19.0;-48.0;-31.0;13.0
04/02/2021;DE;10012.0;;2274759.0;62158.0;2195086.0;-53.0;-6.0;12.0;-45.0;-31.0;13.0
05/02/2021;DE;8383.0;;2283142.0;69419.0;2264505.0;-55.0;-5.0;-10.0;-48.0;-31.0;14.0
06/02/2021;DE;3090.0;;2286232.0;45606.0;2310111.0;-65.0;-13.0;-18.0;-51.0;-20.0;10.0
07/02/2021;DE;4184.0;;2290416.0;28305.0;2338416.0;-70.0;-32.0;-24.0;-56.0;-23.0;9.0
08/02/2021;DE;9098.0;;2299514.0;53034.0;2391450.0;-60.0;-22.0;-15.0;-51.0;-39.0;16.0
09/02/2021;DE;10280.0;;2309794.0;60267.0;2451717.0;-58.0;-13.0;-2.0;-48.0;-36.0;16.0
10/02/2021;DE;9355.0;;2319149.0;77799.0;2529516.0;-57.0;-13.0;-5.0;-47.0;-33.0;15.0
11/02/2021;DE;8542.0;;2327691.0;75689.0;2605205.0;-55.0;-7.0;2.0;-45.0;-32.0;14.0
12/02/2021;DE;5597.0;;2333288.0;80307.0;2685512.0;-55.0;-4.0;3.0;-47.0;-33.0;15.0
13/02/2021;DE;3762.0;;2337050.0;62063.0;2747575.0;-61.0;-7.0;27.0;-46.0;-19.0;10.0
14/02/2021;DE;4394.0;;2341444.0;39643.0;2787218.0;-53.0;-5.0;62.0;-40.0;-12.0;6.0
15/02/2021;DE;9248.0;;2350692.0;70182.0;2857400.0;-55.0;-14.0;-14.0;-45.0;-34.0;14.0
16/02/2021;DE;10007.0;;2360699.0;78292.0;2935692.0;-53.0;-6.0;0.0;-42.0;-31.0;14.0
17/02/2021;DE;9233.0;;2369932.0;95449.0;3031141.0;-51.0;-5.0;2.0;-42.0;-29.0;13.0
18/02/2021;DE;8727.0;;2378659.0;91876.0;3123017.0;-52.0;-3.0;5.0;-41.0;-29.0;13.0
19/02/2021;DE;7778.0;;2386437.0;103164.0;3226181.0;-50.0;0.0;18.0;-42.0;-29.0;13.0
20/02/2021;DE;3044.0;;2389481.0;76202.0;3302383.0;-55.0;-5.0;72.0;-36.0;-13.0;8.0
21/02/2021;DE;4406.0;;2393887.0;57733.0;3360116.0;-36.0;24.0;132.0;-22.0;-6.0;4.0
22/02/2021;DE;10181.0;;2404068.0;98337.0;3458453.0;-45.0;-3.0;39.0;-37.0;-26.0;10.0
23/02/2021;DE;11300.0;;2415368.0;110051.0;3568504.0;-46.0;-2.0;60.0;-36.0;-25.0;11.0
24/02/2021;DE;9912.0;;2425280.0;117717.0;3686221.0;-43.0;-3.0;81.0;-34.0;-24.0;10.0
25/02/2021;DE;9468.0;;2434748.0;130992.0;3817213.0;-44.0;2.0;66.0;-34.0;-25.0;10.0
26/02/2021;DE;7659.0;;2442407.0;146601.0;3963814.0;-48.0;4.0;11.0;-38.0;-25.0;12.0
27/02/2021;DE;3453.0;;2445860.0;108533.0;4072347.0;-56.0;-2.0;29.0;-39.0;-11.0;8.0
28/02/2021;DE;4687.0;;2450547.0;79436.0;4151783.0;-42.0;15.0;76.0;-30.0;-5.0;5.0
01/03/2021;DE;10964.0;;2461511.0;149457.0;4301240.0;-36.0;1.0;34.0;-34.0;-24.0;9.0
02/03/2021;DE;11312.0;;2472823.0;167981.0;4469221.0;-38.0;0.0;62.0;-32.0;-24.0;10.0
03/03/2021;DE;10137.0;;2482960.0;177797.0;4647018.0;-38.0;-1.0;56.0;-33.0;-24.0;10.0
04/03/2021;DE;9654.0;;2492614.0;182593.0;4829611.0;-45.0;0.0;-3.0;-38.0;-25.0;11.0
05/03/2021;DE;8296.0;;2500910.0;208561.0;5038172.0;-44.0;3.0;12.0;-38.0;-24.0;12.0
06/03/2021;DE;3363.0;;2504273.0;154264.0;5192436.0;-51.0;-2.0;37.0;-38.0;-8.0;8.0
07/03/2021;DE;4846.0;;2509119.0;114389.0;5306825.0;-47.0;6.0;51.0;-35.0;-6.0;5.0
08/03/2021;DE;11511.0;;2520630.0;186704.0;5493529.0;-33.0;-1.0;32.0;-36.0;-27.0;10.0
09/03/2021;DE;13997.0;;2534627.0;198275.0;5691804.0;-36.0;-1.0;12.0;-35.0;-24.0;11.0
10/03/2021;DE;13163.0;;2547790.0;222131.0;5913935.0;-33.0;0.0;25.0;-33.0;-23.0;10.0
11/03/2021;DE;12553.0;;2560343.0;223956.0;6137891.0;-39.0;-2.0;-12.0;-37.0;-24.0;11.0
12/03/2021;DE;10471.0;;2570814.0;257559.0;6395450.0;-37.0;3.0;2.0;-37.0;-24.0;11.0
13/03/2021;DE;4837.0;;2575651.0;191302.0;6586752.0;-47.0;-5.0;-21.0;-42.0;-9.0;9.0
14/03/2021;DE;6846.0;;2582497.0;134840.0;6721592.0;-55.0;-4.0;-5.0;-41.0;-6.0;6.0
15/03/2021;DE;15794.0;;2598291.0;190319.0;6911911.0;-33.0;-1.0;-3.0;-33.0;-24.0;9.0
16/03/2021;DE;18364.0;;2616655.0;111224.0;7023135.0;-34.0;1.0;12.0;-32.0;-23.0;10.0
17/03/2021;DE;16736.0;;2633391.0;124891.0;7148026.0;-35.0;-1.0;13.0;-32.0;-22.0;10.0
18/03/2021;DE;15700.0;;2649091.0;118485.0;7266511.0;-36.0;2.0;8.0;-33.0;-22.0;10.0
19/03/2021;DE;13226.0;;2662317.0;161605.0;7428116.0;-36.0;3.0;5.0;-35.0;-22.0;11.0
20/03/2021;DE;5956.0;;2668273.0;168050.0;7596166.0;-42.0;-2.0;25.0;-36.0;-5.0;7.0
21/03/2021;DE;8910.0;;2677183.0;126724.0;7722890.0;-54.0;-4.0;11.0;-40.0;-6.0;6.0
22/03/2021;DE;19453.0;;2696636.0;193277.0;7916167.0;-31.0;1.0;17.0;-33.0;-23.0;9.0
23/03/2021;DE;22656.0;;2719292.0;214915.0;8131082.0;-33.0;4.0;26.0;-32.0;-23.0;10.0
24/03/2021;DE;21910.0;;2741202.0;250103.0;8381185.0;-28.0;4.0;72.0;-29.0;-22.0;9.0
25/03/2021;DE;20041.0;;2761243.0;251625.0;8632810.0;-32.0;5.0;47.0;-30.0;-22.0;9.0
26/03/2021;DE;15784.0;;2777027.0;285763.0;8918573.0;-32.0;5.0;59.0;-31.0;-23.0;10.0
27/03/2021;DE;7591.0;;2784618.0;219984.0;9138557.0;-45.0;-3.0;0.0;-39.0;-6.0;8.0
28/03/2021;DE;10992.0;;2795610.0;143500.0;9282057.0;-43.0;10.0;71.0;-31.0;-3.0;5.0
29/03/2021;DE;20385.0;;2815995.0;216693.0;9498750.0;-24.0;7.0;91.0;-32.0;-30.0;9.0
30/03/2021;DE;23994.0;;2839989.0;233776.0;9732526.0;-23.0;13.0;135.0;-28.0;-29.0;9.0
31/03/2021;DE;21452.0;;2861441.0;232666.0;9965192.0;-19.0;27.0;138.0;-25.0;-30.0;8.0
01/04/2021;DE;15492.0;;2876933.0;241495.0;10206687.0;-22.0;34.0;78.0;-30.0;-34.0;9.0
02/04/2021;DE;10629.0;;2887562.0;158467.0;10365154.0;-74.0;-89.0;78.0;-60.0;-82.0;25.0
03/04/2021;DE;7152.0;;2894714.0;167810.0;10532964.0;-43.0;10.0;48.0;-36.0;-11.0;7.0
04/04/2021;DE;7041.0;;2901755.0;142948.0;10675912.0;-54.0;-6.0;64.0;-35.0;-1.0;3.0
05/04/2021;DE;11508.0;;2913263.0;178087.0;10853999.0;-78.0;-91.0;-1.0;-66.0;-84.0;25.0
06/04/2021;DE;23728.0;;2936991.0;297773.0;11151772.0;-37.0;9.0;2.0;-39.0;-35.0;13.0
07/04/2021;DE;25774.0;;2962765.0;629365.0;11781137.0;-40.0;-2.0;-1.0;-40.0;-34.0;13.0
08/04/2021;DE;23299.0;;2986064.0;631259.0;12412396.0;-37.0;4.0;26.0;-37.0;-32.0;12.0
09/04/2021;DE;18042.0;;3004106.0;532563.0;12944959.0;-36.0;1.0;54.0;-36.0;-31.0;12.0
10/04/2021;DE;8849.0;;3012955.0;304037.0;13248996.0;-48.0;-4.0;20.0;-38.0;-7.0;8.0
11/04/2021;DE;12123.0;;3025078.0;210585.0;13459581.0;-48.0;3.0;50.0;-33.0;-5.0;6.0
12/04/2021;DE;26734.0;;3051812.0;335256.0;13794837.0;-36.0;0.0;13.0;-34.0;-24.0;10.0
13/04/2021;DE;28559.0;;3080371.0;529744.0;14324581.0;-37.0;2.0;34.0;-33.0;-23.0;11.0
14/04/2021;DE;25080.0;;3105451.0;724290.0;15048871.0;-36.0;2.0;34.0;-33.0;-23.0;10.0
15/04/2021;DE;23085.0;;3128536.0;611554.0;15660425.0;-38.0;4.0;28.0;-33.0;-22.0;10.0
16/04/2021;DE;17694.0;;3146230.0;507903.0;16168328.0;-38.0;4.0;35.0;-35.0;-22.0;11.0
17/04/2021;DE;8805.0;;3155035.0;302378.0;16470706.0;-47.0;-2.0;46.0;-36.0;-4.0;8.0
18/04/2021;DE;12307.0;;3167342.0;227943.0;16698649.0;-48.0;7.0;45.0;-35.0;-4.0;6.0
19/04/2021;DE;27974.0;;3195316.0;336245.0;17034894.0;-36.0;0.0;40.0;-32.0;-22.0;9.0
20/04/2021;DE;29369.0;;3224685.0;525428.0;17560322.0;-33.0;2.0;90.0;-28.0;-21.0;10.0
21/04/2021;DE;25455.0;;3250140.0;674969.0;18235291.0;-33.0;2.0;77.0;-29.0;-21.0;9.0
22/04/2021;DE;22979.0;;3273119.0;571258.0;18806549.0;-37.0;5.0;46.0;-32.0;-21.0;10.0
23/04/2021;DE;18024.0;;3291143.0;471677.0;19278226.0;-35.0;7.0;70.0;-31.0;-21.0;10.0
24/04/2021;DE;8667.0;;3299810.0;303173.0;19581399.0;-46.0;0.0;86.0;-32.0;-3.0;6.0
25/04/2021;DE;12217.0;;3312027.0;230712.0;19812111.0;-35.0;24.0;113.0;-25.0;0.0;4.0
26/04/2021;DE;25269.0;;3337296.0;361579.0;20173690.0;-35.0;4.0;69.0;-32.0;-22.0;9.0
27/04/2021;DE;25012.0;;3362308.0;764472.0;20938162.0;-34.0;5.0;93.0;-30.0;-22.0;10.0
28/04/2021;DE;21438.0;;3383746.0;1029442.0;21967604.0;-32.0;7.0;103.0;-29.0;-22.0;9.0
29/04/2021;DE;19154.0;;3402900.0;809011.0;22776615.0;-38.0;13.0;17.0;-33.0;-23.0;10.0
30/04/2021;DE;15065.0;;3417965.0;629093.0;23405708.0;-33.0;35.0;29.0;-31.0;-22.0;10.0
01/05/2021;DE;6657.0;;3424622.0;250507.0;23656215.0;-72.0;-88.0;82.0;-41.0;-37.0;11.0
02/05/2021;DE;9124.0;;3433746.0;193577.0;23849792.0;-46.0;14.0;29.0;-35.0;-6.0;6.0
03/05/2021;DE;20979.0;;3454725.0;338117.0;24187909.0;-30.0;16.0;49.0;-30.0;-23.0;9.0
04/05/2021;DE;20854.0;;3475579.0;734104.0;24922013.0;-39.0;6.0;12.0;-33.0;-23.0;11.0
05/05/2021;DE;17166.0;;3492745.0;972256.0;25894269.0;-38.0;5.0;16.0;-33.0;-23.0;11.0
06/05/2021;DE;15473.0;;3508218.0;777818.0;26672087.0;-38.0;8.0;19.0;-32.0;-22.0;10.0
07/05/2021;DE;12037.0;;3520255.0;624105.0;27296192.0;-37.0;12.0;24.0;-33.0;-21.0;11.0
08/05/2021;DE;5319.0;;3525574.0;261100.0;27557292.0;-41.0;7.0;78.0;-29.0;0.0;6.0
09/05/2021;DE;7396.0;;3532970.0;179427.0;27736719.0;-22.0;50.0;167.0;-10.0;16.0;0.0
10/05/2021;DE;16751.0;;3549721.0;411467.0;28148186.0;-30.0;1.0;89.0;-27.0;-23.0;8.0
11/05/2021;DE;16485.0;;3566206.0;867863.0;29016049.0;-31.0;12.0;53.0;-28.0;-22.0;10.0
12/05/2021;DE;9665.0;;3575871.0;1095873.0;30111922.0;-21.0;46.0;49.0;-24.0;-23.0;7.0
13/05/2021;DE;7643.0;;3583514.0;259261.0;30371183.0;-64.0;-86.0;115.0;-53.0;-82.0;23.0
14/05/2021;DE;8598.0;;3592112.0;518604.0;30889787.0;-28.0;17.0;75.0;-37.0;-49.0;15.0
15/05/2021;DE;4274.0;;3596386.0;234164.0;31123951.0;-43.0;-1.0;61.0;-30.0;-8.0;7.0
16/05/2021;DE;5251.0;;3601637.0;158476.0;31282427.0;-40.0;21.0;63.0;-24.0;1.0;4.0
17/05/2021;DE;12327.0;;3613964.0;352727.0;31635154.0;-28.0;10.0;38.0;-26.0;-21.0;8.0
18/05/2021;DE;11309.0;;3625273.0;558654.0;32193808.0;-29.0;10.0;50.0;-26.0;-20.0;9.0
19/05/2021;DE;8432.0;;3633705.0;621824.0;32815632.0;-26.0;10.0;67.0;-25.0;-20.0;8.0
20/05/2021;DE;7582.0;;3641287.0;483276.0;33298908.0;-26.0;13.0;73.0;-26.0;-19.0;8.0
21/05/2021;DE;5821.0;;3647108.0;418927.0;33717835.0;-28.0;16.0;59.0;-26.0;-19.0;8.0
22/05/2021;DE;2002.0;;3649110.0;185773.0;33903608.0;-36.0;10.0;56.0;-26.0;0.0;5.0
23/05/2021;DE;1798.0;;3650908.0;122732.0;34026340.0;-29.0;34.0;121.0;-19.0;1.0;2.0
24/05/2021;DE;3671.0;;3654579.0;141864.0;34168204.0;-53.0;-85.0;212.0;-46.0;-82.0;20.0
25/05/2021;DE;7151.0;;3661730.0;311755.0;34479959.0;-22.0;23.0;41.0;-28.0;-26.0;9.0
26/05/2021;DE;6818.0;;3668548.0;595248.0;35075207.0;-24.0;12.0;45.0;-27.0;-23.0;9.0
27/05/2021;DE;5160.0;;3673708.0;496682.0;35571889.0;-25.0;11.0;38.0;-28.0;-22.0;9.0
28/05/2021;DE;3690.0;;3677398.0;438936.0;36010825.0;-18.0;14.0;92.0;-23.0;-19.0;7.0
29/05/2021;DE;1606.0;;3679004.0;181788.0;36192613.0;-23.0;7.0;127.0;-15.0;8.0;2.0
30/05/2021;DE;2439.0;;3681443.0;102504.0;36295117.0;-5.0;63.0;188.0;-4.0;15.0;0.0
31/05/2021;DE;5104.0;;3686547.0;249335.0;36544452.0;-2.0;15.0;140.0;-17.0;-19.0;5.0
01/06/2021;DE;4487.0;;3691034.0;500307.0;37044759.0;-3.0;20.0;153.0;-15.0;-19.0;5.0
02/06/2021;DE;2939.0;;3693973.0;665881.0;37710640.0;3.0;35.0;166.0;-13.0;-19.0;3.0
03/06/2021;DE;2275.0;;3696248.0;285705.0;37996345.0;-31.0;-44.0;174.0;-33.0;-57.0;14.0
04/06/2021;DE;2308.0;;3698556.0;363659.0;38360004.0;-6.0;21.0;121.0;-24.0;-32.0;8.0
05/06/2021;DE;1135.0;;3699691.0;130336.0;38490340.0;-19.0;6.0;103.0;-18.0;4.0;3.0
06/06/2021;DE;1715.0;;3701406.0;63269.0;38553609.0;-21.0;49.0;81.0;-14.0;11.0;1.0
07/06/2021;DE;3537.0;;3704943.0;244997.0;38798606.0;-5.0;13.0;87.0;-18.0;-15.0;5.0
08/06/2021;DE;2866.0;;3707809.0;442174.0;39240780.0;-6.0;14.0;113.0;-16.0;-13.0;6.0
09/06/2021;DE;2282.0;;3710091.0;577746.0;39818526.0;-3.0;14.0;121.0;-16.0;-13.0;5.0
10/06/2021;DE;1842.0;;3711933.0;512193.0;40330719.0;-6.0;14.0;113.0;-17.0;-13.0;5.0
11/06/2021;DE;1311.0;;3713244.0;460080.0;40790799.0;-7.0;15.0;130.0;-16.0;-12.0;3.0
12/06/2021;DE;516.0;;3713760.0;166924.0;40957723.0;-14.0;6.0;119.0;-15.0;7.0;1.0
13/06/2021;DE;934.0;;3714694.0;67556.0;41025279.0;1.0;67.0;154.0;-6.0;15.0;-1.0
14/06/2021;DE;1703.0;;3716397.0;263863.0;41289142.0;-1.0;15.0;129.0;-16.0;-14.0;3.0
15/06/2021;DE;1445.0;;3717842.0;445170.0;41734312.0;-3.0;19.0;130.0;-15.0;-12.0;4.0
16/06/2021;DE;1160.0;;3719002.0;566707.0;42301019.0;-3.0;15.0;143.0;-16.0;-13.0;3.0
17/06/2021;DE;1033.0;;3720035.0;480489.0;42781508.0;-11.0;13.0;127.0;-18.0;-15.0;4.0
18/06/2021;DE;737.0;;3720772.0;410667.0;43192175.0;-11.0;13.0;128.0;-18.0;-14.0;4.0
19/06/2021;DE;276.0;;3721048.0;147966.0;43340141.0;-21.0;2.0;131.0;-15.0;5.0;0.0
20/06/2021;DE;609.0;;3721657.0;72989.0;43413130.0;-9.0;54.0;110.0;-12.0;12.0;0.0
21/06/2021;DE;1068.0;;3722725.0;238356.0;43651486.0;-6.0;13.0;88.0;-19.0;-16.0;4.0
22/06/2021;DE;905.0;;3723630.0;437519.0;44089005.0;-7.0;14.0;87.0;-17.0;-14.0;5.0
23/06/2021;DE;829.0;;3724459.0;562424.0;44651429.0;-4.0;13.0;99.0;-16.0;-14.0;4.0
24/06/2021;DE;740.0;;3725199.0;549391.0;45200820.0;-10.0;11.0;76.0;-18.0;-15.0;5.0
25/06/2021;DE;484.0;;3725683.0;415096.0;45615916.0;-7.0;12.0;107.0;-16.0;-14.0;4.0
26/06/2021;DE;223.0;;3725906.0;154711.0;45770627.0;-13.0;3.0;144.0;-8.0;8.0;-1.0
27/06/2021;DE;524.0;;3726430.0;88337.0;45858964.0;2.0;62.0;144.0;-4.0;16.0;-2.0
28/06/2021;DE;898.0;;3727328.0;260309.0;46119273.0;-5.0;12.0;110.0;-18.0;-15.0;3.0
29/06/2021;DE;866.0;;3728194.0;443410.0;46562683.0;-12.0;10.0;71.0;-20.0;-16.0;5.0
30/06/2021;DE;711.0;;3728905.0;521500.0;47084183.0;-4.0;15.0;65.0;-18.0;-15.0;4.0
01/07/2021;DE;670.0;;3729575.0;465871.0;47550054.0;-6.0;16.0;56.0;-16.0;-15.0;5.0
02/07/2021;DE;509.0;;3730084.0;391114.0;47941168.0;-2.0;16.0;108.0;-12.0;-13.0;3.0
03/07/2021;DE;208.0;;3730292.0;165650.0;48106818.0;-8.0;5.0;146.0;-3.0;8.0;-1.0
04/07/2021;DE;558.0;;3730850.0;94219.0;48201037.0;-1.0;64.0;95.0;-4.0;13.0;0.0
05/07/2021;DE;1064.0;;3731914.0;206660.0;48407697.0;0.0;16.0;91.0;-16.0;-18.0;4.0
06/07/2021;DE;962.0;;3732876.0;309172.0;48716869.0;-4.0;14.0;105.0;-16.0;-17.0;5.0
07/07/2021;DE;957.0;;3733833.0;360945.0;49077814.0;3.0;15.0;124.0;-15.0;-17.0;4.0
08/07/2021;DE;949.0;;3734782.0;290290.0;49368104.0;-6.0;13.0;79.0;-18.0;-18.0;5.0
09/07/2021;DE;791.0;;3735573.0;224962.0;49593066.0;-7.0;13.0;79.0;-17.0;-18.0;5.0
10/07/2021;DE;311.0;;3735884.0;105350.0;49698416.0;-8.0;5.0;145.0;-3.0;6.0;-1.0
11/07/2021;DE;803.0;;3736687.0;67505.0;49765921.0;4.0;66.0;110.0;0.0;13.0;-1.0
12/07/2021;DE;1765.0;;3738452.0;161847.0;49927768.0;1.0;12.0;131.0;-15.0;-20.0;4.0
13/07/2021;DE;1627.0;;3740079.0;210014.0;50137782.0;-5.0;13.0;102.0;-17.0;-20.0;6.0
14/07/2021;DE;1520.0;;3741599.0;240618.0;50378400.0;-2.0;11.0;90.0;-18.0;-20.0;6.0
15/07/2021;DE;1620.0;;3743219.0;201098.0;50579498.0;-2.0;13.0;105.0;-16.0;-20.0;5.0
16/07/2021;DE;1281.0;;3744500.0;170921.0;50750419.0;-3.0;12.0;116.0;-14.0;-19.0;4.0
17/07/2021;DE;499.0;;3744999.0;89698.0;50840117.0;-9.0;4.0;130.0;-2.0;4.0;-1.0
18/07/2021;DE;1431.0;;3746430.0;68499.0;50908616.0;17.0;78.0;157.0;7.0;16.0;-3.0
19/07/2021;DE;2341.0;;3748771.0;103178.0;51011794.0;4.0;15.0;130.0;-15.0;-23.0;4.0
20/07/2021;DE;2297.0;;3751068.0;149631.0;51161425.0;5.0;15.0;157.0;-14.0;-22.0;4.0
21/07/2021;DE;2226.0;;3753294.0;179423.0;51340848.0;7.0;13.0;160.0;-14.0;-21.0;4.0
22/07/2021;DE;2120.0;;3755414.0;144380.0;51485228.0;2.0;12.0;147.0;-14.0;-23.0;4.0
23/07/2021;DE;1594.0;;3757008.0;123280.0;51608508.0;-2.0;10.0;151.0;-14.0;-23.0;3.0
24/07/2021;DE;638.0;;3757646.0;63259.0;51671767.0;-14.0;1.0;133.0;-2.0;4.0;-1.0
25/07/2021;DE;1663.0;;3759309.0;36787.0;51708554.0;8.0;68.0;121.0;3.0;13.0;-1.0
26/07/2021;DE;3098.0;;3762407.0;82008.0;51790562.0;3.0;12.0;127.0;-17.0;-27.0;5.0
27/07/2021;DE;2845.0;;3765252.0;118239.0;51908801.0;3.0;12.0;148.0;-16.0;-26.0;6.0
28/07/2021;DE;2638.0;;3767890.0;143945.0;52052746.0;7.0;13.0;137.0;-16.0;-26.0;5.0
29/07/2021;DE;2529.0;;3770419.0;122654.0;52175400.0;7.0;14.0;144.0;-14.0;-26.0;5.0
30/07/2021;DE;1964.0;;3772383.0;107406.0;52282806.0;3.0;13.0;145.0;-13.0;-28.0;4.0
31/07/2021;DE;783.0;;3773166.0;59527.0;52342333.0;-7.0;5.0;130.0;3.0;3.0;-1.0
01/08/2021;DE;2122.0;;3775288.0;34809.0;52377142.0;7.0;66.0;97.0;5.0;8.0;-1.0
02/08/2021;DE;3754.0;;3779042.0;70497.0;52447639.0;8.0;16.0;122.0;-15.0;-31.0;5.0
03/08/2021;DE;3547.0;;3782589.0;96699.0;52544338.0;5.0;14.0;130.0;-16.0;-31.0;6.0
04/08/2021;DE;3531.0;;3786120.0;119863.0;52664201.0;8.0;13.0;142.0;-15.0;-30.0;5.0
05/08/2021;DE;3538.0;;3789658.0;104843.0;52769044.0;3.0;12.0;123.0;-16.0;-30.0;6.0
06/08/2021;DE;2793.0;;3792451.0;95139.0;52864183.0;-2.0;10.0;112.0;-16.0;-30.0;6.0
07/08/2021;DE;1141.0;;3793592.0;53636.0;52917819.0;-10.0;1.0;122.0;0.0;0.0;0.0
08/08/2021;DE;2925.0;;3796517.0;26673.0;52944492.0;11.0;70.0;117.0;8.0;8.0;-1.0
09/08/2021;DE;5559.0;;3802076.0;62189.0;53006681.0;8.0;14.0;138.0;-14.0;-31.0;5.0
10/08/2021;DE;5649.0;;3807725.0;93510.0;53100191.0;7.0;13.0;150.0;-14.0;-30.0;6.0
11/08/2021;DE;5445.0;;3813170.0;129121.0;53229312.0;11.0;12.0;187.0;-15.0;-30.0;4.0
12/08/2021;DE;5785.0;;3818955.0;126688.0;53356000.0;5.0;12.0;175.0;-17.0;-30.0;4.0
13/08/2021;DE;4638.0;;3823593.0;112725.0;53468725.0;-1.0;10.0;156.0;-13.0;-30.0;4.0
14/08/2021;DE;2071.0;;3825664.0;67899.0;53536624.0;-9.0;2.0;172.0;5.0;2.0;-2.0
15/08/2021;DE;4525.0;;3830189.0;37399.0;53574023.0;16.0;72.0;154.0;12.0;12.0;-3.0
16/08/2021;DE;8918.0;;3839107.0;85424.0;53659447.0;1.0;13.0;90.0;-16.0;-31.0;6.0
17/08/2021;DE;8759.0;;3847866.0;124492.0;53783939.0;3.0;15.0;108.0;-16.0;-30.0;7.0
18/08/2021;DE;8688.0;;3856554.0;148077.0;53932016.0;5.0;14.0;119.0;-13.0;-26.0;6.0
19/08/2021;DE;8835.0;;3865389.0;138706.0;54070722.0;0.0;11.0;116.0;-14.0;-26.0;5.0
20/08/2021;DE;6822.0;;3872211.0;123645.0;54194367.0;-1.0;10.0;132.0;-12.0;-26.0;4.0
21/08/2021;DE;3101.0;;3875312.0;72746.0;54267113.0;-8.0;0.0;173.0;4.0;2.0;-2.0
22/08/2021;DE;6582.0;;3881894.0;39084.0;54306197.0;-3.0;55.0;69.0;0.0;7.0;0.0
23/08/2021;DE;12901.0;;3894795.0;91582.0;54397779.0;1.0;13.0;102.0;-18.0;-26.0;5.0
24/08/2021;DE;12722.0;;3907517.0;131914.0;54529693.0;4.0;13.0;149.0;-16.0;-25.0;5.0
25/08/2021;DE;11623.0;;3919140.0;151501.0;54681194.0;8.0;11.0;156.0;-12.0;-24.0;4.0
26/08/2021;DE;10402.0;;3929542.0;140735.0;54821929.0;-2.0;13.0;86.0;-15.0;-25.0;6.0
27/08/2021;DE;8406.0;;3937948.0;120864.0;54942793.0;-5.0;11.0;77.0;-15.0;-24.0;5.0
28/08/2021;DE;3740.0;;3941688.0;71007.0;55013800.0;-10.0;4.0;77.0;-3.0;0.0;1.0
29/08/2021;DE;7089.0;;3948777.0;36006.0;55049806.0;-10.0;43.0;35.0;-4.0;5.0;1.0
30/08/2021;DE;14582.0;;3963359.0;85885.0;55135691.0;3.0;16.0;72.0;-13.0;-22.0;5.0
31/08/2021;DE;14737.0;;3978096.0;127077.0;55262768.0;7.0;20.0;111.0;-9.0;-20.0;5.0
01/09/2021;DE;12724.0;;3990820.0;136160.0;55398928.0;10.0;17.0;131.0;-7.0;-19.0;3.0
02/09/2021;DE;12073.0;;4002893.0;123126.0;55522054.0;5.0;16.0;130.0;-12.0;-18.0;3.0
03/09/2021;DE;9487.0;;4012380.0;97732.0;55619786.0;3.0;14.0;141.0;-11.0;-18.0;2.0
04/09/2021;DE;4047.0;;4016427.0;47864.0;55667650.0;-4.0;5.0;155.0;0.0;5.0;-2.0
05/09/2021;DE;7013.0;;4023440.0;26431.0;55694081.0;26.0;88.0;163.0;9.0;14.0;-3.0
06/09/2021;DE;15122.0;;4038562.0;64710.0;55758791.0;5.0;14.0;127.0;-11.0;-18.0;3.0
07/09/2021;DE;14156.0;;4052718.0;102555.0;55861346.0;5.0;15.0;143.0;-7.0;-16.0;4.0
08/09/2021;DE;12389.0;;4065107.0;113882.0;55975228.0;9.0;13.0;165.0;-6.0;-16.0;2.0
09/09/2021;DE;11146.0;;4076253.0;111812.0;56087040.0;2.0;13.0;136.0;-7.0;-16.0;3.0
10/09/2021;DE;8552.0;;4084805.0;85255.0;56172295.0;-2.0;12.0;101.0;-8.0;-16.0;3.0
11/09/2021;DE;3283.0;;4088088.0;43269.0;56215564.0;-5.0;7.0;112.0;1.0;3.0;0.0
12/09/2021;DE;6887.0;;4094975.0;22775.0;56238339.0;21.0;82.0;136.0;13.0;12.0;-2.0
13/09/2021;DE;13392.0;;4108367.0;61801.0;56300140.0;5.0;16.0;109.0;-7.0;-16.0;3.0
14/09/2021;DE;12219.0;;4120586.0;104190.0;56404330.0;5.0;16.0;137.0;-5.0;-15.0;3.0
15/09/2021;DE;10273.0;;4130859.0;113805.0;56518135.0;0.0;14.0;71.0;-8.0;-15.0;4.0
16/09/2021;DE;8889.0;;4139748.0;114047.0;56632182.0;-2.0;15.0;75.0;-9.0;-17.0;3.0
17/09/2021;DE;7035.0;;4146783.0;88498.0;56720680.0;-1.0;13.0;94.0;-8.0;-18.0;3.0
18/09/2021;DE;2779.0;;4149562.0;41378.0;56762058.0;-4.0;5.0;126.0;2.0;1.0;-1.0
19/09/2021;DE;5408.0;;4154970.0;21710.0;56783768.0;12.0;74.0;107.0;7.0;6.0;-1.0
20/09/2021;DE;11259.0;;4166229.0;52667.0;56836435.0;-1.0;11.0;82.0;-11.0;-19.0;4.0
21/09/2021;DE;10458.0;;4176687.0;89607.0;56926042.0;-1.0;13.0;94.0;-10.0;-15.0;4.0
22/09/2021;DE;9088.0;;4185775.0;96077.0;57022119.0;3.0;11.0;113.0;-9.0;-13.0;3.0
23/09/2021;DE;8409.0;;4194184.0;99331.0;57121450.0;-2.0;11.0;90.0;-10.0;-14.0;3.0
24/09/2021;DE;6350.0;;4200534.0;73633.0;57195083.0;-2.0;11.0;96.0;-8.0;-15.0;3.0
25/09/2021;DE;2646.0;;4203180.0;32404.0;57227487.0;-5.0;3.0;136.0;1.0;4.0;-1.0
26/09/2021;DE;5770.0;;4208950.0;16865.0;57244352.0;23.0;94.0;123.0;13.0;14.0;-2.0
27/09/2021;DE;12651.0;;4221601.0;47159.0;57291511.0;-3.0;11.0;70.0;-12.0;-14.0;4.0
28/09/2021;DE;11379.0;;4232980.0;81977.0;57373488.0;-1.0;14.0;88.0;-10.0;-14.0;4.0
29/09/2021;DE;9500.0;;4242480.0;82426.0;57455914.0;-3.0;11.0;53.0;-15.0;-16.0;4.0
30/09/2021;DE;8387.0;;4250867.0;75191.0;57531105.0;1.0;17.0;71.0;-11.0;-15.0;3.0
01/10/2021;DE;6152.0;;4257019.0;43958.0;57575063.0;2.0;14.0;87.0;-9.0;-16.0;3.0
02/10/2021;DE;2649.0;;4259668.0;12197.0;57587260.0;-2.0;6.0;105.0;-1.0;2.0;0.0
03/10/2021;DE;5671.0;;4265339.0;3252.0;57590512.0;3.0;53.0;70.0;0.0;4.0;0.0
04/10/2021;DE;12217.0;;4277556.0;31737.0;57622249.0;-1.0;13.0;58.0;-14.0;-18.0;3.0
05/10/2021;DE;11114.0;;4288670.0;64843.0;57687092.0;-5.0;11.0;48.0;-15.0;-17.0;5.0
06/10/2021;DE;10136.0;;4298806.0;65616.0;57752708.0;-2.0;10.0;59.0;-15.0;-16.0;4.0
07/10/2021;DE;9222.0;;4308028.0;71269.0;57823977.0;-2.0;12.0;74.0;-13.0;-16.0;4.0
08/10/2021;DE;7016.0;;4315044.0;48475.0;57872452.0;-2.0;11.0;80.0;-12.0;-17.0;3.0
09/10/2021;DE;2636.0;;4317680.0;15257.0;57887709.0;-3.0;4.0;118.0;0.0;1.0;-1.0
10/10/2021;DE;6261.0;;4323941.0;5071.0;57892780.0;20.0;91.0;126.0;9.0;6.0;-1.0
11/10/2021;DE;12644.0;;4336585.0;30849.0;57923629.0;-2.0;10.0;60.0;-17.0;-22.0;4.0
12/10/2021;DE;12057.0;;4348642.0;58557.0;57982186.0;-6.0;9.0;46.0;-18.0;-21.0;6.0
13/10/2021;DE;11340.0;;4359982.0;61721.0;58043907.0;0.0;9.0;68.0;-17.0;-21.0;5.0
14/10/2021;DE;11152.0;;4371134.0;63490.0;58107397.0;-5.0;9.0;46.0;-18.0;-21.0;5.0
15/10/2021;DE;8489.0;;4379623.0;43069.0;58150466.0;-5.0;9.0;54.0;-16.0;-22.0;5.0
16/10/2021;DE;3409.0;;4383032.0;15114.0;58165580.0;-7.0;4.0;84.0;-3.0;-1.0;1.0
17/10/2021;DE;8142.0;;4391174.0;4442.0;58170022.0;3.0;63.0;78.0;0.0;2.0;0.0
18/10/2021;DE;19165.0;;4410339.0;28034.0;58198056.0;0.0;12.0;76.0;-17.0;-23.0;4.0
19/10/2021;DE;17978.0;;4428317.0;53356.0;58251412.0;-4.0;10.0;63.0;-17.0;-22.0;6.0
20/10/2021;DE;17297.0;;4445614.0;54358.0;58305770.0;0.0;9.0;79.0;-16.0;-22.0;5.0
21/10/2021;DE;16674.0;;4462288.0;55742.0;58361512.0;-12.0;4.0;23.0;-21.0;-23.0;7.0
22/10/2021;DE;13289.0;;4475577.0;38643.0;58400155.0;-7.0;10.0;36.0;-18.0;-23.0;6.0
23/10/2021;DE;5179.0;;4480756.0;13940.0;58414095.0;-8.0;5.0;72.0;-5.0;0.0;1.0
24/10/2021;DE;11872.0;;4492628.0;4033.0;58418128.0;10.0;69.0;116.0;4.0;4.0;0.0
25/10/2021;DE;26379.0;;4519007.0;25724.0;58443852.0;-4.0;10.0;56.0;-15.0;-18.0;4.0
26/10/2021;DE;27297.0;;4546304.0;52135.0;58495987.0;-4.0;12.0;58.0;-14.0;-17.0;5.0
27/10/2021;DE;24357.0;;4570661.0;54432.0;58550419.0;0.0;11.0;66.0;-14.0;-16.0;5.0
28/10/2021;DE;22575.0;;4593236.0;55645.0;58606064.0;0.0;15.0;75.0;-12.0;-16.0;4.0
29/10/2021;DE;17078.0;;4610314.0;39861.0;58645925.0;2.0;18.0;69.0;-10.0;-18.0;4.0
30/10/2021;DE;7452.0;;4617766.0;14538.0;58660463.0;-5.0;14.0;57.0;-3.0;0.0;1.0
31/10/2021;DE;11487.0;;4629253.0;3980.0;58664443.0;15.0;80.0;104.0;10.0;2.0;-1.0
01/11/2021;DE;24398.0;;4653651.0;12046.0;58676489.0;-24.0;-39.0;55.0;-27.0;-54.0;13.0
02/11/2021;DE;36145.0;;4689796.0;43320.0;58719809.0;-1.0;25.0;36.0;-14.0;-17.0;5.0
03/11/2021;DE;36463.0;;4726259.0;54029.0;58773838.0;-2.0;14.0;33.0;-15.0;-16.0;5.0
04/11/2021;DE;33748.0;;4760007.0;58424.0;58832262.0;-9.0;11.0;8.0;-18.0;-17.0;6.0
05/11/2021;DE;23769.0;;4783776.0;43227.0;58875489.0;-5.0;14.0;26.0;-16.0;-17.0;6.0
06/11/2021;DE;11868.0;;4795644.0;18986.0;58894475.0;-8.0;8.0;44.0;-10.0;1.0;3.0
07/11/2021;DE;24287.0;;4819931.0;5986.0;58900461.0;-8.0;55.0;18.0;-10.0;0.0;3.0
08/11/2021;DE;47188.0;;4867119.0;31157.0;58931618.0;-6.0;12.0;22.0;-16.0;-14.0;5.0
09/11/2021;DE;50847.0;;4917966.0;61556.0;58993174.0;-5.0;14.0;47.0;-14.0;-13.0;5.0
10/11/2021;DE;49748.0;;4967714.0;65747.0;59058921.0;-4.0;13.0;39.0;-15.0;-13.0;5.0
11/11/2021;DE;46081.0;;5013795.0;70076.0;59128997.0;-7.0;13.0;33.0;-15.0;-13.0;5.0
12/11/2021;DE;33973.0;;5047768.0;54758.0;59183755.0;-7.0;13.0;22.0;-17.0;-15.0;6.0
13/11/2021;DE;19039.0;;5066807.0;26091.0;59209846.0;-11.0;8.0;16.0;-17.0;-1.0;4.0
14/11/2021;DE;34589.0;;5101396.0;7969.0;59217815.0;-16.0;27.0;25.0;-12.0;-2.0;3.0
15/11/2021;DE;62991.0;;5164387.0;39876.0;59257691.0;-7.0;12.0;14.0;-18.0;-15.0;5.0
16/11/2021;DE;63184.0;;5227571.0;72600.0;59330291.0;-8.0;14.0;20.0;-17.0;-14.0;6.0
17/11/2021;DE;61244.0;;5288815.0;75175.0;59405466.0;-9.0;7.0;20.0;-20.0;-18.0;7.0
18/11/2021;DE;62541.0;;5351356.0;82635.0;59488101.0;-9.0;14.0;19.0;-18.0;-14.0;6.0
19/11/2021;DE;42338.0;;5393694.0;72711.0;59560812.0;-8.0;14.0;18.0;-18.0;-15.0;7.0
20/11/2021;DE;24780.0;;5418474.0;48919.0;59609731.0;-11.0;9.0;30.0;-14.0;0.0;4.0
21/11/2021;DE;46631.0;;5465105.0;14541.0;59624272.0;-20.0;21.0;16.0;-15.0;-3.0;4.0
22/11/2021;DE;74537.0;;5539642.0;68297.0;59692569.0;-6.0;14.0;22.0;-19.0;-15.0;6.0
23/11/2021;DE;75734.0;;5615376.0;125755.0;59818324.0;-8.0;16.0;27.0;-19.0;-15.0;7.0
24/11/2021;DE;71882.0;;5687258.0;144209.0;59962533.0;-5.0;16.0;28.0;-20.0;-15.0;7.0
25/11/2021;DE;64074.0;;5751332.0;145473.0;60108006.0;-9.0;17.0;15.0;-21.0;-16.0;7.0
26/11/2021;DE;44949.0;;5796281.0;116978.0;60224984.0;-5.0;19.0;13.0;-20.0;-17.0;8.0
27/11/2021;DE;25529.0;;5821810.0;110235.0;60335219.0;-12.0;12.0;20.0;-19.0;-1.0;5.0
28/11/2021;DE;44357.0;;5866167.0;26632.0;60361851.0;-22.0;38.0;21.0;-16.0;-3.0;4.0
29/11/2021;DE;73601.0;;5939768.0;83534.0;60445385.0;-6.0;19.0;8.0;-21.0;-17.0;7.0
30/11/2021;DE;73997.0;;6013765.0;122851.0;60568236.0;-10.0;20.0;-1.0;-21.0;-16.0;8.0
01/12/2021;DE;68022.0;;6081787.0;125760.0;60693996.0;-7.0;21.0;8.0;-21.0;-16.0;7.0
02/12/2021;DE;62529.0;;6144316.0;117136.0;60811132.0;-10.0;20.0;8.0;-22.0;-16.0;7.0
03/12/2021;DE;42496.0;;6186812.0;97773.0;60908905.0;-9.0;21.0;10.0;-22.0;-17.0;8.0
04/12/2021;DE;23063.0;;6209875.0;87518.0;60996423.0;-15.0;16.0;7.0;-21.0;-2.0;5.0
05/12/2021;DE;42521.0;;6252396.0;21363.0;61017786.0;-24.0;45.0;17.0;-18.0;-3.0;4.0
06/12/2021;DE;69323.0;;6321719.0;68196.0;61085982.0;-6.0;20.0;13.0;-21.0;-16.0;6.0
07/12/2021;DE;67195.0;;6388914.0;94562.0;61180544.0;-10.0;18.0;18.0;-21.0;-14.0;8.0
08/12/2021;DE;57694.0;;6446608.0;101429.0;61281973.0;-9.0;16.0;15.0;-22.0;-13.0;7.0
09/12/2021;DE;51146.0;;6497754.0;93902.0;61375875.0;-12.0;17.0;9.0;-22.0;-13.0;8.0
10/12/2021;DE;34655.0;;6532409.0;78718.0;61454593.0;-11.0;18.0;11.0;-22.0;-13.0;8.0
11/12/2021;DE;15551.0;;6547960.0;73119.0;61527712.0;-14.0;14.0;23.0;-19.0;3.0;5.0
12/12/2021;DE;31606.0;;6579566.0;17837.0;61545549.0;-28.0;29.0;3.0;-22.0;-1.0;5.0
13/12/2021;DE;60223.0;;6639789.0;54273.0;61599822.0;-5.0;21.0;13.0;-21.0;-13.0;7.0
14/12/2021;DE;52427.0;;6692216.0;87812.0;61687634.0;-6.0;23.0;18.0;-20.0;-12.0;7.0
15/12/2021;DE;47273.0;;6739489.0;104580.0;61792214.0;-2.0;23.0;23.0;-19.0;-12.0;7.0
16/12/2021;DE;41271.0;;6780760.0;104675.0;61896889.0;-5.0;24.0;19.0;-20.0;-12.0;7.0
17/12/2021;DE;28512.0;;6809272.0;105723.0;62002612.0;-6.0;22.0;17.0;-20.0;-13.0;7.0
18/12/2021;DE;12233.0;;6821505.0;107679.0;62110291.0;-12.0;16.0;21.0;-15.0;4.0;4.0
19/12/2021;DE;26958.0;;6848463.0;42159.0;62152450.0;-22.0;45.0;14.0;-19.0;0.0;5.0
20/12/2021;DE;48245.0;;6896708.0;75276.0;62227726.0;6.0;34.0;29.0;-22.0;-20.0;7.0
21/12/2021;DE;40925.0;;6937633.0;99750.0;62327476.0;3.0;38.0;26.0;-22.0;-20.0;8.0
22/12/2021;DE;34981.0;;6972614.0;100910.0;62428386.0;8.0;48.0;24.0;-22.0;-25.0;8.0
23/12/2021;DE;21890.0;;6994504.0;59399.0;62487785.0;2.0;53.0;5.0;-28.0;-40.0;12.0
24/12/2021;DE;10428.0;;7004932.0;4010.0;62491795.0;-56.0;-26.0;-26.0;-55.0;-77.0;20.0
25/12/2021;DE;10419.0;;7015351.0;1647.0;62493442.0;-78.0;-93.0;-14.0;-51.0;-54.0;8.0
26/12/2021;DE;24486.0;;7039837.0;5299.0;62498741.0;-45.0;-11.0;2.0;-29.0;-14.0;2.0
27/12/2021;DE;43336.0;;7083173.0;50648.0;62549389.0;-8.0;4.0;29.0;-40.0;-60.0;16.0
28/12/2021;DE;41670.0;;7124843.0;64540.0;62613929.0;-9.0;10.0;17.0;-41.0;-58.0;17.0
29/12/2021;DE;41448.0;;7166291.0;64781.0;62678710.0;-2.0;22.0;30.0;-39.0;-58.0;15.0
30/12/2021;DE;28951.0;;7195242.0;46654.0;62725364.0;-1.0;41.0;30.0;-37.0;-58.0;15.0
31/12/2021;DE;14221.0;;7209463.0;4773.0;62730137.0;-41.0;-12.0;46.0;-50.0;-75.0;19.0
01/01/2022;DE;14571.0;;7224034.0;2217.0;62732354.0;-75.0;-92.0;44.0;-44.0;-54.0;10.0
02/01/2022;DE;35963.0;;7259997.0;16421.0;62748775.0;-28.0;21.0;27.0;-20.0;-6.0;5.0
03/01/2022;DE;64502.0;;7324499.0;39478.0;62788253.0;-11.0;15.0;9.0;-33.0;-34.0;12.0
04/01/2022;DE;64507.0;;7389006.0;57444.0;62845697.0;-17.0;9.0;-5.0;-35.0;-33.0;13.0
05/01/2022;DE;56308.0;;7445314.0;60368.0;62906065.0;-13.0;15.0;3.0;-34.0;-31.0;11.0
06/01/2022;DE;55937.0;;7501251.0;51479.0;62957544.0;-27.0;-16.0;36.0;-37.0;-42.0;15.0
07/01/2022;DE;37057.0;;7538308.0;56743.0;63014287.0;-20.0;10.0;-10.0;-37.0;-32.0;13.0
08/01/2022;DE;23750.0;;7562058.0;45727.0;63060014.0;-26.0;2.0;6.0;-29.0;-5.0;7.0
09/01/2022;DE;53748.0;;7615806.0;18711.0;63078725.0;-34.0;14.0;-5.0;-27.0;0.0;6.0
10/01/2022;DE;86096.0;;7701902.0;37364.0;63116089.0;-16.0;12.0;7.0;-25.0;-13.0;7.0
11/01/2022;DE;88406.0;;7790308.0;54356.0;63170445.0;-17.0;12.0;12.0;-26.0;-13.0;8.0
12/01/2022;DE;84093.0;;7874401.0;59799.0;63230244.0;-17.0;10.0;11.0;-27.0;-13.0;8.0
13/01/2022;DE;80787.0;;7955188.0;58308.0;63288552.0;-19.0;12.0;8.0;-27.0;-13.0;8.0
14/01/2022;DE;57171.0;;8012359.0;62477.0;63351029.0;-19.0;11.0;4.0;-28.0;-13.0;8.0
15/01/2022;DE;35628.0;;8047987.0;58709.0;63409738.0;-21.0;5.0;16.0;-27.0;-1.0;6.0
16/01/2022;DE;82788.0;;8130775.0;18906.0;63428644.0;-30.0;13.0;8.0;-29.0;-1.0;5.0
17/01/2022;DE;126732.0;;8257507.0;39578.0;63468222.0;-18.0;8.0;0.0;-27.0;-14.0;7.0
18/01/2022;DE;140186.0;;8397693.0;50672.0;63518894.0;-17.0;11.0;14.0;-26.0;-13.0;8.0
19/01/2022;DE;144621.0;;8542314.0;58595.0;63577489.0;-16.0;9.0;13.0;-27.0;-14.0;7.0
20/01/2022;DE;144031.0;;8686345.0;57805.0;63635294.0;-22.0;8.0;-3.0;-28.0;-14.0;8.0
21/01/2022;DE;96237.0;;8782582.0;53352.0;63688646.0;-20.0;10.0;0.0;-28.0;-14.0;9.0
22/01/2022;DE;61850.0;;8844432.0;38307.0;63726953.0;-24.0;4.0;1.0;-29.0;-1.0;6.0
23/01/2022;DE;139256.0;;8983688.0;13271.0;63740224.0;-27.0;22.0;18.0;-26.0;0.0;5.0
24/01/2022;DE;193485.0;;9177173.0;31071.0;63771295.0;-17.0;8.0;14.0;-26.0;-15.0;7.0
25/01/2022;DE;194722.0;;9371895.0;41495.0;63812790.0;-19.0;9.0;12.0;-27.0;-15.0;8.0
26/01/2022;DE;198897.0;;9570792.0;41493.0;63854283.0;-18.0;7.0;9.0;-28.0;-15.0;8.0
27/01/2022;DE;187661.0;;9758453.0;41804.0;63896087.0;-21.0;8.0;-3.0;-29.0;-15.0;9.0
28/01/2022;DE;124355.0;;9882808.0;38528.0;63934615.0;-15.0;13.0;14.0;-27.0;-15.0;8.0
29/01/2022;DE;74532.0;;9957340.0;26470.0;63961085.0;-21.0;5.0;-4.0;-28.0;-1.0;6.0
30/01/2022;DE;158767.0;;10116107.0;8909.0;63969994.0;-22.0;28.0;30.0;-24.0;0.0;4.0
31/01/2022;DE;230670.0;;10346777.0;21547.0;63991541.0;-16.0;9.0;-2.0;-27.0;-18.0;8.0
01/02/2022;DE;239485.0;;10586262.0;25548.0;64017089.0;-18.0;10.0;-4.0;-27.0;-17.0;9.0
02/02/2022;DE;237361.0;;10823623.0;30625.0;64047714.0;-12.0;12.0;19.0;-25.0;-15.0;8.0
03/02/2022;DE;209896.0;;11033519.0;28731.0;64076445.0;-17.0;11.0;5.0;-26.0;-15.0;8.0
04/02/2022;DE;133325.0;;11166844.0;26120.0;64102565.0;-17.0;11.0;1.0;-27.0;-16.0;9.0
05/02/2022;DE;82842.0;;11249686.0;16358.0;64118923.0;-16.0;7.0;33.0;-22.0;-1.0;5.0
06/02/2022;DE;178271.0;;11427957.0;5576.0;64124499.0;-36.0;7.0;-33.0;-33.0;-3.0;6.0
07/02/2022;DE;251110.0;;11679067.0;12818.0;64137317.0;-15.0;9.0;17.0;-24.0;-16.0;7.0
08/02/2022;DE;247565.0;;11926632.0;21543.0;64158860.0;-16.0;10.0;16.0;-24.0;-15.0;8.0
09/02/2022;DE;229836.0;;12156468.0;19973.0;64178833.0;-11.0;10.0;40.0;-22.0;-15.0;7.0
10/02/2022;DE;206355.0;;12362823.0;18787.0;64197620.0;-16.0;11.0;15.0;-24.0;-15.0;8.0
11/02/2022;DE;122323.0;;12485146.0;17496.0;64215116.0;-15.0;12.0;11.0;-24.0;-16.0;8.0
12/02/2022;DE;74095.0;;12559241.0;10504.0;64225620.0;-12.0;7.0;66.0;-15.0;0.0;4.0
13/02/2022;DE;158486.0;;12717727.0;3027.0;64228647.0;-3.0;47.0;102.0;-8.0;2.0;2.0
14/02/2022;DE;228951.0;;12946678.0;9542.0;64238189.0;-4.0;15.0;39.0;-21.0;-18.0;6.0
15/02/2022;DE;230322.0;;13177000.0;14401.0;64252590.0;-13.0;11.0;35.0;-21.0;-16.0;7.0
16/02/2022;DE;213344.0;;13390344.0;13035.0;64265625.0;-15.0;8.0;9.0;-24.0;-16.0;8.0
17/02/2022;DE;178608.0;;13568952.0;12828.0;64278453.0;-23.0;1.0;0.0;-32.0;-21.0;10.0
18/02/2022;DE;119574.0;;13688526.0;16204.0;64294657.0;-20.0;9.0;2.0;-27.0;-17.0;9.0
19/02/2022;DE;64247.0;;13752773.0;6711.0;64301368.0;-17.0;4.0;27.0;-21.0;-1.0;5.0
20/02/2022;DE;139673.0;;13892446.0;2385.0;64303753.0;-27.0;19.0;-10.0;-25.0;0.0;5.0
21/02/2022;DE;218692.0;;14111138.0;10284.0;64314037.0;-17.0;6.0;5.0;-25.0;-16.0;7.0
22/02/2022;DE;208530.0;;14319668.0;11691.0;64325728.0;-14.0;11.0;25.0;-22.0;-15.0;7.0
23/02/2022;DE;190230.0;;14509898.0;10773.0;64336501.0;-6.0;12.0;74.0;-19.0;-14.0;6.0
24/02/2022;DE;171826.0;;14681724.0;11397.0;64347898.0;-15.0;10.0;27.0;-22.0;-15.0;7.0
25/02/2022;DE;108569.0;;14790293.0;9517.0;64357415.0;-16.0;11.0;11.0;-23.0;-17.0;8.0
26/02/2022;DE;55465.0;;14845758.0;4986.0;64362401.0;-13.0;7.0;60.0;-11.0;1.0;3.0
27/02/2022;DE;128727.0;;14974485.0;2358.0;64364759.0;0.0;50.0;104.0;-3.0;4.0;1.0
28/02/2022;DE;193952.0;;15168437.0;8794.0;64373553.0;-5.0;14.0;66.0;-20.0;-22.0;6.0
01/03/2022;DE;205530.0;;15373967.0;10107.0;64383660.0;-9.0;14.0;54.0;-20.0;-18.0;7.0
02/03/2022;DE;212459.0;;15586426.0;10933.0;64394593.0;-8.0;13.0;56.0;-19.0;-16.0;6.0
03/03/2022;DE;190250.0;;15776676.0;11365.0;64405958.0;-12.0;13.0;50.0;-20.0;-15.0;6.0
04/03/2022;DE;122136.0;;15898812.0;11362.0;64417320.0;-12.0;13.0;36.0;-22.0;-16.0;7.0
05/03/2022;DE;79372.0;;15978184.0;6409.0;64423729.0;-13.0;6.0;54.0;-12.0;1.0;3.0
06/03/2022;DE;165462.0;;16143646.0;4299.0;64428028.0;-11.0;39.0;43.0;-11.0;3.0;2.0
07/03/2022;DE;247340.0;;16390986.0;7986.0;64436014.0;-12.0;12.0;41.0;-22.0;-16.0;6.0
08/03/2022;DE;261287.0;;16652273.0;9198.0;64445212.0;-12.0;11.0;60.0;-21.0;-17.0;7.0
09/03/2022;DE;254150.0;;16906423.0;8192.0;64453404.0;-11.0;11.0;62.0;-20.0;-13.0;6.0
10/03/2022;DE;238431.0;;17144854.0;8562.0;64461966.0;-15.0;12.0;52.0;-21.0;-13.0;6.0
11/03/2022;DE;155558.0;;17300412.0;9484.0;64471450.0;-15.0;12.0;39.0;-22.0;-14.0;7.0
12/03/2022;DE;88785.0;;17389197.0;4495.0;64475945.0;-15.0;6.0;64.0;-13.0;2.0;3.0
13/03/2022;DE;207850.0;;17597047.0;1645.0;64477590.0;0.0;51.0;92.0;-1.0;5.0;1.0
14/03/2022;DE;285043.0;;17882090.0;4910.0;64482500.0;-16.0;14.0;27.0;-22.0;-15.0;6.0
15/03/2022;DE;307361.0;;18189451.0;7269.0;64489769.0;-19.0;13.0;21.0;-22.0;-14.0;7.0
16/03/2022;DE;294896.0;;18484347.0;6541.0;64496310.0;-13.0;12.0;47.0;-20.0;-14.0;6.0
17/03/2022;DE;254584.0;;18738931.0;6419.0;64502729.0;-19.0;12.0;19.0;-23.0;-14.0;7.0
18/03/2022;DE;142961.0;;18881892.0;6447.0;64509176.0;-14.0;12.0;48.0;-20.0;-15.0;7.0
19/03/2022;DE;89064.0;;18970956.0;3462.0;64512638.0;-15.0;4.0;60.0;-12.0;1.0;3.0
20/03/2022;DE;237800.0;;19208756.0;1803.0;64514441.0;-4.0;49.0;74.0;-4.0;3.0;1.0
21/03/2022;DE;304711.0;;19513467.0;4010.0;64518451.0;-13.0;11.0;58.0;-19.0;-14.0;5.0
22/03/2022;DE;307873.0;;19821340.0;6998.0;64525449.0;-12.0;11.0;79.0;-18.0;-13.0;6.0
23/03/2022;DE;286250.0;;20107590.0;5830.0;64531279.0;-9.0;10.0;87.0;-17.0;-13.0;5.0
24/03/2022;DE;244254.0;;20351844.0;6026.0;64537305.0;-12.0;12.0;73.0;-18.0;-13.0;5.0
25/03/2022;DE;138104.0;;20489948.0;5338.0;64542643.0;-11.0;12.0;74.0;-18.0;-14.0;6.0
26/03/2022;DE;69558.0;;20559506.0;2845.0;64545488.0;-13.0;5.0;96.0;-9.0;3.0;2.0
27/03/2022;DE;206808.0;;20766314.0;928.0;64546416.0;5.0;61.0;115.0;2.0;6.0;0.0
28/03/2022;DE;274373.0;;21040687.0;3341.0;64549757.0;-11.0;11.0;72.0;-18.0;-14.0;5.0
29/03/2022;DE;259985.0;;21300672.0;5612.0;64555369.0;-13.0;13.0;53.0;-19.0;-13.0;6.0
30/03/2022;DE;231940.0;;21532612.0;5092.0;64560461.0;-12.0;13.0;34.0;-20.0;-12.0;6.0
31/03/2022;DE;182225.0;;21714837.0;5826.0;64566287.0;-16.0;15.0;14.0;-20.0;-12.0;6.0
01/04/2022;DE;93032.0;;21807869.0;4017.0;64570304.0;-17.0;12.0;5.0;-21.0;-13.0;6.0
02/04/2022;DE;46454.0;;21854323.0;2034.0;64572338.0;-19.0;6.0;15.0;-17.0;1.0;4.0
03/04/2022;DE;155272.0;;22009595.0;961.0;64573299.0;-10.0;59.0;31.0;-8.0;5.0;2.0
04/04/2022;DE;211119.0;;22220714.0;2269.0;64575568.0;-17.0;12.0;11.0;-21.0;-14.0;5.0
05/04/2022;DE;189029.0;;22409743.0;4206.0;64579774.0;-17.0;13.0;19.0;-20.0;-13.0;6.0
06/04/2022;DE;167931.0;;22577674.0;5641.0;64585415.0;-11.0;13.0;39.0;-18.0;-13.0;5.0
07/04/2022;DE;142931.0;;22720605.0;3898.0;64589313.0;-18.0;11.0;11.0;-20.0;-13.0;6.0
08/04/2022;DE;75995.0;;22796600.0;3621.0;64592934.0;-13.0;15.0;17.0;-17.0;-13.0;6.0
09/04/2022;DE;42584.0;;22839184.0;1567.0;64594501.0;-13.0;9.0;29.0;-9.0;4.0;2.0
10/04/2022;DE;140461.0;;22979645.0;548.0;64595049.0;-7.0;51.0;45.0;-4.0;6.0;2.0
11/04/2022;DE;182825.0;;23162470.0;1930.0;64596979.0;0.0;21.0;83.0;-16.0;-21.0;4.0
12/04/2022;DE;158905.0;;23321375.0;2543.0;64599522.0;1.0;21.0;112.0;-14.0;-21.0;5.0
13/04/2022;DE;150843.0;;23472218.0;4358.0;64603880.0;4.0;29.0;120.0;-13.0;-22.0;4.0
14/04/2022;DE;60931.0;;23533149.0;2723.0;64606603.0;5.0;46.0;90.0;-12.0;-27.0;3.0
15/04/2022;DE;51726.0;;23584875.0;311.0;64606914.0;-55.0;-87.0;105.0;-42.0;-83.0;20.0
16/04/2022;DE;34145.0;;23619020.0;485.0;64607399.0;-10.0;23.0;119.0;-6.0;-4.0;1.0
17/04/2022;DE;36768.0;;23655788.0;223.0;64607622.0;-5.0;32.0;143.0;3.0;-1.0;-3.0
18/04/2022;DE;158768.0;;23814556.0;173.0;64607795.0;-37.0;-84.0;214.0;-32.0;-84.0;15.0
19/04/2022;DE;179808.0;;23994364.0;4503.0;64612298.0;-2.0;25.0;102.0;-15.0;-27.0;5.0
20/04/2022;DE;156079.0;;24150443.0;2102.0;64614400.0;-1.0;12.0;108.0;-16.0;-24.0;5.0
21/04/2022;DE;119685.0;;24270128.0;2128.0;64616528.0;-7.0;13.0;79.0;-18.0;-23.0;6.0
22/04/2022;DE;54449.0;;24324577.0;2417.0;64618945.0;-7.0;11.0;78.0;-17.0;-23.0;5.0
23/04/2022;DE;27010.0;;24351587.0;1159.0;64620104.0;-12.0;6.0;98.0;0.0;6.0;0.0
24/04/2022;DE;119015.0;;24470602.0;376.0;64620480.0;-8.0;50.0;52.0;1.0;10.0;1.0
25/04/2022;DE;139540.0;;24610142.0;1945.0;64622425.0;-10.0;13.0;42.0;-13.0;-10.0;4.0
26/04/2022;DE;115787.0;;24725929.0;4993.0;64627418.0;-11.0;14.0;52.0;-12.0;-9.0;5.0
27/04/2022;DE;94774.0;;24820703.0;2557.0;64629975.0;-3.0;16.0;84.0;-10.0;-8.0;3.0
28/04/2022;DE;78275.0;;24898978.0;2546.0;64632521.0;-2.0;18.0;90.0;-9.0;-8.0;3.0
29/04/2022;DE;33916.0;;24932894.0;7560.0;64640081.0;-1.0;20.0;85.0;-7.0;-9.0;2.0
30/04/2022;DE;15769.0;;24948663.0;1165.0;64641246.0;-6.0;12.0;91.0;3.0;10.0;0.0
01/05/2022;DE;87121.0;;25035784.0;258.0;64641504.0;5.0;59.0;112.0;13.0;12.0;-1.0
02/05/2022;DE;106904.0;;25142688.0;1375.0;64642879.0;-1.0;18.0;87.0;-7.0;-10.0;2.0
03/05/2022;DE;89799.0;;25232487.0;2952.0;64645831.0;-2.0;19.0;92.0;-8.0;-8.0;3.0
04/05/2022;DE;80518.0;;25313005.0;2563.0;64648394.0;1.0;18.0;87.0;-8.0;-8.0;2.0
05/05/2022;DE;67324.0;;25380329.0;3084.0;64651478.0;-3.0;19.0;73.0;-9.0;-7.0;2.0
06/05/2022;DE;26872.0;;25407201.0;1960.0;64653438.0;-2.0;19.0;93.0;-7.0;-8.0;2.0
07/05/2022;DE;13256.0;;25420457.0;844.0;64654282.0;-3.0;14.0;114.0;6.0;10.0;-1.0
08/05/2022;DE;84980.0;;25505437.0;204.0;64654486.0;26.0;95.0;131.0;22.0;22.0;-4.0
09/05/2022;DE;94980.0;;25600417.0;1034.0;64655520.0;-3.0;14.0;100.0;-8.0;-8.0;2.0
10/05/2022;DE;77459.0;;25677876.0;2371.0;64657891.0;-2.0;16.0;104.0;-8.0;-7.0;2.0
11/05/2022;DE;65112.0;;25742988.0;1791.0;64659682.0;2.0;16.0;118.0;-7.0;-7.0;1.0
12/05/2022;DE;56923.0;;25799911.0;1890.0;64661572.0;-3.0;18.0;89.0;-8.0;-7.0;2.0
13/05/2022;DE;20064.0;;25819975.0;1456.0;64663028.0;-2.0;18.0;90.0;-8.0;-8.0;2.0
14/05/2022;DE;9602.0;;25829577.0;655.0;64663683.0;-4.0;9.0;139.0;7.0;11.0;-2.0
15/05/2022;DE;65790.0;;25895367.0;263.0;64663946.0;21.0;84.0;156.0;22.0;20.0;-4.0
16/05/2022;DE;68203.0;;25963570.0;964.0;64664910.0;-6.0;15.0;70.0;-9.0;-8.0;2.0
17/05/2022;DE;53792.0;;26017362.0;2271.0;64667181.0;-3.0;18.0;95.0;-7.0;-7.0;2.0
18/05/2022;DE;44358.0;;26061720.0;1344.0;64668525.0;1.0;17.0;129.0;-6.0;-6.0;1.0
19/05/2022;DE;39970.0;;26101690.0;1702.0;64670227.0;-7.0;15.0;90.0;-8.0;-7.0;2.0
20/05/2022;DE;13764.0;;26115454.0;1386.0;64671613.0;-9.0;15.0;80.0;-9.0;-9.0;3.0
21/05/2022;DE;6921.0;;26122375.0;700.0;64672313.0;-7.0;10.0;111.0;4.0;11.0;-2.0
22/05/2022;DE;47119.0;;26169494.0;171.0;64672484.0;12.0;74.0;137.0;16.0;19.0;-3.0
23/05/2022;DE;46685.0;;26216179.0;895.0;64673379.0;-5.0;17.0;75.0;-9.0;-10.0;3.0
24/05/2022;DE;35341.0;;26251520.0;2369.0;64675748.0;-3.0;23.0;76.0;-8.0;-9.0;3.0
25/05/2022;DE;8316.0;;26259836.0;1859.0;64677607.0;14.0;52.0;128.0;1.0;-11.0;-2.0
26/05/2022;DE;32643.0;;26292479.0;181.0;64677788.0;-30.0;-83.0;233.0;-26.0;-82.0;14.0
27/05/2022;DE;10600.0;;26303079.0;950.0;64678738.0;4.0;24.0;117.0;-20.0;-45.0;8.0
28/05/2022;DE;6429.0;;26309508.0;647.0;64679385.0;-9.0;6.0;118.0;0.0;4.0;-1.0
29/05/2022;DE;46952.0;;26356460.0;230.0;64679615.0;-3.0;52.0;64.0;11.0;13.0;-1.0
30/05/2022;DE;51545.0;;26408005.0;883.0;64680498.0;-2.0;23.0;68.0;-7.0;-9.0;2.0
31/05/2022;DE;44844.0;;26452849.0;1511.0;64682009.0;0.0;25.0;88.0;-4.0;-7.0;2.0
01/06/2022;DE;42411.0;;26495260.0;1307.0;64683316.0;6.0;24.0;90.0;3.0;-7.0;1.0
02/06/2022;DE;39399.0;;26534659.0;1467.0;64684783.0;1.0;23.0;104.0;4.0;-7.0;1.0
03/06/2022;DE;12759.0;;26547418.0;1529.0;64686312.0;-2.0;22.0;126.0;5.0;-10.0;1.0
04/06/2022;DE;7088.0;;26554506.0;509.0;64686821.0;-4.0;18.0;161.0;25.0;10.0;-3.0
05/06/2022;DE;9316.0;;26563822.0;57.0;64686878.0;7.0;60.0;139.0;27.0;7.0;-3.0
06/06/2022;DE;71203.0;;26635025.0;60.0;64686938.0;-32.0;-84.0;194.0;-22.0;-82.0;15.0
07/06/2022;DE;82056.0;;26717081.0;1157.0;64688095.0;1.0;37.0;87.0;1.0;-16.0;3.0
08/06/2022;DE;71272.0;;26788353.0;1225.0;64689320.0;-1.0;19.0;93.0;0.0;-12.0;3.0
09/06/2022;DE;65287.0;;26853640.0;1531.0;64690851.0;-4.0;20.0;79.0;-1.0;-13.0;3.0
10/06/2022;DE;19672.0;;26873312.0;1317.0;64692168.0;-3.0;16.0;125.0;3.0;-13.0;1.0
11/06/2022;DE;12196.0;;26885508.0;748.0;64692916.0;-8.0;8.0;156.0;22.0;13.0;-3.0
12/06/2022;DE;87049.0;;26972557.0;208.0;64693124.0;12.0;80.0;148.0;32.0;21.0;-3.0
13/06/2022;DE;93664.0;;27066221.0;848.0;64693972.0;-1.0;18.0;91.0;-1.0;-14.0;2.0
14/06/2022;DE;81664.0;;27147885.0;1344.0;64695316.0;2.0;21.0;127.0;2.0;-13.0;2.0
15/06/2022;DE;36947.0;;27184832.0;1907.0;64697223.0;9.0;36.0;154.0;7.0;-14.0;-1.0
16/06/2022;DE;77274.0;;27262106.0;997.0;64698220.0;-21.0;-42.0;185.0;-11.0;-54.0;10.0
17/06/2022;DE;22918.0;;27285024.0;1104.0;64699324.0;1.0;25.0;152.0;-1.0;-30.0;4.0
18/06/2022;DE;13057.0;;27298081.0;597.0;64699921.0;-16.0;4.0;167.0;17.0;7.0;-3.0
19/06/2022;DE;105302.0;;27403383.0;338.0;64700259.0;-3.0;63.0;109.0;26.0;18.0;-3.0
20/06/2022;DE;124628.0;;27528011.0;927.0;64701186.0;-5.0;20.0;72.0;1.0;-11.0;3.0
21/06/2022;DE;113609.0;;27641620.0;1327.0;64702513.0;-1.0;19.0;126.0;5.0;-8.0;2.0
22/06/2022;DE;101429.0;;27743049.0;1305.0;64703818.0;0.0;17.0;122.0;4.0;-8.0;2.0
23/06/2022;DE;87168.0;;27830217.0;1508.0;64705326.0;-4.0;17.0;125.0;3.0;-9.0;2.0
24/06/2022;DE;27080.0;;27857297.0;1721.0;64707047.0;-8.0;15.0;93.0;1.0;-11.0;3.0
25/06/2022;DE;14617.0;;27871914.0;717.0;64707764.0;-9.0;8.0;154.0;21.0;13.0;-3.0
26/06/2022;DE;116815.0;;27988729.0;253.0;64708017.0;4.0;64.0;122.0;26.0;20.0;-2.0
27/06/2022;DE;138022.0;;28126751.0;820.0;64708837.0;-6.0;18.0;80.0;-2.0;-12.0;3.0
28/06/2022;DE;125185.0;;28251936.0;2421.0;64711258.0;0.0;20.0;119.0;2.0;-10.0;3.0
29/06/2022;DE;110228.0;;28362164.0;1426.0;64712684.0;3.0;20.0;114.0;2.0;-10.0;2.0
30/06/2022;DE;94901.0;;28457065.0;1604.0;64714288.0;-1.0;20.0;109.0;3.0;-11.0;2.0
01/07/2022;DE;23788.0;;28480853.0;1323.0;64715611.0;-3.0;20.0;86.0;1.0;-13.0;3.0
02/07/2022;DE;13493.0;;28494346.0;512.0;64716123.0;-5.0;9.0;169.0;25.0;12.0;-3.0
03/07/2022;DE;120794.0;;28615140.0;104.0;64716227.0;11.0;74.0;146.0;31.0;19.0;-3.0
04/07/2022;DE;136714.0;;28751854.0;620.0;64716847.0;0.0;21.0;112.0;2.0;-13.0;2.0
05/07/2022;DE;127458.0;;28879312.0;1151.0;64717998.0;1.0;21.0;126.0;3.0;-12.0;3.0
06/07/2022;DE;110880.0;;28990192.0;1289.0;64719287.0;4.0;19.0;119.0;2.0;-12.0;2.0
07/07/2022;DE;95502.0;;29085694.0;1548.0;64720835.0;-6.0;17.0;62.0;-3.0;-14.0;4.0
08/07/2022;DE;23434.0;;29109128.0;1332.0;64722167.0;-3.0;16.0;115.0;1.0;-15.0;2.0
09/07/2022;DE;14161.0;;29123289.0;601.0;64722768.0;-9.0;6.0;133.0;19.0;7.0;-2.0
10/07/2022;DE;131118.0;;29254407.0;82.0;64722850.0;6.0;67.0;104.0;25.0;13.0;-1.0
11/07/2022;DE;144729.0;;29399136.0;972.0;64723822.0;-1.0;19.0;107.0;0.0;-16.0;3.0
12/07/2022;DE;135554.0;;29534690.0;1466.0;64725288.0;0.0;18.0;143.0;2.0;-15.0;3.0
13/07/2022;DE;116838.0;;29651528.0;1181.0;64726469.0;1.0;16.0;139.0;0.0;-15.0;3.0
14/07/2022;DE;108439.0;;29759967.0;1162.0;64727631.0;-1.0;19.0;122.0;0.0;-16.0;3.0
15/07/2022;DE;25195.0;;29785162.0;1379.0;64729010.0;-5.0;12.0;131.0;0.0;-18.0;3.0
16/07/2022;DE;13063.0;;29798225.0;669.0;64729679.0;-9.0;8.0;152.0;22.0;6.0;-2.0
17/07/2022;DE;134420.0;;29932645.0;158.0;64729837.0;12.0;75.0;151.0;32.0;17.0;-3.0
18/07/2022;DE;143336.0;;30075981.0;677.0;64730514.0;-3.0;18.0;136.0;-3.0;-21.0;5.0
19/07/2022;DE;122078.0;;30198059.0;1019.0;64731533.0;-11.0;14.0;149.0;-6.0;-21.0;12.0
20/07/2022;DE;103552.0;;30301611.0;972.0;64732505.0;-9.0;13.0;135.0;-7.0;-21.0;5.0
21/07/2022;DE;89436.0;;30391047.0;1249.0;64733754.0;-5.0;19.0;105.0;-4.0;-20.0;5.0
22/07/2022;DE;22164.0;;30413211.0;2041.0;64735795.0;-5.0;15.0;134.0;-1.0;-21.0;4.0
23/07/2022;DE;11868.0;;30425079.0;548.0;64736343.0;-11.0;7.0;146.0;21.0;5.0;-1.0
24/07/2022;DE;120222.0;;30545301.0;371.0;64736714.0;3.0;57.0;138.0;24.0;13.0;-2.0
25/07/2022;DE;118090.0;;30663391.0;572.0;64737286.0;-7.0;15.0;116.0;-6.0;-24.0;5.0
26/07/2022;DE;96142.0;;30759533.0;1127.0;64738413.0;1.0;19.0;131.0;-2.0;-22.0;5.0
27/07/2022;DE;75280.0;;30834813.0;1053.0;64739466.0;7.0;18.0;148.0;0.0;-22.0;4.0
28/07/2022;DE;62044.0;;30896857.0;967.0;64740433.0;3.0;18.0;143.0;0.0;-22.0;4.0
29/07/2022;DE;15673.0;;30912530.0;1318.0;64741751.0;-1.0;17.0;127.0;-1.0;-24.0;4.0
30/07/2022;DE;8001.0;;30920531.0;472.0;64742223.0;-8.0;9.0;148.0;23.0;3.0;-2.0
31/07/2022;DE;84156.0;;31004687.0;124.0;64742347.0;7.0;67.0;125.0;30.0;13.0;-2.0
01/08/2022;DE;84384.0;;31089071.0;813.0;64743160.0;5.0;22.0;122.0;-1.0;-27.0;4.0
02/08/2022;DE;68877.0;;31157948.0;771.0;64743931.0;4.0;19.0;162.0;-1.0;-25.0;5.0
03/08/2022;DE;56212.0;;31214160.0;907.0;64744838.0;0.0;15.0;170.0;-3.0;-25.0;4.0
04/08/2022;DE;48649.0;;31262809.0;878.0;64745716.0;-8.0;13.0;139.0;-8.0;-27.0;5.0
05/08/2022;DE;13449.0;;31276258.0;936.0;64746652.0;-5.0;16.0;116.0;-5.0;-28.0;5.0
06/08/2022;DE;7169.0;;31283427.0;451.0;64747103.0;-7.0;7.0;158.0;24.0;1.0;-2.0
07/08/2022;DE;66196.0;;31349623.0;102.0;64747205.0;16.0;72.0;153.0;35.0;12.0;-3.0
08/08/2022;DE;67500.0;;31417123.0;534.0;64747739.0;4.0;20.0;141.0;-1.0;-27.0;4.0
09/08/2022;DE;55893.0;;31473016.0;802.0;64748541.0;2.0;19.0;159.0;-2.0;-25.0;4.0
10/08/2022;DE;47365.0;;31520381.0;857.0;64749398.0;4.0;17.0;166.0;-1.0;-24.0;3.0
11/08/2022;DE;43518.0;;31563899.0;879.0;64750277.0;-3.0;16.0;148.0;-2.0;-25.0;4.0
12/08/2022;DE;11110.0;;31575009.0;875.0;64751152.0;-6.0;14.0;151.0;-2.0;-26.0;3.0
13/08/2022;DE;6514.0;;31581523.0;358.0;64751510.0;-13.0;5.0;163.0;19.0;2.0;-2.0
14/08/2022;DE;54435.0;;31635958.0;115.0;64751625.0;6.0;64.0;144.0;29.0;12.0;-2.0
15/08/2022;DE;63105.0;;31699063.0;485.0;64752110.0;-5.0;7.0;126.0;-4.0;-32.0;8.0
16/08/2022;DE;52354.0;;31751417.0;819.0;64752929.0;0.0;20.0;155.0;-1.0;-24.0;6.0
17/08/2022;DE;42858.0;;31794275.0;1087.0;64754016.0;2.0;16.0;151.0;-1.0;-23.0;6.0
18/08/2022;DE;35629.0;;31829904.0;3858.0;64757874.0;-2.0;17.0;120.0;-2.0;-23.0;7.0
19/08/2022;DE;9674.0;;31839578.0;945.0;64758819.0;-6.0;13.0;112.0;-2.0;-25.0;7.0
20/08/2022;DE;5061.0;;31844639.0;299.0;64759118.0;-12.0;5.0;126.0;20.0;2.0;1.0
21/08/2022;DE;50372.0;;31895011.0;97.0;64759215.0;13.0;72.0;146.0;35.0;15.0;-2.0
22/08/2022;DE;51946.0;;31946957.0;566.0;64759781.0;-1.0;18.0;123.0;1.0;-22.0;6.0
23/08/2022;DE;44115.0;;31991072.0;837.0;64760618.0;0.0;17.0;146.0;2.0;-20.0;6.0
24/08/2022;DE;35828.0;;32026900.0;921.0;64761539.0;1.0;16.0;154.0;2.0;-20.0;5.0
25/08/2022;DE;32330.0;;32059230.0;761.0;64762300.0;-4.0;15.0;134.0;1.0;-19.0;6.0
26/08/2022;DE;8069.0;;32067299.0;805.0;64763105.0;-9.0;13.0;105.0;0.0;-21.0;6.0
27/08/2022;DE;4871.0;;32072170.0;343.0;64763448.0;-12.0;5.0;113.0;20.0;3.0;0.0
28/08/2022;DE;46127.0;;32118297.0;101.0;64763549.0;11.0;70.0;126.0;35.0;15.0;-1.0
29/08/2022;DE;47466.0;;32165763.0;544.0;64764093.0;-1.0;18.0;108.0;3.0;-18.0;4.0
30/08/2022;DE;36813.0;;32202576.0;763.0;64764856.0;1.0;19.0;126.0;5.0;-16.0;4.0
31/08/2022;DE;30333.0;;32232909.0;920.0;64765776.0;6.0;22.0;106.0;8.0;-16.0;3.0
01/09/2022;DE;28593.0;;32261502.0;778.0;64766554.0;-1.0;19.0;101.0;-5.0;-16.0;2.0
02/09/2022;DE;7862.0;;32269364.0;943.0;64767497.0;-3.0;16.0;115.0;-6.0;-17.0;2.0
03/09/2022;DE;4079.0;;32273443.0;358.0;64767855.0;-8.0;8.0;122.0;9.0;5.0;-2.0
04/09/2022;DE;42792.0;;32316235.0;80.0;64767935.0;17.0;80.0;133.0;22.0;15.0;-3.0
05/09/2022;DE;45796.0;;32362031.0;600.0;64768535.0;-3.0;17.0;103.0;-5.0;-15.0;2.0
06/09/2022;DE;39313.0;;32401344.0;845.0;64769380.0;-3.0;17.0;103.0;-5.0;-14.0;3.0
07/09/2022;DE;33539.0;;32434883.0;748.0;64770128.0;-1.0;16.0;102.0;-5.0;-14.0;3.0
08/09/2022;DE;30121.0;;32465004.0;799.0;64770927.0;-8.0;15.0;54.0;-8.0;-14.0;4.0
09/09/2022;DE;7430.0;;32472434.0;832.0;64771759.0;-7.0;15.0;76.0;-6.0;-15.0;3.0
10/09/2022;DE;4231.0;;32476665.0;348.0;64772107.0;-10.0;8.0;81.0;5.0;4.0;0.0
11/09/2022;DE;46361.0;;32523026.0;105.0;64772212.0;8.0;70.0;96.0;18.0;13.0;-1.0
12/09/2022;DE;49799.0;;32572825.0;517.0;64772729.0;-2.0;19.0;99.0;-3.0;-13.0;2.0
13/09/2022;DE;32168.0;;32604993.0;787.0;64773516.0;;;;;;
01/01/2020;GB;0.0;;0.0;;;;;;;;
02/01/2020;GB;0.0;;0.0;;;;;;;;
03/01/2020;GB;0.0;;0.0;;;;;;;;
04/01/2020;GB;0.0;;0.0;;;;;;;;
05/01/2020;GB;0.0;;0.0;;;;;;;;
06/01/2020;GB;0.0;;0.0;;;;;;;;
07/01/2020;GB;0.0;;0.0;;;;;;;;
08/01/2020;GB;0.0;;0.0;;;;;;;;
09/01/2020;GB;0.0;;0.0;;;;;;;;
10/01/2020;GB;0.0;;0.0;;;;;;;;
11/01/2020;GB;0.0;;0.0;;;;;;;;
12/01/2020;GB;0.0;;0.0;;;;;;;;
13/01/2020;GB;0.0;;0.0;;;;;;;;
14/01/2020;GB;0.0;;0.0;;;;;;;;
15/01/2020;GB;0.0;;0.0;;;;;;;;
16/01/2020;GB;0.0;;0.0;;;;;;;;
17/01/2020;GB;0.0;;0.0;;;;;;;;
18/01/2020;GB;0.0;;0.0;;;;;;;;
19/01/2020;GB;0.0;;0.0;;;;;;;;
20/01/2020;GB;0.0;;0.0;;;;;;;;
21/01/2020;GB;0.0;;0.0;;;;;;;;
22/01/2020;GB;0.0;;0.0;;;;;;;;
23/01/2020;GB;0.0;;0.0;;;;;;;;
24/01/2020;GB;0.0;;0.0;;;;;;;;
25/01/2020;GB;0.0;;0.0;;;;;;;;
26/01/2020;GB;0.0;;0.0;;;;;;;;
27/01/2020;GB;0.0;;0.0;;;;;;;;
28/01/2020;GB;0.0;;0.0;;;;;;;;
29/01/2020;GB;0.0;;0.0;;;;;;;;
30/01/2020;GB;1.0;;1.0;;;;;;;;
31/01/2020;GB;0.0;;1.0;;;;;;;;
01/02/2020;GB;0.0;;1.0;;;;;;;;
02/02/2020;GB;1.0;;2.0;;;;;;;;
03/02/2020;GB;18.0;;20.0;;;;;;;;
04/02/2020;GB;0.0;;20.0;;;;;;;;
05/02/2020;GB;1.0;;21.0;;;;;;;;
06/02/2020;GB;0.0;;21.0;;;;;;;;
07/02/2020;GB;0.0;;21.0;;;;;;;;
08/02/2020;GB;3.0;;24.0;;;;;;;;
09/02/2020;GB;1.0;;25.0;;;;;;;;
10/02/2020;GB;1.0;;26.0;;;;;;;;
11/02/2020;GB;4.0;;30.0;;;;;;;;
12/02/2020;GB;1.0;;31.0;;;;;;;;
13/02/2020;GB;1.0;;32.0;;;;;;;;
14/02/2020;GB;0.0;;32.0;;;;;;;;
15/02/2020;GB;0.0;;32.0;;;-12.0;-7.0;-35.0;-12.0;-4.0;2.0
16/02/2020;GB;0.0;;32.0;;;-7.0;-6.0;-28.0;-7.0;-3.0;1.0
17/02/2020;GB;1.0;;33.0;;;10.0;1.0;24.0;-2.0;-14.0;2.0
18/02/2020;GB;0.0;;33.0;;;7.0;-1.0;20.0;-3.0;-14.0;2.0
19/02/2020;GB;0.0;;33.0;;;6.0;-2.0;8.0;-4.0;-14.0;3.0
20/02/2020;GB;0.0;;33.0;;;5.0;-2.0;4.0;-5.0;-14.0;3.0
21/02/2020;GB;2.0;;35.0;;;5.0;-1.0;10.0;-3.0;-15.0;3.0
22/02/2020;GB;0.0;;35.0;;;-4.0;-2.0;-7.0;-2.0;-2.0;1.0
23/02/2020;GB;6.0;;41.0;;;-1.0;-2.0;-5.0;3.0;-1.0;0.0
24/02/2020;GB;2.0;;43.0;;;-3.0;-1.0;-9.0;-2.0;-2.0;1.0
25/02/2020;GB;3.0;;46.0;;;-1.0;4.0;3.0;1.0;1.0;0.0
26/02/2020;GB;2.0;;48.0;;;1.0;0.0;6.0;-1.0;1.0;0.0
27/02/2020;GB;8.0;;56.0;;;2.0;1.0;8.0;0.0;0.0;0.0
28/02/2020;GB;12.0;;68.0;;;1.0;1.0;-13.0;0.0;-1.0;1.0
29/02/2020;GB;4.0;;72.0;;;1.0;1.0;-14.0;-2.0;0.0;0.0
01/03/2020;GB;20.0;;92.0;;;7.0;2.0;14.0;5.0;1.0;-1.0
02/03/2020;GB;41.0;;133.0;;;4.0;4.0;14.0;0.0;1.0;0.0
03/03/2020;GB;57.0;;190.0;;;2.0;3.0;11.0;-1.0;1.0;0.0
04/03/2020;GB;56.0;;246.0;;;2.0;3.0;2.0;-2.0;1.0;1.0
05/03/2020;GB;49.0;;295.0;;;-1.0;2.0;1.0;-3.0;0.0;1.0
06/03/2020;GB;83.0;;378.0;;;5.0;6.0;22.0;1.0;1.0;0.0
07/03/2020;GB;68.0;;446.0;;;0.0;2.0;7.0;-1.0;1.0;0.0
08/03/2020;GB;55.0;;501.0;;;4.0;2.0;15.0;2.0;1.0;-1.0
09/03/2020;GB;148.0;;649.0;;;0.0;4.0;4.0;-3.0;0.0;1.0
10/03/2020;GB;265.0;;914.0;;;-2.0;5.0;4.0;-4.0;0.0;1.0
11/03/2020;GB;403.0;;1317.0;;;0.0;5.0;10.0;-6.0;0.0;1.0
12/03/2020;GB;484.0;;1801.0;;;-1.0;11.0;5.0;-8.0;-1.0;2.0
13/03/2020;GB;478.0;;2279.0;;;-2.0;11.0;12.0;-9.0;-4.0;2.0
14/03/2020;GB;352.0;;2631.0;;;-10.0;7.0;1.0;-15.0;-2.0;2.0
15/03/2020;GB;441.0;;3072.0;;;-11.0;7.0;-1.0;-16.0;-4.0;2.0
16/03/2020;GB;602.0;;3674.0;;;-3.0;20.0;29.0;-16.0;-9.0;4.0
17/03/2020;GB;783.0;;4457.0;;;-15.0;21.0;6.0;-27.0;-16.0;7.0
18/03/2020;GB;980.0;;5437.0;;;-21.0;22.0;-3.0;-34.0;-23.0;10.0
19/03/2020;GB;1040.0;;6477.0;;;-21.0;24.0;2.0;-37.0;-27.0;11.0
20/03/2020;GB;1253.0;;7730.0;;;-28.0;10.0;6.0;-40.0;-29.0;13.0
21/03/2020;GB;1183.0;;8913.0;;;-50.0;1.0;2.0;-46.0;-25.0;11.0
22/03/2020;GB;1361.0;;10274.0;;;-56.0;-14.0;20.0;-46.0;-30.0;9.0
23/03/2020;GB;2289.0;;12563.0;;;-45.0;-8.0;1.0;-53.0;-45.0;17.0
24/03/2020;GB;2353.0;;14916.0;;;-71.0;-24.0;-14.0;-64.0;-58.0;24.0
25/03/2020;GB;2666.0;;17582.0;;;-73.0;-26.0;-12.0;-68.0;-64.0;26.0
26/03/2020;GB;3039.0;;20621.0;;;-74.0;-28.0;-11.0;-70.0;-66.0;27.0
27/03/2020;GB;3154.0;;23775.0;;;-76.0;-29.0;-26.0;-71.0;-66.0;28.0
28/03/2020;GB;2774.0;;26549.0;;;-83.0;-39.0;-54.0;-74.0;-57.0;20.0
29/03/2020;GB;2818.0;;29367.0;;;-85.0;-46.0;-52.0;-75.0;-55.0;15.0
30/03/2020;GB;4195.0;;33562.0;;;-74.0;-32.0;-33.0;-73.0;-69.0;27.0
31/03/2020;GB;4463.0;11896.0;38025.0;;;-74.0;-30.0;-21.0;-72.0;-70.0;27.0
01/04/2020;GB;4891.0;11947.0;42916.0;;;-75.0;-32.0;-29.0;-73.0;-69.0;28.0
02/04/2020;GB;4824.0;13623.0;47740.0;;;-75.0;-32.0;-24.0;-73.0;-70.0;29.0
03/04/2020;GB;4853.0;14629.0;52593.0;;;-76.0;-30.0;-25.0;-72.0;-69.0;29.0
04/04/2020;GB;3976.0;16080.0;56569.0;;;-81.0;-36.0;-38.0;-72.0;-57.0;19.0
05/04/2020;GB;3556.0;13238.0;60125.0;;;-82.0;-41.0;-29.0;-70.0;-54.0;15.0
06/04/2020;GB;5273.0;13775.0;65398.0;;;-73.0;-31.0;-20.0;-72.0;-70.0;27.0
07/04/2020;GB;5477.0;14423.0;70875.0;;;-73.0;-29.0;-7.0;-69.0;-70.0;27.0
08/04/2020;GB;5146.0;16443.0;76021.0;;;-73.0;-27.0;-14.0;-70.0;-70.0;27.0
09/04/2020;GB;4875.0;19116.0;80896.0;;;-71.0;-20.0;-13.0;-70.0;-70.0;27.0
10/04/2020;GB;4327.0;18091.0;85223.0;;;-78.0;-33.0;-18.0;-75.0;-80.0;32.0
11/04/2020;GB;3585.0;18000.0;88808.0;;;-81.0;-32.0;-37.0;-70.0;-57.0;19.0
12/04/2020;GB;3507.0;14506.0;92315.0;;;-89.0;-63.0;-33.0;-71.0;-58.0;16.0
13/04/2020;GB;4203.0;14982.0;96518.0;;;-78.0;-41.0;-21.0;-78.0;-83.0;31.0
14/04/2020;GB;4335.0;15994.0;100853.0;;;-71.0;-26.0;-10.0;-69.0;-70.0;27.0
15/04/2020;GB;5070.0;18665.0;105923.0;;;-72.0;-27.0;-6.0;-69.0;-69.0;27.0
16/04/2020;GB;5292.0;21328.0;111215.0;;;-73.0;-27.0;-7.0;-70.0;-69.0;28.0
17/04/2020;GB;4977.0;21389.0;116192.0;;;-75.0;-30.0;-33.0;-71.0;-68.0;29.0
18/04/2020;GB;4744.0;21626.0;120936.0;;;-81.0;-37.0;-47.0;-71.0;-54.0;19.0
19/04/2020;GB;3881.0;19316.0;124817.0;;;-80.0;-40.0;-12.0;-66.0;-49.0;14.0
20/04/2020;GB;4441.0;17970.0;129258.0;;;-71.0;-30.0;-2.0;-68.0;-67.0;25.0
21/04/2020;GB;4795.0;22814.0;134053.0;;;-72.0;-28.0;2.0;-67.0;-67.0;26.0
22/04/2020;GB;5517.0;23560.0;139570.0;;;-72.0;-28.0;1.0;-67.0;-66.0;27.0
23/04/2020;GB;5167.0;28532.0;144737.0;;;-72.0;-27.0;6.0;-67.0;-66.0;27.0
24/04/2020;GB;4961.0;28760.0;149698.0;;;-73.0;-26.0;-4.0;-66.0;-65.0;27.0
25/04/2020;GB;3757.0;29058.0;153455.0;;;-78.0;-32.0;-23.0;-65.0;-51.0;18.0
26/04/2020;GB;3476.0;31610.0;156931.0;;;-78.0;-37.0;-10.0;-64.0;-48.0;14.0
27/04/2020;GB;4739.0;33287.0;161670.0;;;-69.0;-29.0;-3.0;-66.0;-65.0;25.0
28/04/2020;GB;4719.0;45505.0;166389.0;;;-74.0;-33.0;-42.0;-71.0;-66.0;25.0
29/04/2020;GB;5433.0;66793.0;171822.0;;;-73.0;-30.0;-31.0;-69.0;-66.0;27.0
30/04/2020;GB;4961.0;84215.0;176783.0;;;-74.0;-28.0;-31.0;-69.0;-66.0;27.0
01/05/2020;GB;4766.0;74893.0;181549.0;;;-74.0;-27.0;-22.0;-67.0;-64.0;27.0
02/05/2020;GB;3258.0;63559.0;184807.0;;;-78.0;-30.0;-18.0;-63.0;-49.0;17.0
03/05/2020;GB;3002.0;68817.0;187809.0;;;-79.0;-37.0;-21.0;-64.0;-46.0;14.0
04/05/2020;GB;3398.0;73068.0;191207.0;;;-69.0;-27.0;4.0;-64.0;-64.0;24.0
05/05/2020;GB;3686.0;67444.0;194893.0;;;-70.0;-25.0;4.0;-64.0;-64.0;25.0
06/05/2020;GB;3832.0;74761.0;198725.0;;;-69.0;-22.0;16.0;-62.0;-63.0;25.0
07/05/2020;GB;3787.0;78912.0;202512.0;;;-67.0;-15.0;16.0;-62.0;-63.0;25.0
08/05/2020;GB;3064.0;77892.0;205576.0;;;-75.0;-28.0;14.0;-68.0;-77.0;30.0
09/05/2020;GB;2170.0;77202.0;207746.0;;;-78.0;-29.0;-6.0;-62.0;-48.0;17.0
10/05/2020;GB;2337.0;76942.0;210083.0;;;-80.0;-37.0;-38.0;-68.0;-45.0;14.0
11/05/2020;GB;3612.0;70360.0;213695.0;;;-67.0;-25.0;-8.0;-64.0;-62.0;24.0
12/05/2020;GB;3410.0;74859.0;217105.0;;;-68.0;-23.0;7.0;-62.0;-62.0;24.0
13/05/2020;GB;3330.0;83472.0;220435.0;;;-68.0;-23.0;6.0;-62.0;-61.0;25.0
14/05/2020;GB;2630.0;85166.0;223065.0;;;-67.0;-21.0;28.0;-61.0;-61.0;23.0
15/05/2020;GB;2530.0;93934.0;225595.0;;;-69.0;-21.0;21.0;-60.0;-60.0;24.0
16/05/2020;GB;2082.0;93353.0;227677.0;;;-74.0;-25.0;5.0;-58.0;-43.0;15.0
17/05/2020;GB;1837.0;82141.0;229514.0;;;-74.0;-29.0;27.0;-55.0;-39.0;12.0
18/05/2020;GB;2581.0;72532.0;232095.0;;;-63.0;-20.0;36.0;-59.0;-59.0;22.0
19/05/2020;GB;3063.0;88126.0;235158.0;;;-64.0;-18.0;51.0;-57.0;-59.0;22.0
20/05/2020;GB;2719.0;87819.0;237877.0;;;-64.0;-16.0;68.0;-56.0;-59.0;22.0
21/05/2020;GB;2567.0;107919.0;240444.0;;;-64.0;-16.0;51.0;-58.0;-59.0;23.0
22/05/2020;GB;2057.0;92143.0;242501.0;;;-66.0;-18.0;14.0;-59.0;-58.0;24.0
23/05/2020;GB;1532.0;92312.0;244033.0;;;-72.0;-23.0;-12.0;-59.0;-41.0;15.0
24/05/2020;GB;1373.0;59633.0;245406.0;;;-71.0;-25.0;38.0;-52.0;-36.0;11.0
25/05/2020;GB;1625.0;78478.0;247031.0;;;-64.0;-23.0;136.0;-60.0;-77.0;24.0
26/05/2020;GB;2070.0;78099.0;249101.0;;;-60.0;-14.0;66.0;-55.0;-59.0;21.0
27/05/2020;GB;1825.0;83014.0;250926.0;;;-61.0;-15.0;65.0;-55.0;-58.0;22.0
28/05/2020;GB;1757.0;102734.0;252683.0;;;-60.0;-12.0;77.0;-55.0;-58.0;22.0
29/05/2020;GB;1531.0;106552.0;254214.0;;;-62.0;-12.0;67.0;-53.0;-56.0;22.0
30/05/2020;GB;1132.0;97387.0;255346.0;;;-69.0;-16.0;48.0;-49.0;-31.0;12.0
31/05/2020;GB;1080.0;105434.0;256426.0;;;-67.0;-19.0;67.0;-45.0;-26.0;9.0
01/06/2020;GB;1439.0;101571.0;257865.0;;;-56.0;-13.0;74.0;-51.0;-53.0;19.0
02/06/2020;GB;1492.0;129183.0;259357.0;;;-59.0;-15.0;78.0;-51.0;-54.0;19.0
03/06/2020;GB;1369.0;143443.0;260726.0;;;-62.0;-19.0;0.0;-57.0;-54.0;22.0
04/06/2020;GB;1249.0;144224.0;261975.0;;;-61.0;-17.0;19.0;-56.0;-54.0;22.0
05/06/2020;GB;1123.0;145009.0;263098.0;;;-63.0;-17.0;9.0;-56.0;-53.0;22.0
06/06/2020;GB;804.0;117581.0;263902.0;;;-70.0;-22.0;-17.0;-57.0;-33.0;14.0
07/06/2020;GB;722.0;104122.0;264624.0;;;-67.0;-23.0;22.0;-51.0;-28.0;10.0
08/06/2020;GB;1099.0;98445.0;265723.0;;;-56.0;-17.0;44.0;-54.0;-52.0;19.0
09/06/2020;GB;1165.0;133102.0;266888.0;;;-58.0;-17.0;56.0;-53.0;-52.0;20.0
10/06/2020;GB;1196.0;145509.0;268084.0;;;-61.0;-19.0;-1.0;-58.0;-52.0;21.0
11/06/2020;GB;1013.0;149344.0;269097.0;;;-59.0;-17.0;15.0;-58.0;-52.0;21.0
12/06/2020;GB;1053.0;147099.0;270150.0;;;-61.0;-17.0;6.0;-57.0;-51.0;21.0
13/06/2020;GB;886.0;120409.0;271036.0;;;-65.0;-17.0;41.0;-49.0;-24.0;11.0
14/06/2020;GB;826.0;83965.0;271862.0;;;-63.0;-20.0;65.0;-46.0;-19.0;8.0
15/06/2020;GB;1045.0;101337.0;272907.0;;;-46.0;-14.0;63.0;-50.0;-50.0;18.0
16/06/2020;GB;1103.0;122435.0;274010.0;;;-50.0;-13.0;53.0;-51.0;-50.0;19.0
17/06/2020;GB;1017.0;131631.0;275027.0;;;-52.0;-14.0;34.0;-52.0;-50.0;19.0
18/06/2020;GB;1022.0;135854.0;276049.0;;;-54.0;-15.0;8.0;-56.0;-52.0;20.0
19/06/2020;GB;993.0;133535.0;277042.0;;;-53.0;-11.0;20.0;-52.0;-50.0;19.0
20/06/2020;GB;683.0;117971.0;277725.0;;;-57.0;-10.0;49.0;-43.0;-20.0;9.0
21/06/2020;GB;636.0;76514.0;278361.0;;;-58.0;-17.0;37.0;-44.0;-14.0;7.0
22/06/2020;GB;899.0;102957.0;279260.0;;;-45.0;-13.0;72.0;-49.0;-51.0;17.0
23/06/2020;GB;883.0;130680.0;280143.0;;;-48.0;-10.0;90.0;-48.0;-51.0;17.0
24/06/2020;GB;777.0;140303.0;280920.0;;;-49.0;-8.0;98.0;-47.0;-49.0;17.0
25/06/2020;GB;726.0;155176.0;281646.0;;;-49.0;-6.0;102.0;-47.0;-49.0;17.0
26/06/2020;GB;666.0;144928.0;282312.0;;;-51.0;-9.0;50.0;-48.0;-49.0;18.0
27/06/2020;GB;653.0;117741.0;282965.0;;;-59.0;-15.0;-7.0;-49.0;-24.0;11.0
28/06/2020;GB;449.0;90229.0;283414.0;;;-56.0;-19.0;22.0;-46.0;-17.0;8.0
29/06/2020;GB;724.0;105384.0;284138.0;;;-45.0;-14.0;22.0;-50.0;-49.0;17.0
30/06/2020;GB;623.0;144787.0;284761.0;;;-45.0;-12.0;34.0;-50.0;-48.0;17.0
01/07/2020;GB;652.0;157131.0;285413.0;;;-47.0;-13.0;34.0;-49.0;-48.0;17.0
02/07/2020;GB;606.0;169259.0;286019.0;;;-47.0;-11.0;39.0;-49.0;-48.0;17.0
03/07/2020;GB;568.0;172566.0;286587.0;;;-49.0;-12.0;20.0;-49.0;-47.0;18.0
04/07/2020;GB;399.0;126100.0;286986.0;;;-51.0;-15.0;13.0;-41.0;-18.0;8.0
05/07/2020;GB;558.0;97315.0;287544.0;;;-48.0;-18.0;53.0;-37.0;-14.0;6.0
06/07/2020;GB;714.0;94284.0;288258.0;;;-36.0;-11.0;76.0;-43.0;-48.0;14.0
07/07/2020;GB;609.0;126238.0;288867.0;;;-40.0;-12.0;52.0;-45.0;-48.0;16.0
08/07/2020;GB;713.0;153092.0;289580.0;;;-42.0;-14.0;29.0;-47.0;-47.0;16.0
09/07/2020;GB;722.0;161796.0;290302.0;;;-42.0;-12.0;38.0;-46.0;-47.0;16.0
10/07/2020;GB;568.0;154864.0;290870.0;;;-41.0;-10.0;67.0;-40.0;-46.0;14.0
11/07/2020;GB;459.0;134890.0;291329.0;;;-47.0;-12.0;69.0;-32.0;-14.0;6.0
12/07/2020;GB;366.0;101927.0;291695.0;;;-43.0;-15.0;103.0;-27.0;-10.0;3.0
13/07/2020;GB;740.0;97403.0;292435.0;;;-35.0;-11.0;71.0;-42.0;-48.0;14.0
14/07/2020;GB;705.0;132121.0;293140.0;;;-36.0;-11.0;73.0;-43.0;-48.0;15.0
15/07/2020;GB;777.0;152063.0;293917.0;;;-33.0;-13.0;52.0;-47.0;-46.0;15.0
16/07/2020;GB;712.0;165966.0;294629.0;;;-31.0;-10.0;85.0;-45.0;-45.0;14.0
17/07/2020;GB;582.0;177625.0;295211.0;;;-33.0;-10.0;93.0;-41.0;-44.0;13.0
18/07/2020;GB;505.0;140393.0;295716.0;;;-40.0;-13.0;61.0;-35.0;-14.0;5.0
19/07/2020;GB;448.0;120968.0;296164.0;;;-35.0;-16.0;78.0;-32.0;-10.0;3.0
20/07/2020;GB;830.0;101741.0;296994.0;;;-25.0;-9.0;114.0;-42.0;-48.0;13.0
21/07/2020;GB;788.0;142559.0;297782.0;;;-28.0;-10.0;116.0;-43.0;-48.0;13.0
22/07/2020;GB;816.0;147595.0;298598.0;;;-29.0;-11.0;89.0;-44.0;-46.0;14.0
23/07/2020;GB;808.0;152133.0;299406.0;;;-30.0;-9.0;81.0;-45.0;-47.0;14.0
24/07/2020;GB;774.0;157229.0;300180.0;;;-32.0;-12.0;95.0;-40.0;-46.0;13.0
25/07/2020;GB;530.0;142954.0;300710.0;;;-40.0;-16.0;25.0;-37.0;-15.0;6.0
26/07/2020;GB;563.0;113424.0;301273.0;;;-33.0;-17.0;78.0;-30.0;-9.0;3.0
27/07/2020;GB;869.0;99090.0;302142.0;;;-29.0;-14.0;40.0;-46.0;-51.0;14.0
28/07/2020;GB;856.0;154946.0;302998.0;;;-26.0;-10.0;100.0;-42.0;-48.0;14.0
29/07/2020;GB;1062.0;165480.0;304060.0;;;-25.0;-10.0;107.0;-41.0;-48.0;13.0
30/07/2020;GB;946.0;206656.0;305006.0;;;-23.0;-7.0;120.0;-41.0;-48.0;13.0
31/07/2020;GB;698.0;190220.0;305704.0;;;-29.0;-11.0;120.0;-37.0;-48.0;11.0
01/08/2020;GB;559.0;162088.0;306263.0;;;-36.0;-14.0;72.0;-30.0;-14.0;4.0
02/08/2020;GB;564.0;163786.0;306827.0;;;-28.0;-15.0;93.0;-27.0;-9.0;2.0
03/08/2020;GB;1060.0;158666.0;307887.0;;;-15.0;-11.0;115.0;-39.0;-49.0;11.0
04/08/2020;GB;1066.0;163422.0;308953.0;;;-19.0;-13.0;89.0;-42.0;-49.0;13.0
05/08/2020;GB;1092.0;174519.0;310045.0;;;-16.0;-13.0;86.0;-43.0;-48.0;13.0
06/08/2020;GB;1105.0;185980.0;311150.0;;;-23.0;-10.0;120.0;-42.0;-48.0;12.0
07/08/2020;GB;973.0;181864.0;312123.0;;;-28.0;-12.0;114.0;-39.0;-48.0;11.0
08/08/2020;GB;710.0;165176.0;312833.0;;;-35.0;-14.0;92.0;-31.0;-13.0;3.0
09/08/2020;GB;627.0;166207.0;313460.0;;;-28.0;-15.0;103.0;-27.0;-8.0;1.0
10/08/2020;GB;1499.0;164061.0;314959.0;;;-11.0;-11.0;118.0;-40.0;-48.0;11.0
11/08/2020;GB;1378.0;166311.0;316337.0;;;-13.0;-11.0;118.0;-41.0;-48.0;12.0
12/08/2020;GB;1242.0;184444.0;317579.0;;;-14.0;-11.0;100.0;-42.0;-47.0;12.0
13/08/2020;GB;1156.0;169857.0;318735.0;;;-24.0;-10.0;89.0;-43.0;-48.0;13.0
14/08/2020;GB;1185.0;177957.0;319920.0;;;-26.0;-12.0;76.0;-39.0;-46.0;12.0
15/08/2020;GB;714.0;182987.0;320634.0;;;-33.0;-15.0;50.0;-33.0;-13.0;4.0
16/08/2020;GB;602.0;169276.0;321236.0;;;-29.0;-18.0;52.0;-32.0;-10.0;3.0
17/08/2020;GB;1298.0;150174.0;322534.0;;;-9.0;-14.0;80.0;-41.0;-48.0;11.0
18/08/2020;GB;1116.0;163010.0;323650.0;;;-11.0;-13.0;93.0;-41.0;-46.0;12.0
19/08/2020;GB;1282.0;190434.0;324932.0;;;-15.0;-17.0;39.0;-44.0;-46.0;13.0
20/08/2020;GB;1498.0;183933.0;326430.0;;;-19.0;-10.0;121.0;-40.0;-46.0;11.0
21/08/2020;GB;1218.0;191360.0;327648.0;;;-26.0;-13.0;56.0;-40.0;-45.0;12.0
22/08/2020;GB;842.0;181455.0;328490.0;;;-31.0;-15.0;53.0;-32.0;-11.0;4.0
23/08/2020;GB;831.0;175209.0;329321.0;;;-26.0;-17.0;64.0;-29.0;-7.0;2.0
24/08/2020;GB;1301.0;153393.0;330622.0;;;-3.0;-12.0;105.0;-38.0;-46.0;10.0
25/08/2020;GB;1270.0;186500.0;331892.0;;;-13.0;-16.0;31.0;-45.0;-47.0;13.0
26/08/2020;GB;1388.0;208835.0;333280.0;;;-3.0;-11.0;90.0;-38.0;-44.0;11.0
27/08/2020;GB;1591.0;203416.0;334871.0;;;-21.0;-12.0;55.0;-42.0;-45.0;12.0
28/08/2020;GB;1632.0;197211.0;336503.0;;;-20.0;-9.0;51.0;-37.0;-45.0;11.0
29/08/2020;GB;1230.0;183510.0;337733.0;;;-27.0;-13.0;49.0;-29.0;-12.0;3.0
30/08/2020;GB;1171.0;182065.0;338904.0;;;-15.0;-14.0;94.0;-23.0;-7.0;1.0
31/08/2020;GB;1513.0;181934.0;340417.0;;;3.0;-17.0;152.0;-43.0;-68.0;14.0
01/09/2020;GB;2288.0;175687.0;342705.0;;;-15.0;-6.0;94.0;-37.0;-44.0;10.0
02/09/2020;GB;3077.0;203221.0;345782.0;;;-20.0;-11.0;48.0;-41.0;-42.0;11.0
03/09/2020;GB;3152.0;206883.0;348934.0;;;-20.0;-10.0;58.0;-40.0;-42.0;11.0
04/09/2020;GB;3092.0;210463.0;352026.0;;;-21.0;-10.0;61.0;-35.0;-40.0;9.0
05/09/2020;GB;2551.0;191588.0;354577.0;;;-26.0;-12.0;56.0;-30.0;-10.0;3.0
06/09/2020;GB;2465.0;189974.0;357042.0;;;-21.0;-12.0;69.0;-27.0;-7.0;2.0
07/09/2020;GB;3931.0;195692.0;360973.0;;;-17.0;-10.0;58.0;-36.0;-43.0;9.0
08/09/2020;GB;3370.0;209609.0;364343.0;;;-19.0;-10.0;74.0;-35.0;-42.0;9.0
09/09/2020;GB;3365.0;227465.0;367708.0;;;-20.0;-11.0;67.0;-36.0;-39.0;9.0
10/09/2020;GB;3628.0;240312.0;371336.0;;;-20.0;-9.0;78.0;-36.0;-40.0;9.0
11/09/2020;GB;3324.0;250839.0;374660.0;;;-22.0;-9.0;62.0;-32.0;-38.0;8.0
12/09/2020;GB;2670.0;231969.0;377330.0;;;-27.0;-11.0;61.0;-28.0;-9.0;3.0
13/09/2020;GB;2154.0;227075.0;379484.0;;;-21.0;-12.0;94.0;-24.0;-7.0;1.0
14/09/2020;GB;3428.0;221192.0;382912.0;;;-17.0;-9.0;104.0;-32.0;-36.0;8.0
15/09/2020;GB;3551.0;288822.0;386463.0;;;-19.0;-9.0;91.0;-34.0;-36.0;9.0
16/09/2020;GB;4399.0;285296.0;390862.0;;;-21.0;-11.0;71.0;-35.0;-36.0;9.0
17/09/2020;GB;4675.0;267294.0;395537.0;;;-20.0;-9.0;88.0;-35.0;-36.0;9.0
18/09/2020;GB;4973.0;289911.0;400510.0;;;-22.0;-9.0;75.0;-32.0;-35.0;8.0
19/09/2020;GB;4889.0;265697.0;405399.0;;;-27.0;-11.0;67.0;-29.0;-10.0;3.0
20/09/2020;GB;5340.0;247099.0;410739.0;;;-22.0;-12.0;85.0;-26.0;-7.0;2.0
21/09/2020;GB;5627.0;219677.0;416366.0;;;-17.0;-8.0;86.0;-34.0;-37.0;8.0
22/09/2020;GB;6441.0;247083.0;422807.0;;;-22.0;-9.0;64.0;-36.0;-36.0;9.0
23/09/2020;GB;7096.0;269276.0;429903.0;;;-27.0;-11.0;20.0;-40.0;-35.0;11.0
24/09/2020;GB;7682.0;274435.0;437585.0;;;-26.0;-9.0;28.0;-41.0;-35.0;11.0
25/09/2020;GB;7318.0;298023.0;444903.0;;;-25.0;-7.0;29.0;-37.0;-34.0;10.0
26/09/2020;GB;6810.0;259782.0;451713.0;;;-28.0;-10.0;28.0;-34.0;-9.0;5.0
27/09/2020;GB;7023.0;267096.0;458736.0;;;-25.0;-13.0;45.0;-32.0;-7.0;3.0
28/09/2020;GB;9983.0;233827.0;468719.0;;;-19.0;-8.0;45.0;-38.0;-35.0;10.0
29/09/2020;GB;10366.0;238875.0;479085.0;;;-22.0;-8.0;47.0;-38.0;-34.0;10.0
30/09/2020;GB;12717.0;260572.0;491802.0;;;-26.0;-11.0;4.0;-40.0;-34.0;11.0
01/10/2020;GB;13357.0;271880.0;505159.0;;;-23.0;-6.0;36.0;-39.0;-32.0;10.0
02/10/2020;GB;13854.0;276327.0;519013.0;;;-30.0;-10.0;4.0;-37.0;-32.0;11.0
03/10/2020;GB;11667.0;287478.0;530680.0;;;-34.0;-12.0;-20.0;-40.0;-12.0;7.0
04/10/2020;GB;11953.0;251828.0;542633.0;;;-31.0;-15.0;-4.0;-38.0;-9.0;5.0
05/10/2020;GB;16753.0;279549.0;559386.0;;;-24.0;-10.0;23.0;-37.0;-34.0;10.0
06/10/2020;GB;17250.0;266406.0;576636.0;;;-26.0;-9.0;20.0;-38.0;-34.0;10.0
07/10/2020;GB;18573.0;258256.0;595209.0;;;-24.0;-9.0;31.0;-38.0;-32.0;10.0
08/10/2020;GB;18425.0;289512.0;613634.0;;;-27.0;-9.0;21.0;-41.0;-33.0;11.0
09/10/2020;GB;15893.0;302228.0;629527.0;;;-28.0;-8.0;19.0;-37.0;-31.0;10.0
10/10/2020;GB;12648.0;280996.0;642175.0;;;-31.0;-10.0;14.0;-37.0;-8.0;6.0
11/10/2020;GB;12202.0;258965.0;654377.0;;;-27.0;-13.0;49.0;-33.0;-6.0;4.0
12/10/2020;GB;19671.0;224545.0;674048.0;;;-27.0;-12.0;9.0;-40.0;-35.0;11.0
13/10/2020;GB;19116.0;270433.0;693164.0;;;-29.0;-11.0;14.0;-41.0;-35.0;11.0
14/10/2020;GB;19920.0;298700.0;713084.0;;;-27.0;-9.0;23.0;-40.0;-33.0;11.0
15/10/2020;GB;18607.0;308726.0;731691.0;;;-27.0;-7.0;29.0;-40.0;-33.0;11.0
16/10/2020;GB;17915.0;317642.0;749606.0;;;-27.0;-6.0;25.0;-37.0;-32.0;11.0
17/10/2020;GB;14882.0;308094.0;764488.0;;;-33.0;-9.0;18.0;-40.0;-10.0;7.0
18/10/2020;GB;14311.0;306947.0;778799.0;;;-30.0;-13.0;36.0;-38.0;-9.0;5.0
19/10/2020;GB;25872.0;266052.0;804671.0;;;-26.0;-10.0;27.0;-41.0;-35.0;11.0
20/10/2020;GB;25613.0;285682.0;830284.0;;;-28.0;-9.0;28.0;-41.0;-35.0;12.0
21/10/2020;GB;25714.0;315196.0;855998.0;;;-31.0;-11.0;-2.0;-44.0;-35.0;13.0
22/10/2020;GB;23475.0;344122.0;879473.0;;;-26.0;-6.0;34.0;-42.0;-34.0;12.0
23/10/2020;GB;21694.0;350370.0;901167.0;;;-28.0;-6.0;19.0;-41.0;-35.0;12.0
24/10/2020;GB;16434.0;318112.0;917601.0;;;-38.0;-12.0;-10.0;-44.0;-13.0;8.0
25/10/2020;GB;15896.0;321711.0;933497.0;;;-29.0;-10.0;32.0;-39.0;-10.0;5.0
26/10/2020;GB;26807.0;267189.0;960304.0;;;-21.0;-9.0;42.0;-44.0;-45.0;13.0
27/10/2020;GB;24350.0;312873.0;984654.0;;;-27.0;-10.0;10.0;-47.0;-45.0;14.0
28/10/2020;GB;23901.0;344290.0;1008555.0;;;-23.0;-8.0;27.0;-45.0;-43.0;14.0
29/10/2020;GB;23614.0;377709.0;1032169.0;;;-27.0;-9.0;4.0;-48.0;-44.0;15.0
30/10/2020;GB;22890.0;329543.0;1055059.0;;;-26.0;-5.0;25.0;-43.0;-42.0;13.0
31/10/2020;GB;16673.0;305889.0;1071732.0;;;-38.0;-9.0;-15.0;-44.0;-13.0;8.0
01/11/2020;GB;15970.0;281609.0;1087702.0;;;-29.0;-13.0;-4.0;-40.0;-10.0;5.0
02/11/2020;GB;31925.0;221799.0;1119627.0;;;-17.0;-7.0;8.0;-40.0;-34.0;11.0
03/11/2020;GB;25943.0;277066.0;1145570.0;;;-17.0;-6.0;6.0;-39.0;-33.0;11.0
04/11/2020;GB;24027.0;309000.0;1169597.0;;;-11.0;-4.0;19.0;-36.0;-31.0;10.0
05/11/2020;GB;24062.0;356376.0;1193659.0;;;-54.0;-14.0;8.0;-52.0;-38.0;16.0
06/11/2020;GB;23660.0;362436.0;1217319.0;;;-55.0;-12.0;5.0;-52.0;-38.0;17.0
07/11/2020;GB;18766.0;330639.0;1236085.0;;;-60.0;-16.0;13.0;-58.0;-28.0;13.0
08/11/2020;GB;20245.0;284742.0;1256330.0;;;-60.0;-20.0;5.0;-57.0;-28.0;10.0
09/11/2020;GB;31511.0;253031.0;1287841.0;;;-47.0;-15.0;5.0;-50.0;-39.0;15.0
10/11/2020;GB;27789.0;310996.0;1315630.0;;;-48.0;-13.0;14.0;-49.0;-39.0;15.0
11/11/2020;GB;27757.0;381759.0;1343387.0;;;-49.0;-14.0;-1.0;-51.0;-38.0;16.0
12/11/2020;GB;24826.0;382551.0;1368213.0;;;-48.0;-10.0;19.0;-50.0;-39.0;16.0
13/11/2020;GB;24389.0;385312.0;1392602.0;;;-49.0;-8.0;7.0;-50.0;-38.0;16.0
14/11/2020;GB;18223.0;342578.0;1410825.0;;;-59.0;-16.0;-29.0;-59.0;-28.0;13.0
15/11/2020;GB;16232.0;284592.0;1427057.0;;;-57.0;-19.0;-5.0;-57.0;-28.0;10.0
16/11/2020;GB;26951.0;239933.0;1454008.0;;;-46.0;-14.0;2.0;-50.0;-39.0;15.0
17/11/2020;GB;23487.0;288783.0;1477495.0;;;-48.0;-12.0;6.0;-50.0;-39.0;15.0
18/11/2020;GB;21080.0;367219.0;1498575.0;;;-49.0;-13.0;-7.0;-51.0;-38.0;16.0
19/11/2020;GB;18041.0;397852.0;1516616.0;;;-48.0;-10.0;6.0;-51.0;-39.0;16.0
20/11/2020;GB;17100.0;397835.0;1533716.0;;;-50.0;-8.0;-17.0;-51.0;-38.0;17.0
21/11/2020;GB;12533.0;365104.0;1546249.0;;;-56.0;-12.0;-8.0;-56.0;-26.0;12.0
22/11/2020;GB;11895.0;278653.0;1558144.0;;;-53.0;-15.0;25.0;-53.0;-26.0;9.0
23/11/2020;GB;19024.0;218594.0;1577168.0;;;-44.0;-12.0;4.0;-50.0;-39.0;15.0
24/11/2020;GB;16677.0;316284.0;1593845.0;;;-47.0;-10.0;3.0;-50.0;-38.0;15.0
25/11/2020;GB;16813.0;359487.0;1610658.0;;;-47.0;-12.0;-5.0;-51.0;-37.0;16.0
26/11/2020;GB;14761.0;385980.0;1625419.0;;;-46.0;-9.0;10.0;-51.0;-37.0;15.0
27/11/2020;GB;14555.0;336982.0;1639974.0;;;-47.0;-7.0;-2.0;-50.0;-38.0;16.0
28/11/2020;GB;11086.0;311293.0;1651060.0;;;-55.0;-12.0;-11.0;-55.0;-24.0;12.0
29/11/2020;GB;10851.0;219845.0;1661911.0;;;-53.0;-15.0;5.0;-54.0;-24.0;9.0
30/11/2020;GB;18197.0;220041.0;1680108.0;;;-41.0;-9.0;-9.0;-49.0;-37.0;14.0
01/12/2020;GB;16684.0;316377.0;1696792.0;;;-43.0;-7.0;7.0;-48.0;-36.0;14.0
02/12/2020;GB;16676.0;356146.0;1713468.0;;;-31.0;-6.0;-7.0;-45.0;-32.0;13.0
03/12/2020;GB;15860.0;391527.0;1729328.0;;;-34.0;-8.0;-20.0;-46.0;-33.0;14.0
04/12/2020;GB;15834.0;385035.0;1745162.0;;;-35.0;-5.0;-18.0;-44.0;-33.0;14.0
05/12/2020;GB;12893.0;354378.0;1758055.0;;;-36.0;-6.0;-8.0;-41.0;-13.0;8.0
06/12/2020;GB;13731.0;271825.0;1771786.0;;;-36.0;-10.0;1.0;-41.0;-13.0;7.0
07/12/2020;GB;21585.0;222150.0;1793371.0;;;-26.0;-5.0;-4.0;-43.0;-34.0;12.0
08/12/2020;GB;21065.0;299485.0;1814436.0;;;-31.0;-5.0;-7.0;-44.0;-33.0;12.0
09/12/2020;GB;21909.0;372160.0;1836345.0;;;-31.0;-5.0;-5.0;-44.0;-32.0;13.0
10/12/2020;GB;22916.0;402838.0;1859261.0;;;-32.0;-3.0;-1.0;-44.0;-33.0;13.0
11/12/2020;GB;24390.0;394645.0;1883651.0;;;-33.0;-2.0;-5.0;-41.0;-32.0;13.0
12/12/2020;GB;19588.0;356335.0;1903239.0;;;-37.0;-5.0;-5.0;-39.0;-12.0;8.0
13/12/2020;GB;22266.0;311966.0;1925505.0;;;-41.0;-13.0;-31.0;-45.0;-14.0;8.0
14/12/2020;GB;35197.0;281738.0;1960702.0;;;-25.0;-2.0;2.0;-42.0;-35.0;12.0
15/12/2020;GB;34378.0;309012.0;1995080.0;;;-25.0;0.0;10.0;-41.0;-34.0;12.0
16/12/2020;GB;35427.0;367880.0;2030507.0;;;-33.0;-3.0;-14.0;-46.0;-34.0;14.0
17/12/2020;GB;34438.0;376904.0;2064945.0;;;-29.0;2.0;12.0;-44.0;-35.0;13.0
18/12/2020;GB;36419.0;395461.0;2101364.0;;;-33.0;-1.0;-14.0;-45.0;-37.0;15.0
19/12/2020;GB;25590.0;437697.0;2126954.0;;;-40.0;-3.0;-10.0;-41.0;-13.0;8.0
20/12/2020;GB;33066.0;433595.0;2160020.0;;;-43.0;-7.0;5.0;-45.0;-13.0;7.0
21/12/2020;GB;48192.0;431417.0;2208212.0;;;-26.0;12.0;-8.0;-52.0;-49.0;16.0
22/12/2020;GB;46475.0;457086.0;2254687.0;;;-26.0;17.0;14.0;-52.0;-50.0;16.0
23/12/2020;GB;42936.0;511489.0;2297623.0;;;-27.0;23.0;-12.0;-54.0;-53.0;18.0
24/12/2020;GB;32392.0;461773.0;2330015.0;;;-35.0;14.0;19.0;-59.0;-65.0;21.0
25/12/2020;GB;14419.0;337502.0;2344434.0;;;-92.0;-89.0;-25.0;-85.0;-85.0;27.0
26/12/2020;GB;41110.0;271205.0;2385544.0;;;-81.0;-63.0;-34.0;-76.0;-54.0;15.0
27/12/2020;GB;48520.0;354234.0;2434064.0;;;-58.0;-24.0;3.0;-59.0;-29.0;10.0
28/12/2020;GB;46409.0;361413.0;2480473.0;;;-51.0;-24.0;16.0;-70.0;-77.0;26.0
29/12/2020;GB;83090.0;350266.0;2563563.0;;;-47.0;-11.0;14.0;-64.0;-68.0;24.0
30/12/2020;GB;72161.0;423248.0;2635724.0;;;-42.0;-3.0;18.0;-63.0;-66.0;23.0
31/12/2020;GB;53946.0;481233.0;2689670.0;;;-53.0;2.0;14.0;-67.0;-69.0;24.0
01/01/2021;GB;32482.0;421447.0;2722152.0;;;-83.0;-64.0;-5.0;-82.0;-83.0;32.0
02/01/2021;GB;61654.0;412419.0;2783806.0;;;-68.0;-24.0;-12.0;-66.0;-39.0;16.0
03/01/2021;GB;56335.0;431195.0;2840141.0;;;-64.0;-24.0;-8.0;-62.0;-29.0;11.0
04/01/2021;GB;77972.0;469422.0;2918113.0;;;-53.0;-17.0;-16.0;-62.0;-49.0;19.0
05/01/2021;GB;66637.0;505527.0;2984750.0;;;-61.0;-21.0;-18.0;-63.0;-50.0;20.0
06/01/2021;GB;58784.0;560665.0;3043534.0;;;-62.0;-22.0;-13.0;-63.0;-49.0;21.0
07/01/2021;GB;53187.0;621347.0;3096721.0;;;-62.0;-22.0;-9.0;-64.0;-50.0;21.0
08/01/2021;GB;48105.0;682322.0;3144826.0;;;-64.0;-23.0;-21.0;-64.0;-49.0;22.0
09/01/2021;GB;40035.0;566599.0;3184861.0;;;-68.0;-22.0;-14.0;-65.0;-33.0;15.0
10/01/2021;GB;37174.0;486834.0;3222035.0;;2286572.0;-68.0;-27.0;-13.0;-65.0;-31.0;12.0
11/01/2021;GB;58592.0;543719.0;3280627.0;145076.0;2431648.0;-59.0;-25.0;-16.0;-63.0;-50.0;20.0
12/01/2021;GB;50647.0;590404.0;3331274.0;207661.0;2639309.0;-61.0;-24.0;-7.0;-63.0;-51.0;20.0
13/01/2021;GB;46509.0;629223.0;3377783.0;278943.0;2918252.0;-64.0;-27.0;-30.0;-65.0;-50.0;21.0
14/01/2021;GB;43473.0;696927.0;3421256.0;316694.0;3234946.0;-66.0;-29.0;-28.0;-66.0;-53.0;22.0
15/01/2021;GB;41451.0;599603.0;3462707.0;341317.0;3576263.0;-64.0;-23.0;-15.0;-64.0;-51.0;21.0
16/01/2021;GB;31249.0;492549.0;3493956.0;296131.0;3872394.0;-70.0;-26.0;-31.0;-67.0;-35.0;15.0
17/01/2021;GB;29592.0;417972.0;3523548.0;190107.0;4062501.0;-67.0;-27.0;8.0;-63.0;-31.0;11.0
18/01/2021;GB;45958.0;566981.0;3569506.0;204076.0;4266577.0;-60.0;-25.0;-10.0;-63.0;-51.0;19.0
19/01/2021;GB;40526.0;585790.0;3610032.0;343163.0;4609740.0;-63.0;-27.0;-23.0;-64.0;-52.0;20.0
20/01/2021;GB;35986.0;645198.0;3646018.0;363508.0;4973248.0;-65.0;-28.0;-35.0;-66.0;-51.0;21.0
21/01/2021;GB;32502.0;665124.0;3678520.0;409855.0;5383103.0;-62.0;-23.0;-6.0;-64.0;-51.0;20.0
22/01/2021;GB;30330.0;633418.0;3708850.0;478248.0;5861351.0;-62.0;-20.0;-3.0;-63.0;-49.0;21.0
23/01/2021;GB;22345.0;481000.0;3731195.0;491970.0;6353321.0;-67.0;-22.0;-12.0;-64.0;-33.0;14.0
24/01/2021;GB;17554.0;412802.0;3748749.0;220249.0;6573570.0;-71.0;-31.0;-4.0;-66.0;-34.0;12.0
25/01/2021;GB;30737.0;554417.0;3779486.0;279757.0;6853327.0;-59.0;-23.0;-1.0;-62.0;-52.0;19.0
26/01/2021;GB;27730.0;646599.0;3807216.0;311060.0;7164387.0;-62.0;-25.0;-27.0;-64.0;-51.0;20.0
27/01/2021;GB;26303.0;816338.0;3833519.0;312378.0;7476765.0;-60.0;-21.0;-13.0;-63.0;-50.0;20.0
28/01/2021;GB;24773.0;777591.0;3858292.0;414419.0;7891184.0;-61.0;-21.0;-12.0;-63.0;-50.0;20.0
29/01/2021;GB;22433.0;676840.0;3880725.0;487756.0;8378940.0;-60.0;-16.0;-11.0;-61.0;-49.0;20.0
30/01/2021;GB;17167.0;449009.0;3897892.0;598389.0;8977329.0;-67.0;-22.0;-37.0;-67.0;-33.0;15.0
31/01/2021;GB;15783.0;582713.0;3913675.0;319038.0;9296367.0;-65.0;-24.0;-3.0;-63.0;-30.0;11.0
01/02/2021;GB;22972.0;662984.0;3936647.0;350348.0;9646715.0;-56.0;-21.0;0.0;-60.0;-49.0;18.0
02/02/2021;GB;20266.0;617757.0;3956913.0;374756.0;10021471.0;-61.0;-24.0;-13.0;-62.0;-51.0;20.0
03/02/2021;GB;19914.0;805351.0;3976827.0;469016.0;10490487.0;-60.0;-21.0;-13.0;-63.0;-49.0;20.0
04/02/2021;GB;18493.0;789095.0;3995320.0;480560.0;10971047.0;-60.0;-20.0;-12.0;-64.0;-49.0;20.0
05/02/2021;GB;16308.0;677783.0;4011628.0;494163.0;11465210.0;-59.0;-14.0;-1.0;-61.0;-48.0;20.0
06/02/2021;GB;12320.0;457147.0;4023948.0;549808.0;12015018.0;-65.0;-19.0;-21.0;-64.0;-31.0;14.0
07/02/2021;GB;11664.0;583340.0;4035612.0;278988.0;12294006.0;-68.0;-27.0;-23.0;-67.0;-32.0;11.0
08/02/2021;GB;16194.0;628631.0;4051806.0;352480.0;12646486.0;-60.0;-24.0;-13.0;-63.0;-52.0;19.0
09/02/2021;GB;14225.0;584321.0;4066031.0;411812.0;13058298.0;-61.0;-21.0;-12.0;-63.0;-52.0;20.0
10/02/2021;GB;13899.0;761963.0;4079930.0;450810.0;13509108.0;-59.0;-17.0;-8.0;-62.0;-50.0;20.0
11/02/2021;GB;13139.0;731382.0;4093069.0;503116.0;14012224.0;-58.0;-15.0;-8.0;-63.0;-49.0;20.0
12/02/2021;GB;12573.0;626736.0;4105642.0;544603.0;14556827.0;-58.0;-10.0;-14.0;-62.0;-48.0;20.0
13/02/2021;GB;9035.0;406691.0;4114677.0;505362.0;15062189.0;-63.0;-11.0;-28.0;-65.0;-31.0;14.0
14/02/2021;GB;8994.0;401576.0;4123671.0;237962.0;15300151.0;-65.0;-21.0;-28.0;-65.0;-30.0;11.0
15/02/2021;GB;14735.0;466784.0;4138406.0;275956.0;15576107.0;-52.0;-16.0;18.0;-60.0;-53.0;18.0
16/02/2021;GB;12941.0;495219.0;4151347.0;364865.0;15940972.0;-55.0;-13.0;5.0;-61.0;-52.0;19.0
17/02/2021;GB;11942.0;579872.0;4163289.0;482110.0;16423082.0;-55.0;-16.0;1.0;-61.0;-51.0;20.0
18/02/2021;GB;11794.0;561826.0;4175083.0;452454.0;16875536.0;-55.0;-13.0;13.0;-61.0;-52.0;20.0
19/02/2021;GB;10728.0;524758.0;4185811.0;371906.0;17247442.0;-57.0;-12.0;-7.0;-61.0;-51.0;20.0
20/02/2021;GB;8313.0;405408.0;4194124.0;334679.0;17582121.0;-62.0;-14.0;-4.0;-61.0;-28.0;13.0
21/02/2021;GB;8097.0;591085.0;4202221.0;141719.0;17723840.0;-60.0;-18.0;27.0;-57.0;-26.0;10.0
22/02/2021;GB;11656.0;678459.0;4213877.0;192341.0;17916181.0;-52.0;-16.0;13.0;-59.0;-47.0;17.0
23/02/2021;GB;9763.0;600774.0;4223640.0;326692.0;18242873.0;-55.0;-15.0;7.0;-59.0;-47.0;18.0
24/02/2021;GB;8846.0;740392.0;4232486.0;448962.0;18691835.0;-54.0;-13.0;6.0;-59.0;-46.0;19.0
25/02/2021;GB;8025.0;732293.0;4240511.0;485720.0;19177555.0;-53.0;-10.0;22.0;-59.0;-46.0;18.0
26/02/2021;GB;6783.0;606952.0;4247294.0;504493.0;19682048.0;-51.0;-5.0;38.0;-56.0;-45.0;18.0
27/02/2021;GB;4949.0;381390.0;4252243.0;407503.0;20089551.0;-56.0;-9.0;38.0;-56.0;-25.0;11.0
28/02/2021;GB;4873.0;527220.0;4257116.0;185900.0;20275451.0;-55.0;-12.0;48.0;-55.0;-23.0;9.0
01/03/2021;GB;7192.0;736972.0;4264308.0;203168.0;20478619.0;-49.0;-12.0;20.0;-57.0;-46.0;17.0
02/03/2021;GB;6919.0;680103.0;4271227.0;224996.0;20703615.0;-52.0;-12.0;16.0;-58.0;-46.0;17.0
03/03/2021;GB;6172.0;861334.0;4277399.0;278956.0;20982571.0;-54.0;-13.0;-7.0;-59.0;-46.0;18.0
04/03/2021;GB;5937.0;994447.0;4283336.0;376244.0;21358815.0;-54.0;-10.0;-1.0;-59.0;-46.0;18.0
05/03/2021;GB;5467.0;952887.0;4288803.0;437463.0;21796278.0;-53.0;-6.0;8.0;-57.0;-44.0;18.0
06/03/2021;GB;4628.0;452587.0;4293431.0;416834.0;22213112.0;-57.0;-9.0;10.0;-58.0;-24.0;12.0
07/03/2021;GB;4410.0;806934.0;4297841.0;164143.0;22377255.0;-56.0;-12.0;30.0;-56.0;-22.0;9.0
08/03/2021;GB;6890.0;1537849.0;4304731.0;215273.0;22592528.0;-47.0;-8.0;16.0;-54.0;-44.0;15.0
09/03/2021;GB;6488.0;1379642.0;4311219.0;217301.0;22809829.0;-49.0;-8.0;31.0;-52.0;-43.0;15.0
10/03/2021;GB;6251.0;1554753.0;4317470.0;243887.0;23053716.0;-55.0;-12.0;-26.0;-57.0;-42.0;17.0
11/03/2021;GB;5933.0;1615476.0;4323403.0;260809.0;23314525.0;-53.0;-6.0;-4.0;-55.0;-42.0;17.0
12/03/2021;GB;5716.0;1405524.0;4329119.0;369578.0;23684103.0;-52.0;-1.0;-1.0;-53.0;-40.0;16.0
13/03/2021;GB;4379.0;437728.0;4333498.0;512108.0;24196211.0;-56.0;2.0;-11.0;-58.0;-23.0;12.0
14/03/2021;GB;4425.0;965197.0;4337923.0;257010.0;24453221.0;-58.0;-10.0;4.0;-54.0;-14.0;8.0
15/03/2021;GB;6698.0;1583357.0;4344621.0;386685.0;24839906.0;-47.0;-9.0;23.0;-51.0;-41.0;14.0
16/03/2021;GB;5849.0;1327955.0;4350470.0;433320.0;25273226.0;-49.0;-8.0;23.0;-51.0;-41.0;15.0
17/03/2021;GB;5976.0;1636612.0;4356446.0;462246.0;25735472.0;-49.0;-7.0;26.0;-51.0;-40.0;15.0
18/03/2021;GB;5623.0;1436081.0;4362069.0;528260.0;26263732.0;-51.0;-5.0;18.0;-52.0;-40.0;16.0
19/03/2021;GB;5176.0;940208.0;4367245.0;614930.0;26878662.0;-51.0;-2.0;25.0;-50.0;-39.0;16.0
20/03/2021;GB;4246.0;471045.0;4371491.0;752308.0;27630970.0;-57.0;-7.0;16.0;-55.0;-22.0;11.0
21/03/2021;GB;5388.0;1895480.0;4376879.0;367006.0;27997976.0;-55.0;-11.0;42.0;-53.0;-19.0;8.0
22/03/2021;GB;6458.0;1205749.0;4383337.0;329897.0;28327873.0;-45.0;-6.0;42.0;-49.0;-40.0;14.0
23/03/2021;GB;5481.0;848978.0;4388818.0;325650.0;28653523.0;-48.0;-6.0;28.0;-50.0;-40.0;14.0
24/03/2021;GB;6224.0;1812582.0;4395042.0;337665.0;28991188.0;-48.0;-5.0;28.0;-51.0;-39.0;15.0
25/03/2021;GB;5616.0;1275669.0;4400658.0;324942.0;29316130.0;-49.0;-3.0;26.0;-51.0;-40.0;15.0
26/03/2021;GB;4567.0;723043.0;4405225.0;411305.0;29727435.0;-51.0;-1.0;-1.0;-51.0;-39.0;16.0
27/03/2021;GB;3731.0;471603.0;4408956.0;424301.0;30151736.0;-55.0;-5.0;19.0;-54.0;-21.0;11.0
28/03/2021;GB;5029.0;1644848.0;4413985.0;293548.0;30445284.0;-58.0;-14.0;-1.0;-57.0;-22.0;9.0
29/03/2021;GB;4196.0;981583.0;4418181.0;236809.0;30682093.0;-41.0;-2.0;71.0;-48.0;-42.0;13.0
30/03/2021;GB;3779.0;701962.0;4421960.0;225917.0;30908010.0;-42.0;1.0;110.0;-46.0;-42.0;13.0
31/03/2021;GB;3967.0;1267481.0;4425927.0;239434.0;31147444.0;-42.0;4.0;69.0;-47.0;-41.0;14.0
01/04/2021;GB;3674.0;953784.0;4429601.0;170818.0;31318262.0;-39.0;15.0;53.0;-47.0;-42.0;13.0
02/04/2021;GB;2747.0;553474.0;4432348.0;107420.0;31425682.0;-49.0;0.0;77.0;-58.0;-68.0;21.0
03/04/2021;GB;2506.0;407008.0;4434854.0;107886.0;31533568.0;-55.0;2.0;35.0;-52.0;-27.0;9.0
04/04/2021;GB;2413.0;815680.0;4437267.0;48055.0;31581623.0;-69.0;-40.0;72.0;-49.0;-23.0;6.0
05/04/2021;GB;2744.0;746399.0;4440011.0;40744.0;31622367.0;-47.0;-13.0;65.0;-65.0;-75.0;23.0
06/04/2021;GB;3312.0;635483.0;4443323.0;85227.0;31707594.0;-45.0;-3.0;34.0;-53.0;-50.0;16.0
07/04/2021;GB;3253.0;1036251.0;4446576.0;99530.0;31807124.0;-46.0;-5.0;35.0;-53.0;-48.0;16.0
08/04/2021;GB;3147.0;935104.0;4449723.0;96242.0;31903366.0;-46.0;-3.0;46.0;-53.0;-47.0;16.0
09/04/2021;GB;2952.0;678914.0;4452675.0;106878.0;32010244.0;-48.0;-3.0;44.0;-51.0;-46.0;16.0
10/04/2021;GB;2380.0;481757.0;4455055.0;111109.0;32121353.0;-57.0;-7.0;11.0;-53.0;-21.0;10.0
11/04/2021;GB;2376.0;1218924.0;4457431.0;69223.0;32190576.0;-52.0;-9.0;45.0;-48.0;-17.0;7.0
12/04/2021;GB;2880.0;884718.0;4460311.0;59905.0;32250481.0;-19.0;0.0;59.0;-40.0;-42.0;11.0
13/04/2021;GB;2495.0;684313.0;4462806.0;76123.0;32326604.0;-26.0;1.0;63.0;-42.0;-43.0;12.0
14/04/2021;GB;2512.0;1164115.0;4465318.0;117835.0;32444439.0;-26.0;1.0;63.0;-42.0;-42.0;12.0
15/04/2021;GB;2345.0;991865.0;4467663.0;129782.0;32574221.0;-27.0;3.0;68.0;-42.0;-41.0;12.0
16/04/2021;GB;2347.0;682205.0;4470010.0;135557.0;32709778.0;-30.0;3.0;68.0;-39.0;-40.0;11.0
17/04/2021;GB;1722.0;491778.0;4471732.0;139445.0;32849223.0;-37.0;-1.0;64.0;-34.0;-16.0;5.0
18/04/2021;GB;2584.0;1677731.0;4474316.0;83225.0;32932448.0;-33.0;-2.0;70.0;-33.0;-13.0;4.0
19/04/2021;GB;2738.0;1052307.0;4477054.0;99672.0;33032120.0;-25.0;2.0;72.0;-38.0;-34.0;10.0
20/04/2021;GB;2541.0;735426.0;4479595.0;107622.0;33139742.0;-29.0;2.0;60.0;-38.0;-34.0;10.0
21/04/2021;GB;2709.0;1371537.0;4482304.0;117909.0;33257651.0;-29.0;1.0;45.0;-41.0;-33.0;11.0
22/04/2021;GB;2409.0;1113288.0;4484713.0;130986.0;33388637.0;-28.0;3.0;71.0;-40.0;-32.0;10.0
23/04/2021;GB;2020.0;725741.0;4486733.0;135786.0;33524423.0;-29.0;5.0;69.0;-37.0;-31.0;9.0
24/04/2021;GB;1564.0;500713.0;4488297.0;148767.0;33673190.0;-34.0;2.0;66.0;-35.0;-14.0;5.0
25/04/2021;GB;2119.0;1479341.0;4490416.0;79695.0;33752885.0;-31.0;-2.0;68.0;-37.0;-12.0;4.0
26/04/2021;GB;2627.0;1045240.0;4493043.0;90695.0;33843580.0;-24.0;1.0;55.0;-39.0;-33.0;10.0
27/04/2021;GB;2177.0;734771.0;4495220.0;116328.0;33959908.0;-30.0;0.0;41.0;-40.0;-33.0;11.0
28/04/2021;GB;2499.0;1358139.0;4497719.0;134140.0;34094048.0;-30.0;1.0;21.0;-42.0;-33.0;11.0
29/04/2021;GB;2230.0;1074231.0;4499949.0;122568.0;34216616.0;-28.0;4.0;41.0;-40.0;-32.0;11.0
30/04/2021;GB;1825.0;667757.0;4501774.0;145589.0;34362205.0;-26.0;8.0;46.0;-36.0;-31.0;9.0
01/05/2021;GB;1431.0;484465.0;4503205.0;143175.0;34505380.0;-31.0;3.0;44.0;-35.0;-15.0;5.0
02/05/2021;GB;1521.0;834751.0;4504726.0;89924.0;34595304.0;-26.0;-2.0;71.0;-34.0;-14.0;3.0
03/05/2021;GB;2084.0;1076424.0;4506810.0;72600.0;34667904.0;-29.0;-11.0;30.0;-58.0;-73.0;21.0
04/05/2021;GB;2551.0;872074.0;4509361.0;127170.0;34795074.0;-31.0;3.0;19.0;-41.0;-34.0;11.0
05/05/2021;GB;2569.0;1207455.0;4511930.0;139097.0;34934171.0;-29.0;2.0;30.0;-40.0;-32.0;11.0
06/05/2021;GB;2325.0;1068411.0;4514255.0;135470.0;35069641.0;-27.0;6.0;45.0;-39.0;-32.0;10.0
07/05/2021;GB;1981.0;709120.0;4516236.0;133001.0;35202642.0;-28.0;4.0;52.0;-37.0;-29.0;9.0
08/05/2021;GB;1608.0;490991.0;4517844.0;169027.0;35371669.0;-42.0;-3.0;-18.0;-46.0;-16.0;9.0
09/05/2021;GB;2307.0;1323041.0;4520151.0;100626.0;35472295.0;-30.0;-3.0;57.0;-36.0;-11.0;4.0
10/05/2021;GB;2808.0;965959.0;4522959.0;115053.0;35587348.0;-26.0;1.0;41.0;-39.0;-32.0;10.0
11/05/2021;GB;2328.0;715994.0;4525287.0;135113.0;35722461.0;-27.0;2.0;46.0;-39.0;-31.0;10.0
12/05/2021;GB;2334.0;1205267.0;4527621.0;184210.0;35906671.0;-25.0;5.0;42.0;-39.0;-31.0;10.0
13/05/2021;GB;2182.0;1028069.0;4529803.0;209284.0;36115955.0;-29.0;3.0;32.0;-41.0;-32.0;11.0
14/05/2021;GB;1936.0;700921.0;4531739.0;220068.0;36336023.0;-27.0;6.0;45.0;-37.0;-30.0;10.0
15/05/2021;GB;1626.0;482909.0;4533365.0;237331.0;36573354.0;-34.0;2.0;16.0;-38.0;-15.0;6.0
16/05/2021;GB;1922.0;1111768.0;4535287.0;131318.0;36704672.0;-32.0;-2.0;30.0;-39.0;-10.0;5.0
17/05/2021;GB;2858.0;1005482.0;4538145.0;106733.0;36811405.0;-17.0;1.0;40.0;-35.0;-30.0;9.0
18/05/2021;GB;2812.0;752844.0;4540957.0;174100.0;36985505.0;-20.0;3.0;49.0;-36.0;-30.0;9.0
19/05/2021;GB;2812.0;1188909.0;4543769.0;264858.0;37250363.0;-18.0;4.0;51.0;-36.0;-29.0;9.0
20/05/2021;GB;2517.0;998144.0;4546286.0;268251.0;37518614.0;-24.0;3.0;20.0;-41.0;-30.0;10.0
21/05/2021;GB;2365.0;724810.0;4548651.0;219657.0;37738271.0;-25.0;4.0;12.0;-36.0;-29.0;9.0
22/05/2021;GB;2000.0;494869.0;4550651.0;205410.0;37943681.0;-24.0;3.0;35.0;-31.0;-9.0;3.0
23/05/2021;GB;2326.0;1171568.0;4552977.0;126357.0;38070038.0;-24.0;-4.0;21.0;-34.0;-9.0;3.0
24/05/2021;GB;3368.0;970884.0;4556345.0;122379.0;38192417.0;-19.0;3.0;38.0;-38.0;-31.0;9.0
25/05/2021;GB;3427.0;748922.0;4559772.0;186147.0;38378564.0;-20.0;5.0;42.0;-38.0;-30.0;9.0
26/05/2021;GB;3921.0;1134125.0;4563693.0;236119.0;38614683.0;-17.0;6.0;50.0;-37.0;-29.0;9.0
27/05/2021;GB;3747.0;962255.0;4567440.0;256517.0;38871200.0;-12.0;9.0;85.0;-35.0;-29.0;8.0
28/05/2021;GB;3589.0;679418.0;4571029.0;204442.0;39075642.0;-11.0;12.0;68.0;-29.0;-30.0;6.0
29/05/2021;GB;3000.0;483475.0;4574029.0;183526.0;39259168.0;-18.0;6.0;78.0;-22.0;-10.0;1.0
30/05/2021;GB;3164.0;626632.0;4577193.0;124887.0;39384055.0;-5.0;7.0;130.0;-18.0;-7.0;-1.0
31/05/2021;GB;3897.0;612190.0;4581090.0;93103.0;39477158.0;-1.0;2.0;203.0;-42.0;-71.0;12.0
01/06/2021;GB;5431.0;672280.0;4586521.0;108507.0;39585665.0;-5.0;15.0;141.0;-34.0;-43.0;8.0
02/06/2021;GB;6168.0;853146.0;4592689.0;172763.0;39758428.0;-6.0;11.0;113.0;-36.0;-42.0;10.0
03/06/2021;GB;6256.0;811860.0;4598945.0;191266.0;39949694.0;-6.0;11.0;118.0;-37.0;-41.0;9.0
04/06/2021;GB;5860.0;672842.0;4604805.0;179924.0;40129618.0;-13.0;8.0;80.0;-35.0;-39.0;9.0
05/06/2021;GB;4731.0;482904.0;4609536.0;203613.0;40333231.0;-20.0;6.0;81.0;-25.0;-7.0;1.0
06/06/2021;GB;5533.0;1241214.0;4615069.0;127345.0;40460576.0;-15.0;3.0;77.0;-26.0;-3.0;1.0
07/06/2021;GB;7945.0;947875.0;4623014.0;112941.0;40573517.0;-10.0;10.0;88.0;-35.0;-31.0;8.0
08/06/2021;GB;7896.0;727790.0;4630910.0;136802.0;40710319.0;-11.0;11.0;94.0;-35.0;-29.0;8.0
09/06/2021;GB;8210.0;1087814.0;4639120.0;176559.0;40886878.0;-11.0;10.0;79.0;-35.0;-29.0;8.0
10/06/2021;GB;8042.0;947451.0;4647162.0;201607.0;41088485.0;-12.0;11.0;79.0;-35.0;-28.0;8.0
11/06/2021;GB;7619.0;737355.0;4654781.0;208531.0;41297016.0;-15.0;10.0;72.0;-32.0;-27.0;7.0
12/06/2021;GB;6284.0;525563.0;4661065.0;254185.0;41551201.0;-21.0;7.0;78.0;-26.0;-5.0;1.0
13/06/2021;GB;7135.0;1051847.0;4668200.0;147228.0;41698429.0;-19.0;4.0;92.0;-24.0;-3.0;0.0
14/06/2021;GB;10362.0;945417.0;4678562.0;132627.0;41831056.0;-12.0;9.0;81.0;-35.0;-30.0;8.0
15/06/2021;GB;10796.0;778533.0;4689358.0;190033.0;42021089.0;-12.0;11.0;88.0;-35.0;-29.0;8.0
16/06/2021;GB;11052.0;1104895.0;4700410.0;195565.0;42216654.0;-12.0;10.0;77.0;-35.0;-29.0;8.0
17/06/2021;GB;11106.0;1038991.0;4711516.0;243978.0;42460632.0;-15.0;9.0;60.0;-37.0;-29.0;9.0
18/06/2021;GB;10320.0;791463.0;4721836.0;223140.0;42683772.0;-19.0;6.0;34.0;-34.0;-29.0;8.0
19/06/2021;GB;8446.0;585964.0;4730282.0;280241.0;42964013.0;-21.0;6.0;44.0;-30.0;-6.0;2.0
20/06/2021;GB;10088.0;1149505.0;4740370.0;163750.0;43127763.0;-14.0;1.0;45.0;-30.0;-2.0;1.0
21/06/2021;GB;16307.0;1037160.0;4756677.0;21080.0;43148843.0;-16.0;3.0;45.0;-38.0;-31.0;9.0
22/06/2021;GB;17403.0;823392.0;4774080.0;299837.0;43448680.0;-14.0;6.0;70.0;-36.0;-30.0;8.0
23/06/2021;GB;18350.0;1149363.0;4792430.0;207647.0;43656327.0;-13.0;6.0;73.0;-36.0;-29.0;9.0
24/06/2021;GB;18712.0;1080844.0;4811142.0;221534.0;43877861.0;-13.0;7.0;69.0;-36.0;-30.0;9.0
25/06/2021;GB;18169.0;851871.0;4829311.0;202497.0;44080358.0;-14.0;8.0;54.0;-32.0;-29.0;7.0
26/06/2021;GB;16301.0;610924.0;4845612.0;234441.0;44314799.0;-19.0;2.0;62.0;-26.0;-6.0;2.0
27/06/2021;GB;18502.0;1210109.0;4864114.0;139712.0;44454511.0;-16.0;-1.0;52.0;-28.0;-4.0;1.0
28/06/2021;GB;28418.0;1112511.0;4892532.0;127260.0;44581771.0;-12.0;6.0;63.0;-36.0;-32.0;8.0
29/06/2021;GB;28199.0;883097.0;4920731.0;137991.0;44719762.0;-16.0;2.0;57.0;-38.0;-33.0;8.0
30/06/2021;GB;28923.0;1248762.0;4949654.0;141216.0;44860978.0;-12.0;6.0;67.0;-37.0;-31.0;8.0
01/07/2021;GB;28794.0;1122235.0;4978448.0;152525.0;45013503.0;-11.0;9.0;90.0;-35.0;-31.0;8.0
02/07/2021;GB;26340.0;876251.0;5004788.0;123605.0;45137108.0;-14.0;8.0;79.0;-31.0;-30.0;7.0
03/07/2021;GB;24010.0;655159.0;5028798.0;137389.0;45274497.0;-22.0;2.0;34.0;-29.0;-7.0;3.0
04/07/2021;GB;25170.0;1277488.0;5053968.0;77222.0;45351719.0;-17.0;-2.0;40.0;-28.0;-5.0;2.0
05/07/2021;GB;34919.0;1177790.0;5088887.0;76962.0;45428681.0;-11.0;6.0;68.0;-36.0;-32.0;9.0
06/07/2021;GB;36060.0;969123.0;5124947.0;85811.0;45514492.0;-16.0;5.0;48.0;-38.0;-32.0;10.0
07/07/2021;GB;38597.0;1234183.0;5163544.0;86953.0;45601445.0;-12.0;7.0;58.0;-36.0;-32.0;9.0
08/07/2021;GB;34016.0;1115031.0;5197560.0;96430.0;45697875.0;-12.0;7.0;82.0;-36.0;-32.0;9.0
09/07/2021;GB;32803.0;905424.0;5230363.0;90083.0;45787958.0;-14.0;7.0;75.0;-32.0;-31.0;8.0
10/07/2021;GB;28379.0;740446.0;5258742.0;93763.0;45881721.0;-20.0;3.0;48.0;-28.0;-7.0;3.0
11/07/2021;GB;30503.0;1121822.0;5289245.0;42000.0;45923721.0;-14.0;5.0;55.0;-23.0;-1.0;0.0
12/07/2021;GB;44512.0;1088730.0;5333757.0;54296.0;45978017.0;-16.0;0.0;56.0;-37.0;-38.0;10.0
13/07/2021;GB;47706.0;934109.0;5381463.0;59073.0;46037090.0;-13.0;7.0;87.0;-36.0;-34.0;9.0
14/07/2021;GB;54909.0;1206792.0;5436372.0;60374.0;46097464.0;-10.0;8.0;89.0;-35.0;-33.0;9.0
15/07/2021;GB;62000.0;1182258.0;5498372.0;61681.0;46159145.0;-11.0;10.0;96.0;-35.0;-33.0;9.0
16/07/2021;GB;55263.0;973506.0;5553635.0;69491.0;46228636.0;-13.0;10.0;98.0;-30.0;-32.0;7.0
17/07/2021;GB;38475.0;779722.0;5592110.0;67217.0;46295853.0;-23.0;5.0;83.0;-24.0;-8.0;1.0
18/07/2021;GB;36181.0;1041938.0;5628291.0;18186.0;46314039.0;-16.0;4.0;93.0;-22.0;-4.0;0.0
19/07/2021;GB;47924.0;1090802.0;5676215.0;35670.0;46349709.0;-7.0;12.0;100.0;-34.0;-37.0;8.0
20/07/2021;GB;39877.0;887467.0;5716092.0;39035.0;46388744.0;-10.0;11.0;100.0;-36.0;-37.0;9.0
21/07/2021;GB;35548.0;1034621.0;5751640.0;45101.0;46433845.0;-9.0;10.0;96.0;-35.0;-37.0;9.0
22/07/2021;GB;31278.0;1015937.0;5782918.0;44036.0;46477881.0;-9.0;11.0;105.0;-35.0;-38.0;9.0
23/07/2021;GB;27817.0;910023.0;5810735.0;42974.0;46520855.0;-11.0;8.0;93.0;-31.0;-38.0;8.0
24/07/2021;GB;22852.0;753369.0;5833587.0;43805.0;46564660.0;-20.0;0.0;56.0;-25.0;-7.0;2.0
25/07/2021;GB;22187.0;792142.0;5855774.0;24551.0;46589211.0;-14.0;-2.0;68.0;-22.0;-3.0;1.0
26/07/2021;GB;29980.0;823325.0;5885754.0;30019.0;46619230.0;-4.0;8.0;118.0;-34.0;-42.0;9.0
27/07/2021;GB;29581.0;801954.0;5915335.0;35402.0;46654632.0;-8.0;6.0;84.0;-37.0;-41.0;10.0
28/07/2021;GB;30237.0;903538.0;5945572.0;43847.0;46698479.0;-7.0;5.0;64.0;-38.0;-41.0;11.0
29/07/2021;GB;28432.0;864788.0;5974004.0;42353.0;46740832.0;-4.0;8.0;102.0;-35.0;-41.0;9.0
30/07/2021;GB;24749.0;839039.0;5998753.0;36724.0;46777556.0;-11.0;4.0;49.0;-33.0;-40.0;9.0
31/07/2021;GB;20569.0;669556.0;6019322.0;38826.0;46816382.0;-17.0;0.0;52.0;-22.0;-7.0;1.0
01/08/2021;GB;20985.0;672220.0;6040307.0;21232.0;46837614.0;-9.0;-1.0;70.0;-20.0;-3.0;0.0
02/08/2021;GB;29840.0;743471.0;6070147.0;26092.0;46863706.0;-1.0;7.0;110.0;-33.0;-43.0;9.0
03/08/2021;GB;30472.0;722566.0;6100619.0;29290.0;46892996.0;-3.0;7.0;119.0;-35.0;-42.0;9.0
04/08/2021;GB;32338.0;843810.0;6132957.0;33334.0;46926330.0;-3.0;7.0;113.0;-34.0;-41.0;9.0
05/08/2021;GB;31659.0;829750.0;6164616.0;35500.0;46961830.0;-7.0;6.0;74.0;-37.0;-42.0;10.0
06/08/2021;GB;28036.0;793570.0;6192652.0;36976.0;46998806.0;-11.0;4.0;60.0;-33.0;-41.0;9.0
07/08/2021;GB;22540.0;653403.0;6215192.0;37990.0;47036796.0;-19.0;-2.0;34.0;-24.0;-9.0;2.0
08/08/2021;GB;22887.0;690941.0;6238079.0;22843.0;47059639.0;-13.0;-2.0;45.0;-22.0;-4.0;1.0
09/08/2021;GB;32162.0;746853.0;6270241.0;32250.0;47091889.0;-3.0;6.0;88.0;-34.0;-42.0;9.0
10/08/2021;GB;31518.0;749227.0;6301759.0;37511.0;47129400.0;-1.0;8.0;122.0;-33.0;-41.0;9.0
11/08/2021;GB;33349.0;839655.0;6335108.0;41568.0;47170968.0;-3.0;6.0;100.0;-34.0;-41.0;9.0
12/08/2021;GB;31726.0;816020.0;6366834.0;44384.0;47215352.0;-2.0;8.0;111.0;-33.0;-41.0;9.0
13/08/2021;GB;28973.0;823257.0;6395807.0;40490.0;47255842.0;-8.0;6.0;90.0;-29.0;-40.0;8.0
14/08/2021;GB;25057.0;649629.0;6420864.0;46603.0;47302445.0;-16.0;0.0;70.0;-18.0;-8.0;0.0
15/08/2021;GB;25326.0;675523.0;6446190.0;31257.0;47333702.0;-9.0;0.0;75.0;-16.0;-3.0;0.0
16/08/2021;GB;36906.0;720099.0;6483096.0;35716.0;47369418.0;-2.0;7.0;100.0;-32.0;-42.0;8.0
17/08/2021;GB;37919.0;733234.0;6521015.0;43824.0;47413242.0;-5.0;6.0;87.0;-35.0;-42.0;9.0
18/08/2021;GB;38739.0;806967.0;6559754.0;47284.0;47460526.0;-3.0;6.0;95.0;-34.0;-39.0;9.0
19/08/2021;GB;36500.0;826979.0;6596254.0;55979.0;47516505.0;-5.0;7.0;98.0;-33.0;-40.0;9.0
20/08/2021;GB;32231.0;766849.0;6628485.0;60885.0;47577390.0;-8.0;5.0;88.0;-29.0;-39.0;7.0
21/08/2021;GB;28533.0;639328.0;6657018.0;73006.0;47650396.0;-18.0;-2.0;34.0;-22.0;-9.0;2.0
22/08/2021;GB;28743.0;680215.0;6685761.0;40345.0;47690741.0;-10.0;-1.0;72.0;-17.0;-2.0;0.0
23/08/2021;GB;39715.0;763404.0;6725476.0;46401.0;47737142.0;0.0;7.0;118.0;-31.0;-41.0;8.0
24/08/2021;GB;37682.0;753489.0;6763158.0;55410.0;47792552.0;-2.0;7.0;117.0;-32.0;-40.0;8.0
25/08/2021;GB;38777.0;931592.0;6801935.0;68076.0;47860628.0;-1.0;8.0;109.0;-32.0;-40.0;8.0
26/08/2021;GB;37613.0;955124.0;6839548.0;55140.0;47915768.0;-1.0;9.0;109.0;-31.0;-40.0;8.0
27/08/2021;GB;33743.0;895980.0;6873291.0;44937.0;47960705.0;-5.0;9.0;98.0;-26.0;-40.0;7.0
28/08/2021;GB;27599.0;697803.0;6900890.0;43271.0;48003976.0;-14.0;1.0;82.0;-15.0;-8.0;0.0
29/08/2021;GB;26135.0;711220.0;6927025.0;24390.0;48028366.0;-2.0;0.0;98.0;-12.0;-3.0;-1.0
30/08/2021;GB;34773.0;692836.0;6961798.0;19643.0;48048009.0;1.0;-3.0;124.0;-41.0;-70.0;14.0
31/08/2021;GB;45212.0;933480.0;7007010.0;39899.0;48087908.0;-3.0;12.0;72.0;-33.0;-40.0;9.0
01/09/2021;GB;43532.0;1029454.0;7050542.0;44088.0;48131996.0;-4.0;9.0;69.0;-33.0;-36.0;9.0
02/09/2021;GB;42329.0;1161707.0;7092871.0;40002.0;48171998.0;-5.0;9.0;77.0;-32.0;-35.0;8.0
03/09/2021;GB;38630.0;1192010.0;7131501.0;35266.0;48207264.0;-8.0;7.0;70.0;-27.0;-33.0;7.0
04/09/2021;GB;31810.0;746766.0;7163311.0;41054.0;48248318.0;-13.0;2.0;59.0;-19.0;-5.0;1.0
05/09/2021;GB;31803.0;1024203.0;7195114.0;21795.0;48270113.0;-5.0;3.0;89.0;-15.0;-1.0;0.0
06/09/2021;GB;44929.0;1372656.0;7240043.0;22698.0;48292811.0;-3.0;10.0;87.0;-27.0;-33.0;7.0
07/09/2021;GB;38619.0;1183116.0;7278662.0;26624.0;48319435.0;-6.0;10.0;98.0;-28.0;-32.0;7.0
08/09/2021;GB;35849.0;1248402.0;7314511.0;25131.0;48344566.0;-6.0;9.0;83.0;-28.0;-31.0;7.0
09/09/2021;GB;33974.0;1234443.0;7348485.0;25774.0;48370340.0;-10.0;8.0;56.0;-29.0;-31.0;7.0
10/09/2021;GB;29187.0;1072813.0;7377672.0;26064.0;48396404.0;-10.0;7.0;54.0;-24.0;-29.0;6.0
11/09/2021;GB;23533.0;722751.0;7401205.0;27913.0;48424317.0;-12.0;3.0;61.0;-16.0;-5.0;1.0
12/09/2021;GB;24060.0;1070797.0;7425265.0;14955.0;48439272.0;-7.0;3.0;70.0;-16.0;-2.0;0.0
13/09/2021;GB;34658.0;1075606.0;7459923.0;19428.0;48458700.0;-6.0;8.0;64.0;-26.0;-32.0;7.0
14/09/2021;GB;31434.0;885413.0;7491357.0;17645.0;48476345.0;-12.0;5.0;42.0;-29.0;-33.0;8.0
15/09/2021;GB;30414.0;1134430.0;7521771.0;24402.0;48500747.0;-6.0;9.0;67.0;-27.0;-31.0;7.0
16/09/2021;GB;29709.0;1044844.0;7551480.0;23051.0;48523798.0;-7.0;8.0;79.0;-27.0;-32.0;6.0
17/09/2021;GB;29479.0;892753.0;7580959.0;20778.0;48544576.0;-9.0;7.0;62.0;-24.0;-32.0;6.0
18/09/2021;GB;26645.0;693884.0;7607604.0;26198.0;48570774.0;-12.0;2.0;65.0;-16.0;-7.0;0.0
19/09/2021;GB;31084.0;1122529.0;7638688.0;13840.0;48584614.0;-9.0;1.0;49.0;-18.0;-5.0;1.0
20/09/2021;GB;40768.0;1011761.0;7679456.0;20150.0;48604764.0;-6.0;8.0;70.0;-27.0;-33.0;6.0
21/09/2021;GB;38848.0;899746.0;7718304.0;20384.0;48625148.0;-8.0;8.0;71.0;-28.0;-32.0;7.0
22/09/2021;GB;36757.0;961488.0;7755061.0;22679.0;48647827.0;-7.0;7.0;61.0;-27.0;-29.0;7.0
23/09/2021;GB;35851.0;1060622.0;7790912.0;25083.0;48672910.0;-8.0;8.0;59.0;-28.0;-29.0;7.0
24/09/2021;GB;32109.0;899443.0;7823021.0;27617.0;48700527.0;-7.0;11.0;61.0;-22.0;-30.0;5.0
25/09/2021;GB;28567.0;777767.0;7851588.0;24296.0;48724823.0;-13.0;2.0;46.0;-14.0;-7.0;1.0
26/09/2021;GB;32083.0;1126572.0;7883671.0;15984.0;48740807.0;-9.0;2.0;60.0;-13.0;-4.0;1.0
27/09/2021;GB;41589.0;1031869.0;7925260.0;24919.0;48765726.0;-11.0;7.0;34.0;-27.0;-32.0;8.0
28/09/2021;GB;36547.0;866882.0;7961807.0;31853.0;48797579.0;-14.0;5.0;20.0;-29.0;-32.0;8.0
29/09/2021;GB;34836.0;1109689.0;7996643.0;31539.0;48829118.0;-10.0;7.0;35.0;-29.0;-31.0;7.0
30/09/2021;GB;32605.0;1039273.0;8029248.0;34372.0;48863490.0;-11.0;6.0;15.0;-30.0;-31.0;8.0
01/10/2021;GB;29058.0;873670.0;8058306.0;38180.0;48901670.0;-10.0;6.0;27.0;-26.0;-30.0;7.0
02/10/2021;GB;26316.0;727074.0;8084622.0;31066.0;48932736.0;-18.0;-3.0;-13.0;-25.0;-10.0;3.0
03/10/2021;GB;32058.0;1024891.0;8116680.0;24123.0;48956859.0;-8.0;1.0;30.0;-19.0;-5.0;2.0
04/10/2021;GB;43734.0;967911.0;8160414.0;37671.0;48994530.0;-10.0;4.0;29.0;-30.0;-32.0;7.0
05/10/2021;GB;39278.0;853674.0;8199692.0;41347.0;49035877.0;-14.0;3.0;18.0;-32.0;-32.0;8.0
06/10/2021;GB;39264.0;1069330.0;8238956.0;32828.0;49068705.0;-9.0;5.0;38.0;-30.0;-30.0;7.0
07/10/2021;GB;38465.0;964013.0;8277421.0;33029.0;49101734.0;-10.0;5.0;35.0;-30.0;-30.0;7.0
08/10/2021;GB;35612.0;917700.0;8313033.0;31685.0;49133419.0;-10.0;5.0;37.0;-26.0;-29.0;6.0
09/10/2021;GB;32306.0;699340.0;8345339.0;31395.0;49164814.0;-11.0;1.0;37.0;-19.0;-7.0;1.0
10/10/2021;GB;36418.0;967595.0;8381757.0;22106.0;49186920.0;-8.0;-1.0;48.0;-19.0;-5.0;1.0
11/10/2021;GB;50304.0;958592.0;8432061.0;29172.0;49216092.0;-8.0;5.0;45.0;-29.0;-31.0;7.0
12/10/2021;GB;48321.0;878089.0;8480382.0;36847.0;49252939.0;-12.0;5.0;33.0;-30.0;-30.0;7.0
13/10/2021;GB;47773.0;1040268.0;8528155.0;38726.0;49291665.0;-10.0;4.0;33.0;-30.0;-30.0;7.0
14/10/2021;GB;46420.0;979550.0;8574575.0;43489.0;49335154.0;-11.0;5.0;37.0;-30.0;-29.0;7.0
15/10/2021;GB;43560.0;910941.0;8618135.0;40763.0;49375917.0;-9.0;6.0;38.0;-26.0;-29.0;6.0
16/10/2021;GB;37878.0;720933.0;8656013.0;28999.0;49404916.0;-12.0;0.0;26.0;-21.0;-8.0;2.0
17/10/2021;GB;43753.0;982805.0;8699766.0;17837.0;49422753.0;-10.0;-2.0;29.0;-21.0;-6.0;2.0
18/10/2021;GB;57743.0;935071.0;8757509.0;39672.0;49462425.0;-11.0;3.0;22.0;-31.0;-32.0;8.0
19/10/2021;GB;52529.0;879720.0;8810038.0;42902.0;49505327.0;-13.0;3.0;21.0;-31.0;-31.0;8.0
20/10/2021;GB;51661.0;1110011.0;8861699.0;49080.0;49554407.0;-11.0;3.0;19.0;-31.0;-31.0;8.0
21/10/2021;GB;45193.0;1014189.0;8906892.0;48732.0;49603139.0;-9.0;6.0;37.0;-30.0;-30.0;7.0
22/10/2021;GB;40665.0;918293.0;8947557.0;46250.0;49649389.0;-10.0;5.0;29.0;-26.0;-31.0;7.0
23/10/2021;GB;35103.0;702453.0;8982660.0;40092.0;49689481.0;-13.0;1.0;23.0;-19.0;-9.0;2.0
24/10/2021;GB;35765.0;789098.0;9018425.0;25747.0;49715228.0;-9.0;-2.0;31.0;-19.0;-7.0;2.0
25/10/2021;GB;47465.0;850618.0;9065890.0;37809.0;49753037.0;-1.0;6.0;61.0;-30.0;-40.0;8.0
26/10/2021;GB;42124.0;820610.0;9108014.0;41083.0;49794120.0;-4.0;6.0;50.0;-31.0;-39.0;9.0
27/10/2021;GB;43045.0;918605.0;9151059.0;44082.0;49838202.0;-2.0;5.0;46.0;-31.0;-39.0;9.0
28/10/2021;GB;41391.0;874906.0;9192450.0;44702.0;49882904.0;-2.0;7.0;49.0;-30.0;-39.0;8.0
29/10/2021;GB;40251.0;838082.0;9232701.0;40967.0;49923871.0;-6.0;6.0;26.0;-28.0;-39.0;8.0
30/10/2021;GB;33569.0;673065.0;9266270.0;36052.0;49959923.0;-12.0;3.0;14.0;-19.0;-10.0;1.0
31/10/2021;GB;34814.0;954589.0;9301084.0;27402.0;49987325.0;-13.0;1.0;-4.0;-21.0;-7.0;2.0
01/11/2021;GB;45109.0;940568.0;9346193.0;37695.0;50025020.0;-10.0;4.0;17.0;-30.0;-31.0;8.0
02/11/2021;GB;38019.0;868460.0;9384212.0;46663.0;50071683.0;-10.0;6.0;24.0;-29.0;-29.0;7.0
03/11/2021;GB;35986.0;1018582.0;9420198.0;41242.0;50112925.0;-10.0;5.0;13.0;-30.0;-28.0;8.0
04/11/2021;GB;33661.0;937020.0;9453859.0;43731.0;50156656.0;-10.0;7.0;21.0;-29.0;-28.0;7.0
05/11/2021;GB;30318.0;827472.0;9484177.0;43491.0;50200147.0;-10.0;7.0;34.0;-26.0;-28.0;7.0
06/11/2021;GB;27436.0;643592.0;9511613.0;36748.0;50236895.0;-14.0;0.0;12.0;-21.0;-9.0;3.0
07/11/2021;GB;30586.0;884418.0;9542199.0;25840.0;50262735.0;-7.0;1.0;27.0;-18.0;-6.0;1.0
08/11/2021;GB;44128.0;949400.0;9586327.0;33559.0;50296294.0;-10.0;5.0;17.0;-29.0;-29.0;7.0
09/11/2021;GB;42246.0;854921.0;9628573.0;39836.0;50336130.0;-11.0;6.0;19.0;-30.0;-28.0;7.0
10/11/2021;GB;42942.0;1022224.0;9671515.0;119188.0;50455318.0;-11.0;5.0;9.0;-30.0;-27.0;8.0
11/11/2021;GB;40999.0;985309.0;9712514.0;36383.0;50491701.0;-10.0;6.0;21.0;-29.0;-27.0;7.0
12/11/2021;GB;37765.0;834464.0;9750279.0;34338.0;50526039.0;-11.0;5.0;6.0;-27.0;-28.0;7.0
13/11/2021;GB;32883.0;657543.0;9783162.0;33527.0;50559566.0;-11.0;2.0;16.0;-20.0;-8.0;2.0
14/11/2021;GB;35530.0;920463.0;9818692.0;22938.0;50582504.0;-7.0;1.0;27.0;-18.0;-6.0;1.0
15/11/2021;GB;50949.0;940879.0;9869641.0;32046.0;50614550.0;-9.0;6.0;18.0;-29.0;-29.0;7.0
16/11/2021;GB;46429.0;814260.0;9916070.0;31431.0;50645981.0;-11.0;5.0;14.0;-29.0;-28.0;7.0
17/11/2021;GB;45894.0;1038145.0;9961964.0;33092.0;50679073.0;-9.0;5.0;16.0;-29.0;-27.0;7.0
18/11/2021;GB;44061.0;995676.0;10006025.0;28880.0;50707953.0;-9.0;7.0;18.0;-29.0;-27.0;7.0
19/11/2021;GB;39608.0;867675.0;10045633.0;27084.0;50735037.0;-8.0;7.0;19.0;-25.0;-27.0;7.0
20/11/2021;GB;35335.0;712358.0;10080968.0;26013.0;50761050.0;-10.0;1.0;11.0;-18.0;-8.0;2.0
21/11/2021;GB;37252.0;1010643.0;10118220.0;16424.0;50777474.0;-6.0;0.0;20.0;-18.0;-6.0;1.0
22/11/2021;GB;50733.0;1001502.0;10168953.0;23258.0;50800732.0;-8.0;6.0;18.0;-29.0;-29.0;7.0
23/11/2021;GB;48197.0;913448.0;10217150.0;26822.0;50827554.0;-10.0;6.0;15.0;-29.0;-28.0;7.0
24/11/2021;GB;46771.0;1077904.0;10263921.0;24579.0;50852133.0;-9.0;5.0;8.0;-29.0;-27.0;8.0
25/11/2021;GB;43424.0;1050515.0;10307345.0;23579.0;50875712.0;-6.0;8.0;17.0;-28.0;-27.0;7.0
26/11/2021;GB;39329.0;886114.0;10346674.0;20314.0;50896026.0;-7.0;6.0;0.0;-26.0;-29.0;7.0
27/11/2021;GB;33300.0;720113.0;10379974.0;23808.0;50919834.0;-16.0;-3.0;-20.0;-26.0;-10.0;4.0
28/11/2021;GB;39704.0;1017750.0;10419678.0;21493.0;50941327.0;-8.0;0.0;3.0;-20.0;-6.0;2.0
29/11/2021;GB;56290.0;1040782.0;10475968.0;22391.0;50963718.0;-7.0;6.0;4.0;-31.0;-30.0;8.0
30/11/2021;GB;55694.0;1010590.0;10531662.0;30539.0;50994257.0;-7.0;10.0;5.0;-30.0;-28.0;8.0
01/12/2021;GB;54819.0;1185982.0;10586481.0;26028.0;51020285.0;-8.0;6.0;0.0;-30.0;-28.0;8.0
02/12/2021;GB;50320.0;1135522.0;10636801.0;25848.0;51046133.0;-7.0;7.0;11.0;-30.0;-27.0;8.0
03/12/2021;GB;45667.0;1066986.0;10682468.0;23264.0;51069397.0;-7.0;6.0;5.0;-26.0;-28.0;7.0
04/12/2021;GB;38782.0;866910.0;10721250.0;26914.0;51096311.0;-12.0;-1.0;-4.0;-20.0;-8.0;3.0
05/12/2021;GB;41051.0;1132009.0;10762301.0;21955.0;51118266.0;-7.0;0.0;-1.0;-20.0;-5.0;2.0
06/12/2021;GB;59692.0;1137478.0;10821993.0;19979.0;51138245.0;-8.0;6.0;-4.0;-32.0;-30.0;8.0
07/12/2021;GB;56252.0;1063146.0;10878245.0;23512.0;51161757.0;-14.0;2.0;-12.0;-34.0;-28.0;9.0
08/12/2021;GB;58825.0;1286150.0;10937070.0;21700.0;51183457.0;-8.0;6.0;-4.0;-32.0;-26.0;8.0
09/12/2021;GB;56994.0;1317690.0;10994064.0;24039.0;51207496.0;-5.0;9.0;10.0;-30.0;-26.0;7.0
10/12/2021;GB;52491.0;1198855.0;11046555.0;22063.0;51229559.0;-6.0;7.0;5.0;-26.0;-26.0;7.0
11/12/2021;GB;48594.0;1000539.0;11095149.0;26291.0;51255850.0;-12.0;1.0;-10.0;-20.0;-5.0;2.0
12/12/2021;GB;53157.0;1256352.0;11148306.0;23317.0;51279167.0;-7.0;1.0;5.0;-20.0;-2.0;2.0
13/12/2021;GB;87170.0;1349348.0;11235476.0;19671.0;51298838.0;-4.0;11.0;6.0;-33.0;-30.0;8.0
14/12/2021;GB;102786.0;1326539.0;11338262.0;34082.0;51332920.0;-6.0;12.0;8.0;-34.0;-29.0;9.0
15/12/2021;GB;112699.0;1640506.0;11450961.0;28067.0;51360987.0;-2.0;13.0;8.0;-33.0;-29.0;9.0
16/12/2021;GB;106048.0;1609826.0;11557009.0;32677.0;51393664.0;-3.0;14.0;14.0;-34.0;-30.0;9.0
17/12/2021;GB;95879.0;1575050.0;11652888.0;32890.0;51426554.0;-6.0;10.0;7.0;-32.0;-30.0;9.0
18/12/2021;GB;88883.0;1396458.0;11741771.0;38329.0;51464883.0;-14.0;4.0;-4.0;-26.0;-6.0;3.0
19/12/2021;GB;89129.0;1457324.0;11830900.0;33151.0;51498034.0;-8.0;3.0;0.0;-25.0;-1.0;2.0
20/12/2021;GB;133966.0;1522487.0;11964866.0;39793.0;51537827.0;5.0;19.0;14.0;-37.0;-41.0;10.0
21/12/2021;GB;150292.0;1510031.0;12115158.0;39955.0;51577782.0;2.0;22.0;15.0;-39.0;-42.0;11.0
22/12/2021;GB;161561.0;1663545.0;12276719.0;39309.0;51617091.0;4.0;29.0;5.0;-39.0;-44.0;11.0
23/12/2021;GB;160634.0;1630536.0;12437353.0;32605.0;51649696.0;7.0;42.0;8.0;-39.0;-50.0;12.0
24/12/2021;GB;137268.0;1604482.0;12574621.0;10770.0;51660466.0;-17.0;20.0;-4.0;-49.0;-62.0;16.0
25/12/2021;GB;70362.0;1158898.0;12644983.0;955.0;51661421.0;-87.0;-88.0;-49.0;-81.0;-64.0;11.0
26/12/2021;GB;116275.0;1270902.0;12761258.0;1935.0;51663356.0;-48.0;-50.0;-16.0;-55.0;-35.0;4.0
27/12/2021;GB;195007.0;1317586.0;12956265.0;18191.0;51681547.0;-15.0;-17.0;11.0;-54.0;-78.0;18.0
28/12/2021;GB;212463.0;1491353.0;13168728.0;23859.0;51705406.0;-14.0;-9.0;18.0;-54.0;-76.0;20.0
29/12/2021;GB;272790.0;1515737.0;13441518.0;32607.0;51738013.0;-11.0;2.0;5.0;-50.0;-65.0;18.0
30/12/2021;GB;236573.0;1530435.0;13678091.0;33371.0;51771384.0;-11.0;8.0;20.0;-49.0;-64.0;18.0
31/12/2021;GB;188564.0;1731869.0;13866655.0;15384.0;51786768.0;-20.0;9.0;22.0;-51.0;-64.0;17.0
01/01/2022;GB;118269.0;1054753.0;13984924.0;2277.0;51789045.0;-63.0;-54.0;3.0;-59.0;-49.0;11.0
02/01/2022;GB;181065.0;1359060.0;14165989.0;12449.0;51801494.0;-25.0;-12.0;0.0;-39.0;-15.0;6.0
03/01/2022;GB;229896.0;1721767.0;14395885.0;19158.0;51820652.0;-15.0;-8.0;32.0;-56.0;-74.0;21.0
04/01/2022;GB;275647.0;2061041.0;14671532.0;24866.0;51845518.0;-25.0;0.0;-5.0;-48.0;-42.0;15.0
05/01/2022;GB;222170.0;2058093.0;14893702.0;29030.0;51874548.0;-25.0;-1.0;0.0;-46.0;-36.0;14.0
06/01/2022;GB;172980.0;1799011.0;15066682.0;22741.0;51897289.0;-30.0;-4.0;-14.0;-47.0;-35.0;14.0
07/01/2022;GB;120288.0;1588137.0;15186970.0;23422.0;51920711.0;-28.0;-4.0;-13.0;-44.0;-32.0;13.0
08/01/2022;GB;93612.0;1314078.0;15280582.0;31689.0;51952400.0;-32.0;-9.0;-36.0;-44.0;-12.0;8.0
09/01/2022;GB;95788.0;1634426.0;15376370.0;22205.0;51974605.0;-22.0;-7.0;13.0;-36.0;-6.0;5.0
10/01/2022;GB;132955.0;1620875.0;15509325.0;17954.0;51992559.0;-22.0;-2.0;-1.0;-42.0;-31.0;11.0
11/01/2022;GB;115244.0;1407849.0;15624569.0;19276.0;52011835.0;-23.0;-2.0;1.0;-42.0;-31.0;11.0
12/01/2022;GB;103221.0;1572177.0;15727790.0;19520.0;52031355.0;-21.0;-1.0;10.0;-41.0;-30.0;11.0
13/01/2022;GB;96412.0;1409318.0;15824202.0;20521.0;52051876.0;-22.0;0.0;13.0;-41.0;-30.0;11.0
14/01/2022;GB;86325.0;1257257.0;15910527.0;20878.0;52072754.0;-21.0;0.0;7.0;-38.0;-28.0;10.0
15/01/2022;GB;77948.0;1071093.0;15988475.0;27409.0;52100163.0;-22.0;-5.0;-4.0;-35.0;-8.0;5.0
16/01/2022;GB;98094.0;1275520.0;16086569.0;17700.0;52117863.0;-19.0;-6.0;18.0;-33.0;-5.0;3.0
17/01/2022;GB;131514.0;1382747.0;16218083.0;15748.0;52133611.0;-19.0;-1.0;17.0;-39.0;-30.0;9.0
18/01/2022;GB;118857.0;1313770.0;16336940.0;18032.0;52151643.0;-22.0;-2.0;8.0;-38.0;-30.0;10.0
19/01/2022;GB;111758.0;1535657.0;16448698.0;16949.0;52168592.0;-20.0;-1.0;5.0;-38.0;-29.0;10.0
20/01/2022;GB;100325.0;1371887.0;16549023.0;17806.0;52186398.0;-19.0;0.0;13.0;-37.0;-29.0;10.0
21/01/2022;GB;91730.0;1220379.0;16640753.0;17532.0;52203930.0;-19.0;0.0;4.0;-35.0;-27.0;9.0
22/01/2022;GB;81733.0;1038336.0;16722486.0;20378.0;52224308.0;-19.0;-4.0;4.0;-30.0;-7.0;4.0
23/01/2022;GB;102364.0;1228669.0;16824850.0;12266.0;52236574.0;-19.0;-7.0;11.0;-30.0;-5.0;3.0
24/01/2022;GB;127364.0;1355027.0;16952214.0;16005.0;52252579.0;-18.0;-2.0;9.0;-36.0;-29.0;9.0
25/01/2022;GB;113201.0;1275404.0;17065415.0;13936.0;52266515.0;-20.0;-1.0;6.0;-36.0;-29.0;9.0
26/01/2022;GB;108668.0;1442328.0;17174083.0;15358.0;52281873.0;-17.0;-1.0;8.0;-36.0;-29.0;9.0
27/01/2022;GB;96202.0;1286463.0;17270285.0;15706.0;52297579.0;-17.0;1.0;15.0;-35.0;-28.0;9.0
28/01/2022;GB;84026.0;1160207.0;17354311.0;16949.0;52314528.0;-15.0;1.0;7.0;-32.0;-27.0;9.0
29/01/2022;GB;73505.0;923854.0;17427816.0;18946.0;52333474.0;-16.0;-4.0;1.0;-27.0;-7.0;4.0
30/01/2022;GB;87698.0;1128984.0;17515514.0;11684.0;52345158.0;-12.0;-5.0;27.0;-26.0;-4.0;2.0
31/01/2022;GB;105047.0;1236640.0;17620561.0;15329.0;52360487.0;-15.0;0.0;9.0;-34.0;-29.0;8.0
01/02/2022;GB;93949.0;1187284.0;17714510.0;12735.0;52373222.0;-16.0;1.0;14.0;-33.0;-28.0;8.0
02/02/2022;GB;88417.0;1337656.0;17802927.0;12466.0;52385688.0;-15.0;1.0;12.0;-32.0;-27.0;9.0
03/02/2022;GB;76642.0;1222608.0;17879569.0;13343.0;52399031.0;-15.0;2.0;14.0;-33.0;-27.0;8.0
04/02/2022;GB;63264.0;1064207.0;17942833.0;15151.0;52414182.0;-16.0;1.0;1.0;-31.0;-26.0;8.0
05/02/2022;GB;52304.0;845042.0;17995137.0;14794.0;52428976.0;-17.0;-5.0;-7.0;-26.0;-8.0;4.0
06/02/2022;GB;60547.0;1007469.0;18055684.0;8321.0;52437297.0;-17.0;-7.0;-9.0;-28.0;-5.0;3.0
07/02/2022;GB;76483.0;1141695.0;18132167.0;10106.0;52447403.0;-15.0;1.0;15.0;-32.0;-28.0;8.0
08/02/2022;GB;69661.0;1078195.0;18201828.0;10804.0;52458207.0;-15.0;1.0;16.0;-31.0;-28.0;8.0
09/02/2022;GB;64339.0;1176413.0;18266167.0;10523.0;52468730.0;-14.0;1.0;13.0;-31.0;-27.0;8.0
10/02/2022;GB;52292.0;1045891.0;18318459.0;11614.0;52480344.0;-14.0;3.0;15.0;-30.0;-27.0;8.0
11/02/2022;GB;44557.0;924488.0;18363016.0;11075.0;52491419.0;-12.0;4.0;18.0;-27.0;-26.0;7.0
12/02/2022;GB;37527.0;723602.0;18400543.0;15181.0;52506600.0;-16.0;-2.0;-2.0;-24.0;-8.0;3.0
13/02/2022;GB;41755.0;784949.0;18442298.0;7494.0;52514094.0;-16.0;-4.0;-21.0;-26.0;-6.0;3.0
14/02/2022;GB;54746.0;903293.0;18497044.0;8107.0;52522201.0;-4.0;9.0;19.0;-31.0;-33.0;8.0
15/02/2022;GB;52501.0;891198.0;18549545.0;9091.0;52531292.0;-15.0;-2.0;4.0;-33.0;-33.0;8.0
16/02/2022;GB;51570.0;977558.0;18601115.0;10914.0;52542206.0;-14.0;-1.0;5.0;-33.0;-32.0;9.0
17/02/2022;GB;44716.0;906915.0;18645831.0;9254.0;52551460.0;-10.0;5.0;24.0;-30.0;-31.0;8.0
18/02/2022;GB;33239.0;707876.0;18679070.0;5886.0;52557346.0;-32.0;-15.0;-27.0;-46.0;-39.0;14.0
19/02/2022;GB;34648.0;577649.0;18713718.0;10773.0;52568119.0;-21.0;-4.0;-17.0;-28.0;-9.0;4.0
20/02/2022;GB;37717.0;708132.0;18751435.0;5470.0;52573589.0;-22.0;-10.0;-26.0;-30.0;-7.0;3.0
21/02/2022;GB;45127.0;834143.0;18796562.0;7411.0;52581000.0;-13.0;1.0;16.0;-34.0;-34.0;9.0
22/02/2022;GB;39186.0;739443.0;18835748.0;8291.0;52589291.0;-11.0;2.0;23.0;-30.0;-32.0;8.0
23/02/2022;GB;36476.0;760441.0;18872224.0;8985.0;52598276.0;-10.0;1.0;19.0;-31.0;-32.0;8.0
24/02/2022;GB;30631.0;690010.0;18902855.0;7963.0;52606239.0;-13.0;0.0;10.0;-32.0;-32.0;8.0
25/02/2022;GB;27833.0;615874.0;18930688.0;8109.0;52614348.0;-9.0;4.0;31.0;-27.0;-31.0;7.0
26/02/2022;GB;25086.0;492118.0;18955774.0;9471.0;52623819.0;-12.0;-2.0;20.0;-20.0;-7.0;1.0
27/02/2022;GB;31360.0;535313.0;18987134.0;4841.0;52628660.0;-8.0;-2.0;42.0;-17.0;-3.0;0.0
28/02/2022;GB;44641.0;709674.0;19031775.0;5788.0;52634448.0;-14.0;3.0;5.0;-31.0;-28.0;7.0
01/03/2022;GB;44788.0;653860.0;19076563.0;5810.0;52640258.0;-17.0;5.0;12.0;-32.0;-27.0;7.0
02/03/2022;GB;46174.0;703159.0;19122737.0;7448.0;52647706.0;-17.0;0.0;-6.0;-32.0;-26.0;8.0
03/03/2022;GB;43761.0;667217.0;19166498.0;6347.0;52654053.0;-16.0;3.0;12.0;-34.0;-27.0;7.0
04/03/2022;GB;41407.0;630426.0;19207905.0;6688.0;52660741.0;-14.0;2.0;7.0;-30.0;-25.0;7.0
05/03/2022;GB;38753.0;505253.0;19246658.0;8168.0;52668909.0;-14.0;-2.0;6.0;-24.0;-7.0;2.0
06/03/2022;GB;49023.0;529677.0;19295681.0;4059.0;52672968.0;-11.0;-3.0;25.0;-22.0;-4.0;1.0
07/03/2022;GB;68521.0;728433.0;19364202.0;4596.0;52677564.0;-15.0;1.0;18.0;-32.0;-27.0;7.0
08/03/2022;GB;70107.0;714301.0;19434309.0;4564.0;52682128.0;-16.0;2.0;17.0;-32.0;-26.0;6.0
09/03/2022;GB;73529.0;745484.0;19507838.0;5196.0;52687324.0;-17.0;0.0;8.0;-33.0;-26.0;7.0
10/03/2022;GB;70503.0;730205.0;19578341.0;4765.0;52692089.0;-16.0;2.0;21.0;-32.0;-25.0;7.0
11/03/2022;GB;67029.0;696949.0;19645370.0;4438.0;52696527.0;-19.0;-1.0;-1.0;-32.0;-26.0;7.0
12/03/2022;GB;62068.0;570068.0;19707438.0;8047.0;52704574.0;-17.0;-3.0;9.0;-26.0;-7.0;2.0
13/03/2022;GB;75729.0;600618.0;19783167.0;3851.0;52708425.0;-16.0;-5.0;9.0;-24.0;-5.0;1.0
14/03/2022;GB;99833.0;783005.0;19883000.0;4763.0;52713188.0;-16.0;1.0;25.0;-32.0;-27.0;7.0
15/03/2022;GB;93703.0;787563.0;19976703.0;4262.0;52717450.0;-17.0;0.0;24.0;-32.0;-26.0;7.0
16/03/2022;GB;91754.0;838519.0;20068457.0;4009.0;52721459.0;-20.0;-3.0;-4.0;-34.0;-26.0;8.0
17/03/2022;GB;82849.0;765678.0;20151306.0;4201.0;52725660.0;-13.0;2.0;31.0;-31.0;-27.0;7.0
18/03/2022;GB;75283.0;737174.0;20226589.0;4343.0;52730003.0;-14.0;1.0;38.0;-29.0;-27.0;6.0
19/03/2022;GB;67412.0;601004.0;20294001.0;10237.0;52740240.0;-16.0;-3.0;36.0;-23.0;-9.0;1.0
20/03/2022;GB;81049.0;609563.0;20375050.0;7006.0;52747246.0;-12.0;-3.0;42.0;-20.0;-6.0;0.0
21/03/2022;GB;109281.0;808175.0;20484331.0;4505.0;52751751.0;-15.0;2.0;31.0;-32.0;-27.0;7.0
22/03/2022;GB;99094.0;803232.0;20583425.0;4631.0;52756382.0;-16.0;2.0;42.0;-31.0;-26.0;6.0
23/03/2022;GB;94176.0;818369.0;20677601.0;-2263.0;52754119.0;-13.0;2.0;43.0;-31.0;-26.0;6.0
24/03/2022;GB;82897.0;741482.0;20760498.0;5094.0;52759213.0;-12.0;5.0;48.0;-30.0;-26.0;6.0
25/03/2022;GB;72430.0;711313.0;20832928.0;5686.0;52764899.0;-11.0;7.0;45.0;-28.0;-27.0;5.0
26/03/2022;GB;61451.0;565023.0;20894379.0;10716.0;52775615.0;-12.0;9.0;48.0;-19.0;-8.0;0.0
27/03/2022;GB;68335.0;596444.0;20962714.0;7627.0;52783242.0;-10.0;0.0;45.0;-17.0;-4.0;-1.0
28/03/2022;GB;92852.0;733949.0;21055566.0;4823.0;52788065.0;-14.0;2.0;33.0;-31.0;-28.0;7.0
29/03/2022;GB;80127.0;723268.0;21135693.0;4865.0;52792930.0;-18.0;1.0;16.0;-32.0;-27.0;7.0
30/03/2022;GB;73640.0;718329.0;21209333.0;5513.0;52798443.0;-18.0;0.0;5.0;-34.0;-26.0;7.0
31/03/2022;GB;54782.0;646488.0;21264115.0;5035.0;52803478.0;-16.0;2.0;8.0;-33.0;-26.0;7.0
01/04/2022;GB;47462.0;602173.0;21311577.0;4992.0;52808470.0;-16.0;2.0;11.0;-31.0;-25.0;6.0
02/04/2022;GB;37584.0;438301.0;21349161.0;10890.0;52819360.0;-17.0;-2.0;9.0;-26.0;-8.0;2.0
03/04/2022;GB;42170.0;455688.0;21391331.0;7500.0;52826860.0;-14.0;-3.0;26.0;-21.0;-5.0;1.0
04/04/2022;GB;53716.0;577242.0;21445047.0;11137.0;52837997.0;-17.0;0.0;13.0;-34.0;-31.0;7.0
05/04/2022;GB;49101.0;540210.0;21494148.0;11373.0;52849370.0;-16.0;1.0;23.0;-33.0;-30.0;7.0
06/04/2022;GB;44744.0;530032.0;21538892.0;12369.0;52861739.0;-16.0;-1.0;10.0;-34.0;-30.0;8.0
07/04/2022;GB;38706.0;485790.0;21577598.0;11340.0;52873079.0;-16.0;1.0;18.0;-33.0;-30.0;7.0
08/04/2022;GB;32981.0;447329.0;21610579.0;12200.0;52885279.0;-13.0;5.0;27.0;-29.0;-30.0;6.0
09/04/2022;GB;27880.0;346756.0;21638459.0;25179.0;52910458.0;-16.0;1.0;22.0;-21.0;-7.0;1.0
10/04/2022;GB;30947.0;326339.0;21669406.0;15276.0;52925734.0;-10.0;0.0;42.0;-17.0;-4.0;0.0
11/04/2022;GB;37369.0;473685.0;21706775.0;15946.0;52941680.0;-7.0;7.0;53.0;-30.0;-36.0;7.0
12/04/2022;GB;33769.0;416194.0;21740544.0;17501.0;52959181.0;-11.0;5.0;35.0;-32.0;-36.0;8.0
13/04/2022;GB;31681.0;417887.0;21772225.0;19404.0;52978585.0;-7.0;6.0;51.0;-30.0;-36.0;7.0
14/04/2022;GB;26638.0;393622.0;21798863.0;22841.0;53001426.0;1.0;17.0;74.0;-27.0;-38.0;5.0
15/04/2022;GB;21610.0;301587.0;21820473.0;11444.0;53012870.0;-10.0;1.0;98.0;-37.0;-65.0;12.0
16/04/2022;GB;19918.0;258166.0;21840391.0;18165.0;53031035.0;-20.0;4.0;61.0;-23.0;-16.0;1.0
17/04/2022;GB;20142.0;260955.0;21860533.0;4823.0;53035858.0;-33.0;-39.0;76.0;-21.0;-17.0;0.0
18/04/2022;GB;25215.0;335903.0;21885748.0;6040.0;53041898.0;-5.0;-4.0;107.0;-42.0;-73.0;13.0
19/04/2022;GB;25766.0;393357.0;21911514.0;15137.0;53057035.0;-13.0;6.0;49.0;-31.0;-35.0;7.0
20/04/2022;GB;21444.0;361720.0;21932958.0;14416.0;53071451.0;-11.0;4.0;59.0;-30.0;-31.0;6.0
21/04/2022;GB;18461.0;361689.0;21951419.0;17230.0;53088681.0;-10.0;6.0;66.0;-29.0;-30.0;6.0
22/04/2022;GB;15696.0;329908.0;21967115.0;15821.0;53104502.0;-13.0;5.0;38.0;-28.0;-30.0;6.0
23/04/2022;GB;13206.0;250549.0;21980321.0;31918.0;53136420.0;-16.0;2.0;24.0;-21.0;-6.0;1.0
24/04/2022;GB;14713.0;245010.0;21995034.0;15624.0;53152044.0;-12.0;0.0;46.0;-16.0;-3.0;0.0
25/04/2022;GB;17099.0;386115.0;22012133.0;8959.0;53161003.0;-12.0;6.0;30.0;-28.0;-25.0;5.0
26/04/2022;GB;14557.0;331187.0;22026690.0;9541.0;53170544.0;-12.0;6.0;35.0;-26.0;-23.0;5.0
27/04/2022;GB;13049.0;312751.0;22039739.0;9609.0;53180153.0;-12.0;6.0;24.0;-27.0;-23.0;5.0
28/04/2022;GB;11599.0;315804.0;22051338.0;11079.0;53191232.0;-10.0;8.0;33.0;-26.0;-23.0;5.0
29/04/2022;GB;10007.0;279737.0;22061345.0;11491.0;53202723.0;-8.0;10.0;40.0;-24.0;-24.0;4.0
30/04/2022;GB;8354.0;204510.0;22069699.0;27465.0;53230188.0;-10.0;4.0;42.0;-15.0;-6.0;-1.0
01/05/2022;GB;9032.0;196515.0;22078731.0;12021.0;53242209.0;-1.0;1.0;34.0;-14.0;-4.0;-1.0
02/05/2022;GB;11891.0;256771.0;22090622.0;5636.0;53247845.0;0.0;-5.0;99.0;-40.0;-71.0;13.0
03/05/2022;GB;13310.0;314178.0;22103932.0;7587.0;53255432.0;-13.0;9.0;28.0;-27.0;-25.0;5.0
04/05/2022;GB;11664.0;282173.0;22115596.0;9080.0;53264512.0;-13.0;5.0;20.0;-28.0;-23.0;5.0
05/05/2022;GB;10211.0;282724.0;22125807.0;8238.0;53272750.0;-7.0;9.0;50.0;-26.0;-23.0;4.0
06/05/2022;GB;8943.0;261960.0;22134750.0;9588.0;53282338.0;-11.0;6.0;34.0;-26.0;-23.0;4.0
07/05/2022;GB;7516.0;188173.0;22142266.0;24460.0;53306798.0;-12.0;2.0;36.0;-18.0;-4.0;0.0
08/05/2022;GB;9062.0;187982.0;22151328.0;10662.0;53317460.0;-6.0;3.0;63.0;-13.0;-1.0;-1.0
09/05/2022;GB;10694.0;311994.0;22162022.0;5910.0;53323370.0;-11.0;6.0;38.0;-27.0;-24.0;5.0
10/05/2022;GB;9743.0;251245.0;22171765.0;7224.0;53330594.0;-12.0;7.0;34.0;-26.0;-23.0;4.0
11/05/2022;GB;8722.0;241462.0;22180487.0;6801.0;53337395.0;-13.0;4.0;15.0;-27.0;-23.0;5.0
12/05/2022;GB;7638.0;250072.0;22188125.0;7488.0;53344883.0;-10.0;7.0;40.0;-26.0;-22.0;4.0
13/05/2022;GB;6937.0;249783.0;22195062.0;7513.0;53352396.0;-10.0;8.0;42.0;-25.0;-23.0;4.0
14/05/2022;GB;6118.0;166005.0;22201180.0;20462.0;53372858.0;-14.0;3.0;56.0;-16.0;-5.0;-1.0
15/05/2022;GB;7973.0;170690.0;22209153.0;10090.0;53382948.0;-11.0;1.0;25.0;-15.0;-3.0;0.0
16/05/2022;GB;9417.0;292259.0;22218570.0;4774.0;53387722.0;-12.0;6.0;30.0;-27.0;-25.0;5.0
17/05/2022;GB;8284.0;227805.0;22226854.0;5431.0;53393153.0;-11.0;6.0;48.0;-25.0;-23.0;4.0
18/05/2022;GB;7636.0;222723.0;22234490.0;5365.0;53398518.0;-10.0;7.0;42.0;-25.0;-22.0;4.0
19/05/2022;GB;6818.0;223448.0;22241308.0;8931.0;53407449.0;-9.0;8.0;55.0;-25.0;-23.0;4.0
20/05/2022;GB;5817.0;;22247577.0;6503.0;53413952.0;-12.0;7.0;26.0;-25.0;-23.0;4.0
21/05/2022;GB;5018.0;;22252595.0;16176.0;53430128.0;-13.0;3.0;43.0;-16.0;-5.0;-1.0
22/05/2022;GB;5997.0;;22258592.0;6519.0;53436647.0;-8.0;3.0;56.0;-11.0;-2.0;-1.0
23/05/2022;GB;7312.0;;22265904.0;3323.0;53439970.0;-12.0;7.0;31.0;-26.0;-24.0;5.0
24/05/2022;GB;6679.0;;22272583.0;4746.0;53444716.0;-12.0;7.0;32.0;-25.0;-23.0;5.0
25/05/2022;GB;6291.0;;22278874.0;386.0;53445102.0;-10.0;7.0;23.0;-25.0;-23.0;5.0
26/05/2022;GB;5751.0;;22284625.0;3608.0;53448710.0;-8.0;9.0;37.0;-24.0;-23.0;4.0
27/05/2022;GB;5406.0;;22290031.0;5192.0;53453902.0;-7.0;9.0;54.0;-21.0;-24.0;3.0
28/05/2022;GB;4988.0;;22295019.0;12568.0;53466470.0;-13.0;4.0;48.0;-13.0;-6.0;-2.0
29/05/2022;GB;5678.0;;22300697.0;6018.0;53472488.0;-7.0;2.0;47.0;-9.0;-3.0;-1.0
30/05/2022;GB;7114.0;;22307811.0;6769.0;53479257.0;-2.0;8.0;54.0;-26.0;-36.0;6.0
31/05/2022;GB;7091.0;;22314902.0;7650.0;53486907.0;-1.0;11.0;51.0;-26.0;-35.0;6.0
01/06/2022;GB;7013.0;;22321915.0;6970.0;53493877.0;9.0;20.0;74.0;-21.0;-36.0;4.0
02/06/2022;GB;6209.0;;22328124.0;2266.0;53496143.0;7.0;10.0;151.0;-30.0;-67.0;10.0
03/06/2022;GB;6637.0;;22334761.0;1033.0;53497176.0;-13.0;-5.0;112.0;-36.0;-68.0;12.0
04/06/2022;GB;7490.0;;22342251.0;5621.0;53502797.0;-23.0;-3.0;51.0;-20.0;-14.0;0.0
05/06/2022;GB;9815.0;;22352066.0;2628.0;53505425.0;-21.0;-4.0;17.0;-15.0;-6.0;0.0
06/06/2022;GB;11745.0;;22363811.0;2828.0;53508253.0;-12.0;8.0;37.0;-28.0;-29.0;6.0
07/06/2022;GB;11404.0;;22375215.0;3335.0;53511588.0;-12.0;8.0;46.0;-24.0;-25.0;5.0
08/06/2022;GB;11784.0;;22386999.0;4891.0;53516479.0;-12.0;8.0;31.0;-25.0;-24.0;5.0
09/06/2022;GB;11314.0;;22398313.0;3561.0;53520040.0;-11.0;8.0;40.0;-24.0;-24.0;5.0
10/06/2022;GB;10785.0;;22409098.0;3571.0;53523611.0;-10.0;8.0;50.0;-22.0;-24.0;4.0
11/06/2022;GB;10074.0;;22419172.0;11349.0;53534960.0;-15.0;3.0;45.0;-15.0;-4.0;-1.0
12/06/2022;GB;12691.0;;22431863.0;5010.0;53539970.0;-8.0;4.0;55.0;-10.0;-1.0;-1.0
13/06/2022;GB;15273.0;;22447136.0;2470.0;53542440.0;-9.0;9.0;52.0;-23.0;-25.0;4.0
14/06/2022;GB;15138.0;;22462274.0;2177.0;53544617.0;-9.0;9.0;60.0;-22.0;-23.0;4.0
15/06/2022;GB;14834.0;;22477108.0;3133.0;53547750.0;-8.0;11.0;58.0;-22.0;-23.0;4.0
16/06/2022;GB;14220.0;;22491328.0;3029.0;53550779.0;-7.0;13.0;66.0;-22.0;-24.0;4.0
17/06/2022;GB;13919.0;;22505247.0;3354.0;53554133.0;-11.0;11.0;67.0;-21.0;-26.0;4.0
18/06/2022;GB;13625.0;;22518872.0;9549.0;53563682.0;-16.0;6.0;28.0;-16.0;-6.0;0.0
19/06/2022;GB;16993.0;;22535865.0;4656.0;53568338.0;-5.0;6.0;46.0;-9.0;-1.0;-1.0
20/06/2022;GB;19942.0;;22555807.0;2405.0;53570743.0;-8.0;10.0;67.0;-22.0;-25.0;4.0
21/06/2022;GB;20894.0;;22576701.0;3353.0;53574096.0;-10.0;11.0;66.0;-36.0;-26.0;5.0
22/06/2022;GB;20866.0;;22597567.0;3218.0;53577314.0;-10.0;10.0;64.0;-28.0;-25.0;5.0
23/06/2022;GB;19587.0;;22617154.0;3100.0;53580414.0;-11.0;10.0;59.0;-35.0;-26.0;5.0
24/06/2022;GB;18343.0;;22635497.0;4029.0;53584443.0;-10.0;9.0;50.0;-24.0;-26.0;4.0
25/06/2022;GB;16793.0;;22652290.0;11549.0;53595992.0;-14.0;4.0;46.0;-24.0;-6.0;0.0
26/06/2022;GB;20773.0;;22673063.0;5180.0;53601172.0;-7.0;4.0;54.0;-11.0;-2.0;-1.0
27/06/2022;GB;25099.0;;22698162.0;2924.0;53604096.0;-9.0;8.0;43.0;-23.0;-26.0;5.0
28/06/2022;GB;25037.0;;22723199.0;3617.0;53607713.0;-10.0;8.0;40.0;-23.0;-25.0;5.0
29/06/2022;GB;24599.0;;22747798.0;3125.0;53610838.0;-8.0;8.0;36.0;-23.0;-24.0;5.0
30/06/2022;GB;24231.0;;22772029.0;3571.0;53614409.0;-6.0;10.0;45.0;-22.0;-25.0;5.0
01/07/2022;GB;23639.0;;22795668.0;3333.0;53617742.0;-9.0;8.0;47.0;-20.0;-27.0;4.0
02/07/2022;GB;21961.0;;22817629.0;8028.0;53625770.0;-14.0;2.0;41.0;-13.0;-6.0;0.0
03/07/2022;GB;27776.0;;22845405.0;3949.0;53629719.0;-8.0;3.0;56.0;-8.0;-3.0;-1.0
04/07/2022;GB;33698.0;;22879103.0;3545.0;53633264.0;-8.0;9.0;56.0;-23.0;-28.0;5.0
05/07/2022;GB;31410.0;;22910513.0;3096.0;53636360.0;-9.0;9.0;58.0;-23.0;-26.0;5.0
06/07/2022;GB;29681.0;;22940194.0;2785.0;53639145.0;-9.0;7.0;46.0;-24.0;-26.0;5.0
07/07/2022;GB;26453.0;;22966647.0;3121.0;53642266.0;-7.0;10.0;66.0;-23.0;-26.0;4.0
08/07/2022;GB;24606.0;;22991253.0;3305.0;53645571.0;-9.0;10.0;68.0;-22.0;-28.0;4.0
09/07/2022;GB;21243.0;;23012496.0;7410.0;53652981.0;-16.0;4.0;69.0;-12.0;-8.0;-1.0
10/07/2022;GB;25086.0;;23037582.0;3607.0;53656588.0;-10.0;6.0;79.0;-6.0;-5.0;-2.0
11/07/2022;GB;29824.0;;23067406.0;2184.0;53658772.0;-7.0;13.0;71.0;-23.0;-30.0;5.0
12/07/2022;GB;26940.0;;23094346.0;2535.0;53661307.0;-10.0;9.0;60.0;-24.0;-29.0;5.0
13/07/2022;GB;23855.0;;23118201.0;2802.0;53664109.0;-7.0;10.0;62.0;-24.0;-27.0;5.0
14/07/2022;GB;21098.0;;23139299.0;2965.0;53667074.0;-6.0;11.0;69.0;-23.0;-27.0;5.0
15/07/2022;GB;18358.0;;23157657.0;2753.0;53669827.0;-13.0;4.0;64.0;-23.0;-29.0;5.0
16/07/2022;GB;15012.0;;23172669.0;6771.0;53676598.0;-16.0;7.0;61.0;-12.0;-7.0;-1.0
17/07/2022;GB;17233.0;;23189902.0;2609.0;53679207.0;-11.0;8.0;64.0;-8.0;-4.0;-1.0
18/07/2022;GB;18713.0;;23208615.0;1619.0;53680826.0;-13.0;10.0;59.0;-30.0;-33.0;10.0
19/07/2022;GB;16666.0;;23225281.0;1503.0;53682329.0;-16.0;9.0;42.0;-34.0;-33.0;16.0
20/07/2022;GB;16168.0;;23241449.0;2548.0;53684877.0;-5.0;14.0;51.0;-24.0;-27.0;6.0
21/07/2022;GB;14154.0;;23255603.0;2918.0;53687795.0;-4.0;12.0;64.0;-23.0;-28.0;5.0
22/07/2022;GB;12374.0;;23267977.0;3550.0;53691345.0;-9.0;8.0;52.0;-23.0;-31.0;6.0
23/07/2022;GB;9927.0;;23277904.0;5854.0;53697199.0;-15.0;3.0;49.0;-14.0;-7.0;0.0
24/07/2022;GB;11271.0;;23289175.0;2997.0;53700196.0;-12.0;-1.0;50.0;-13.0;-5.0;0.0
25/07/2022;GB;13295.0;;23302470.0;3317.0;53703513.0;-4.0;9.0;63.0;-25.0;-35.0;7.0
26/07/2022;GB;11718.0;;23314188.0;3283.0;53706796.0;-4.0;9.0;78.0;-23.0;-34.0;6.0
27/07/2022;GB;10536.0;;23324724.0;3313.0;53710109.0;-3.0;9.0;76.0;-33.0;-35.0;7.0
28/07/2022;GB;9324.0;;23334048.0;3360.0;53713469.0;-2.0;11.0;82.0;-25.0;-34.0;6.0
29/07/2022;GB;8503.0;;23342551.0;3445.0;53716914.0;-4.0;9.0;82.0;-21.0;-36.0;5.0
30/07/2022;GB;7323.0;;23349874.0;4726.0;53721640.0;-13.0;2.0;49.0;-16.0;-9.0;-1.0
31/07/2022;GB;8419.0;;23358293.0;2247.0;53723887.0;-7.0;3.0;54.0;-7.0;-4.0;-1.0
01/08/2022;GB;9829.0;;23368122.0;2381.0;53726268.0;-1.0;10.0;90.0;-23.0;-37.0;6.0
02/08/2022;GB;9163.0;;23377285.0;2715.0;53728983.0;-4.0;9.0;74.0;-25.0;-36.0;7.0
03/08/2022;GB;8341.0;;23385626.0;2996.0;53731979.0;-3.0;9.0;82.0;-24.0;-35.0;6.0
04/08/2022;GB;7287.0;;23392913.0;2132.0;53734111.0;-3.0;10.0;94.0;-24.0;-35.0;6.0
05/08/2022;GB;6547.0;;23399460.0;2596.0;53736707.0;-7.0;8.0;82.0;-23.0;-37.0;5.0
06/08/2022;GB;5418.0;;23404878.0;3928.0;53740635.0;-15.0;2.0;67.0;-10.0;-10.0;-1.0
07/08/2022;GB;6543.0;;23411421.0;1974.0;53742609.0;-7.0;4.0;82.0;-5.0;-5.0;-2.0
08/08/2022;GB;8055.0;;23419476.0;2004.0;53744613.0;-3.0;11.0;100.0;-23.0;-37.0;5.0
09/08/2022;GB;7306.0;;23426782.0;1952.0;53746565.0;-5.0;10.0;97.0;-24.0;-36.0;5.0
10/08/2022;GB;6727.0;;23433509.0;2062.0;53748627.0;-5.0;10.0;93.0;-25.0;-35.0;6.0
11/08/2022;GB;6182.0;;23439691.0;2167.0;53750794.0;-7.0;11.0;98.0;-25.0;-36.0;6.0
12/08/2022;GB;5330.0;;23445021.0;2116.0;53752910.0;-12.0;8.0;85.0;-24.0;-37.0;5.0
13/08/2022;GB;4483.0;;23449504.0;3362.0;53756272.0;-20.0;2.0;66.0;-18.0;-10.0;-1.0
14/08/2022;GB;5359.0;;23454863.0;1476.0;53757748.0;-12.0;3.0;73.0;-8.0;-5.0;-1.0
15/08/2022;GB;6407.0;;23461270.0;6987.0;53764735.0;-5.0;10.0;75.0;-25.0;-36.0;8.0
16/08/2022;GB;5539.0;;23466809.0;2139.0;53766874.0;-6.0;7.0;56.0;-26.0;-35.0;8.0
17/08/2022;GB;4986.0;;23471795.0;2158.0;53769032.0;-6.0;6.0;59.0;-25.0;-34.0;9.0
18/08/2022;GB;4432.0;;23476227.0;2002.0;53771034.0;-5.0;9.0;79.0;-34.0;-35.0;9.0
19/08/2022;GB;3829.0;;23480056.0;2298.0;53773332.0;-8.0;7.0;76.0;-28.0;-36.0;8.0
20/08/2022;GB;3268.0;;23483324.0;3578.0;53776910.0;-15.0;2.0;55.0;-23.0;-8.0;1.0
21/08/2022;GB;4068.0;;23487392.0;1426.0;53778336.0;-7.0;2.0;70.0;-8.0;-3.0;0.0
22/08/2022;GB;5148.0;;23492540.0;1988.0;53780324.0;-4.0;7.0;65.0;-25.0;-36.0;8.0
23/08/2022;GB;4715.0;;23497255.0;2147.0;53782471.0;-4.0;8.0;78.0;-24.0;-34.0;8.0
24/08/2022;GB;4526.0;;23501781.0;2553.0;53785024.0;-4.0;8.0;71.0;-24.0;-34.0;8.0
25/08/2022;GB;3774.0;;23505555.0;2725.0;53787749.0;-5.0;8.0;69.0;-26.0;-35.0;8.0
26/08/2022;GB;3434.0;;23508989.0;2571.0;53790320.0;-5.0;9.0;84.0;-22.0;-37.0;7.0
27/08/2022;GB;3084.0;;23512073.0;3141.0;53793461.0;-14.0;2.0;71.0;-11.0;-10.0;0.0
28/08/2022;GB;3429.0;;23515502.0;1277.0;53794738.0;-1.0;2.0;93.0;-4.0;-4.0;-2.0
29/08/2022;GB;4647.0;;23520149.0;616.0;53795354.0;0.0;-1.0;122.0;-35.0;-69.0;12.0
30/08/2022;GB;5187.0;;23525336.0;2466.0;53797820.0;-4.0;12.0;68.0;-25.0;-35.0;6.0
31/08/2022;GB;4568.0;;23529904.0;2573.0;53800393.0;-2.0;10.0;63.0;-25.0;-33.0;7.0
01/09/2022;GB;4230.0;;23534134.0;1732.0;53802125.0;-6.0;9.0;65.0;-25.0;-31.0;5.0
02/09/2022;GB;3656.0;;23537790.0;1396.0;53803521.0;-9.0;7.0;54.0;-24.0;-31.0;5.0
03/09/2022;GB;3315.0;;23541105.0;2534.0;53806055.0;-12.0;2.0;33.0;-14.0;-8.0;0.0
04/09/2022;GB;4171.0;;23545276.0;908.0;53806963.0;-9.0;5.0;40.0;-12.0;-3.0;0.0
05/09/2022;GB;4152.0;;23549428.0;667.0;53807630.0;-7.0;8.0;44.0;-24.0;-29.0;5.0
06/09/2022;GB;3450.0;;23552878.0;559.0;53808189.0;-12.0;6.0;28.0;-24.0;-27.0;5.0
07/09/2022;GB;2093.0;;23554971.0;665.0;53808854.0;-11.0;7.0;30.0;-23.0;-26.0;5.0
08/09/2022;GB;0.0;;23554971.0;;;-12.0;5.0;26.0;-24.0;-27.0;5.0
09/09/2022;GB;0.0;;23554971.0;;;-13.0;6.0;28.0;-23.0;-27.0;5.0
10/09/2022;GB;0.0;;23554971.0;;;-15.0;3.0;35.0;-15.0;-7.0;0.0
11/09/2022;GB;0.0;;23554971.0;;;-10.0;4.0;45.0;-9.0;-2.0;0.0
12/09/2022;GB;0.0;;23554971.0;;;-11.0;7.0;42.0;-21.0;-27.0;5.0
13/09/2022;GB;0.0;;23554971.0;;;;;;;;
01/01/2020;ID;0.0;;0.0;;;;;;;;
02/01/2020;ID;0.0;;0.0;;;;;;;;
03/01/2020;ID;0.0;;0.0;;;;;;;;
04/01/2020;ID;0.0;;0.0;;;;;;;;
05/01/2020;ID;0.0;;0.0;;;;;;;;
06/01/2020;ID;0.0;;0.0;;;;;;;;
07/01/2020;ID;0.0;;0.0;;;;;;;;
08/01/2020;ID;0.0;;0.0;;;;;;;;
09/01/2020;ID;0.0;;0.0;;;;;;;;
10/01/2020;ID;0.0;;0.0;;;;;;;;
11/01/2020;ID;0.0;;0.0;;;;;;;;
12/01/2020;ID;0.0;;0.0;;;;;;;;
13/01/2020;ID;0.0;;0.0;;;;;;;;
14/01/2020;ID;0.0;;0.0;;;;;;;;
15/01/2020;ID;0.0;;0.0;;;;;;;;
16/01/2020;ID;0.0;;0.0;;;;;;;;
17/01/2020;ID;0.0;;0.0;;;;;;;;
18/01/2020;ID;0.0;;0.0;;;;;;;;
19/01/2020;ID;0.0;;0.0;;;;;;;;
20/01/2020;ID;0.0;;0.0;;;;;;;;
21/01/2020;ID;0.0;;0.0;;;;;;;;
22/01/2020;ID;0.0;;0.0;;;;;;;;
23/01/2020;ID;0.0;;0.0;;;;;;;;
24/01/2020;ID;0.0;;0.0;;;;;;;;
25/01/2020;ID;0.0;;0.0;;;;;;;;
26/01/2020;ID;0.0;;0.0;;;;;;;;
27/01/2020;ID;0.0;;0.0;;;;;;;;
28/01/2020;ID;0.0;;0.0;;;;;;;;
29/01/2020;ID;0.0;;0.0;;;;;;;;
30/01/2020;ID;0.0;;0.0;;;;;;;;
31/01/2020;ID;0.0;;0.0;;;;;;;;
01/02/2020;ID;0.0;;0.0;;;;;;;;
02/02/2020;ID;0.0;;0.0;;;;;;;;
03/02/2020;ID;0.0;;0.0;;;;;;;;
04/02/2020;ID;0.0;;0.0;;;;;;;;
05/02/2020;ID;0.0;;0.0;;;;;;;;
06/02/2020;ID;0.0;;0.0;;;;;;;;
07/02/2020;ID;0.0;;0.0;;;;;;;;
08/02/2020;ID;0.0;;0.0;;;;;;;;
09/02/2020;ID;0.0;;0.0;;;;;;;;
10/02/2020;ID;0.0;;0.0;;;;;;;;
11/02/2020;ID;0.0;;0.0;;;;;;;;
12/02/2020;ID;0.0;;0.0;;;;;;;;
13/02/2020;ID;0.0;;0.0;;;;;;;;
14/02/2020;ID;0.0;;0.0;;;;;;;;
15/02/2020;ID;0.0;;0.0;;;-2.0;-2.0;-8.0;1.0;5.0;1.0
16/02/2020;ID;0.0;;0.0;;;-3.0;-3.0;-7.0;-4.0;2.0;2.0
17/02/2020;ID;0.0;;0.0;;;-3.0;-4.0;-7.0;-1.0;3.0;1.0
18/02/2020;ID;0.0;;0.0;;;-3.0;-2.0;-4.0;1.0;2.0;1.0
19/02/2020;ID;0.0;;0.0;;;-3.0;-4.0;-3.0;0.0;1.0;1.0
20/02/2020;ID;0.0;;0.0;;;-2.0;-1.0;-1.0;4.0;1.0;1.0
21/02/2020;ID;0.0;;0.0;;;-2.0;-3.0;-5.0;2.0;5.0;1.0
22/02/2020;ID;0.0;;0.0;;;0.0;0.0;-5.0;1.0;5.0;0.0
23/02/2020;ID;0.0;;0.0;;;-2.0;-1.0;-5.0;-4.0;3.0;1.0
24/02/2020;ID;0.0;;0.0;;;-2.0;-3.0;-4.0;-1.0;4.0;1.0
25/02/2020;ID;0.0;;0.0;;;-5.0;-2.0;-6.0;-6.0;-2.0;3.0
26/02/2020;ID;0.0;;0.0;;;-2.0;-1.0;-3.0;0.0;3.0;0.0
27/02/2020;ID;0.0;;0.0;;;0.0;2.0;-3.0;2.0;4.0;0.0
28/02/2020;ID;0.0;;0.0;;;1.0;3.0;-5.0;3.0;5.0;1.0
29/02/2020;ID;2.0;;2.0;;;2.0;6.0;-7.0;4.0;6.0;0.0
01/03/2020;ID;2.0;;2.0;;;1.0;5.0;-8.0;0.0;3.0;1.0
02/03/2020;ID;2.0;;2.0;;;5.0;12.0;0.0;3.0;5.0;0.0
03/03/2020;ID;0.0;;2.0;;;3.0;10.0;-2.0;2.0;5.0;0.0
04/03/2020;ID;0.0;;2.0;;;0.0;4.0;-5.0;-1.0;4.0;1.0
05/03/2020;ID;0.0;;2.0;;;4.0;8.0;-1.0;3.0;4.0;0.0
06/03/2020;ID;2.0;;4.0;;;2.0;4.0;-3.0;3.0;6.0;1.0
07/03/2020;ID;0.0;;4.0;;;3.0;6.0;-4.0;3.0;6.0;0.0
08/03/2020;ID;2.0;;6.0;;;1.0;4.0;-4.0;-1.0;4.0;1.0
09/03/2020;ID;13.0;;19.0;;;2.0;3.0;-1.0;1.0;5.0;1.0
10/03/2020;ID;8.0;;27.0;;;3.0;6.0;2.0;1.0;4.0;1.0
11/03/2020;ID;7.0;;34.0;;;3.0;5.0;2.0;1.0;4.0;1.0
12/03/2020;ID;0.0;;34.0;;;2.0;3.0;0.0;1.0;4.0;1.0
13/03/2020;ID;35.0;;69.0;;;2.0;3.0;-2.0;1.0;6.0;1.0
14/03/2020;ID;27.0;;96.0;;;-2.0;3.0;-6.0;-5.0;5.0;1.0
15/03/2020;ID;21.0;;117.0;;;-7.0;3.0;-12.0;-12.0;4.0;3.0
16/03/2020;ID;17.0;;134.0;;;-7.0;2.0;-8.0;-12.0;-8.0;5.0
17/03/2020;ID;38.0;;172.0;;;-9.0;1.0;-10.0;-16.0;-13.0;6.0
18/03/2020;ID;55.0;;227.0;;;-11.0;0.0;-12.0;-21.0;-16.0;8.0
19/03/2020;ID;82.0;;309.0;;;-16.0;-5.0;-17.0;-26.0;-17.0;9.0
20/03/2020;ID;60.0;;369.0;;;-19.0;-7.0;-21.0;-31.0;-18.0;10.0
21/03/2020;ID;81.0;;450.0;;;-23.0;-5.0;-30.0;-33.0;-11.0;9.0
22/03/2020;ID;64.0;;514.0;;;-32.0;-15.0;-39.0;-42.0;-7.0;10.0
23/03/2020;ID;65.0;;579.0;;;-27.0;-12.0;-25.0;-41.0;-27.0;13.0
24/03/2020;ID;106.0;;685.0;;;-29.0;-11.0;-26.0;-42.0;-31.0;13.0
25/03/2020;ID;105.0;;790.0;;;-38.0;-20.0;-31.0;-52.0;-59.0;21.0
26/03/2020;ID;103.0;;893.0;;;-34.0;-17.0;-30.0;-46.0;-34.0;15.0
27/03/2020;ID;153.0;;1046.0;;;-36.0;-17.0;-34.0;-49.0;-33.0;16.0
28/03/2020;ID;109.0;;1155.0;;;-42.0;-20.0;-46.0;-50.0;-23.0;15.0
29/03/2020;ID;130.0;;1285.0;;;-47.0;-27.0;-52.0;-54.0;-15.0;15.0
30/03/2020;ID;129.0;;1414.0;;;-36.0;-20.0;-32.0;-51.0;-34.0;16.0
31/03/2020;ID;114.0;;1528.0;;;-35.0;-16.0;-32.0;-49.0;-35.0;15.0
01/04/2020;ID;149.0;;1677.0;;;-31.0;-10.0;-28.0;-49.0;-35.0;15.0
02/04/2020;ID;113.0;;1790.0;;;-33.0;-13.0;-29.0;-50.0;-35.0;16.0
03/04/2020;ID;196.0;;1986.0;;;-35.0;-17.0;-34.0;-53.0;-34.0;17.0
04/04/2020;ID;106.0;;2092.0;;;-40.0;-20.0;-45.0;-54.0;-25.0;15.0
05/04/2020;ID;181.0;;2273.0;;;-43.0;-24.0;-50.0;-58.0;-17.0;14.0
06/04/2020;ID;218.0;;2491.0;;;-34.0;-20.0;-31.0;-54.0;-34.0;16.0
07/04/2020;ID;247.0;;2738.0;;;-33.0;-16.0;-30.0;-51.0;-35.0;15.0
08/04/2020;ID;218.0;;2956.0;;;-34.0;-17.0;-30.0;-52.0;-36.0;15.0
09/04/2020;ID;337.0;;3293.0;;;-31.0;-13.0;-28.0;-50.0;-35.0;15.0
10/04/2020;ID;219.0;;3512.0;;;-43.0;-28.0;-37.0;-64.0;-60.0;24.0
11/04/2020;ID;330.0;;3842.0;;;-43.0;-24.0;-46.0;-59.0;-30.0;17.0
12/04/2020;ID;399.0;;4241.0;;;-46.0;-27.0;-50.0;-61.0;-17.0;15.0
13/04/2020;ID;316.0;;4557.0;;;-33.0;-19.0;-29.0;-56.0;-35.0;17.0
14/04/2020;ID;282.0;;4839.0;;;-34.0;-19.0;-29.0;-54.0;-36.0;16.0
15/04/2020;ID;297.0;;5136.0;;;-35.0;-19.0;-29.0;-55.0;-36.0;17.0
16/04/2020;ID;380.0;;5516.0;;;-34.0;-18.0;-29.0;-56.0;-36.0;17.0
17/04/2020;ID;407.0;;5923.0;;;-38.0;-23.0;-35.0;-58.0;-35.0;18.0
18/04/2020;ID;325.0;;6248.0;;;-43.0;-25.0;-46.0;-58.0;-24.0;15.0
19/04/2020;ID;327.0;;6575.0;;;-45.0;-26.0;-49.0;-60.0;-14.0;14.0
20/04/2020;ID;185.0;;6760.0;;;-34.0;-19.0;-29.0;-56.0;-34.0;16.0
21/04/2020;ID;375.0;;7135.0;;;-35.0;-19.0;-31.0;-55.0;-36.0;16.0
22/04/2020;ID;283.0;;7418.0;;;-34.0;-16.0;-28.0;-53.0;-36.0;15.0
23/04/2020;ID;357.0;;7775.0;;;-32.0;-10.0;-28.0;-50.0;-37.0;15.0
24/04/2020;ID;436.0;;8211.0;;;-49.0;-30.0;-45.0;-64.0;-43.0;22.0
25/04/2020;ID;396.0;;8607.0;;;-50.0;-29.0;-53.0;-64.0;-30.0;19.0
26/04/2020;ID;275.0;;8882.0;;;-53.0;-34.0;-58.0;-68.0;-18.0;18.0
27/04/2020;ID;214.0;;9096.0;;;-43.0;-28.0;-38.0;-62.0;-36.0;19.0
28/04/2020;ID;415.0;;9511.0;;;-43.0;-26.0;-38.0;-61.0;-38.0;18.0
29/04/2020;ID;260.0;;9771.0;;;-42.0;-24.0;-36.0;-60.0;-37.0;18.0
30/04/2020;ID;347.0;;10118.0;;;-40.0;-19.0;-35.0;-58.0;-36.0;18.0
01/05/2020;ID;433.0;;10551.0;;;-44.0;-23.0;-42.0;-67.0;-59.0;25.0
02/05/2020;ID;292.0;;10843.0;;;-46.0;-24.0;-50.0;-62.0;-28.0;18.0
03/05/2020;ID;349.0;;11192.0;;;-48.0;-28.0;-55.0;-65.0;-14.0;17.0
04/05/2020;ID;395.0;;11587.0;;;-38.0;-21.0;-34.0;-60.0;-35.0;18.0
05/05/2020;ID;484.0;;12071.0;;;-39.0;-19.0;-34.0;-58.0;-36.0;18.0
06/05/2020;ID;367.0;;12438.0;;;-38.0;-18.0;-33.0;-58.0;-36.0;18.0
07/05/2020;ID;338.0;;12776.0;;;-44.0;-18.0;-37.0;-62.0;-58.0;24.0
08/05/2020;ID;336.0;;13112.0;;;-44.0;-19.0;-41.0;-59.0;-35.0;19.0
09/05/2020;ID;533.0;;13645.0;;;-48.0;-22.0;-52.0;-59.0;-26.0;17.0
10/05/2020;ID;387.0;;14032.0;;;-48.0;-23.0;-54.0;-62.0;-12.0;16.0
11/05/2020;ID;233.0;;14265.0;;;-39.0;-16.0;-36.0;-56.0;-34.0;18.0
12/05/2020;ID;484.0;;14749.0;;;-38.0;-13.0;-33.0;-54.0;-35.0;18.0
13/05/2020;ID;689.0;;15438.0;;;-37.0;-12.0;-32.0;-54.0;-34.0;17.0
14/05/2020;ID;568.0;;16006.0;;;-36.0;-10.0;-32.0;-53.0;-34.0;17.0
15/05/2020;ID;490.0;;16496.0;;;-36.0;-9.0;-34.0;-54.0;-32.0;16.0
16/05/2020;ID;529.0;;17025.0;;;-37.0;-8.0;-43.0;-53.0;-22.0;15.0
17/05/2020;ID;489.0;;17514.0;;;-40.0;-13.0;-50.0;-57.0;-8.0;15.0
18/05/2020;ID;496.0;;18010.0;;;-33.0;-10.0;-32.0;-54.0;-33.0;17.0
19/05/2020;ID;486.0;;18496.0;;;-29.0;1.0;-27.0;-48.0;-34.0;16.0
20/05/2020;ID;693.0;;19189.0;;;-26.0;3.0;-24.0;-47.0;-34.0;16.0
21/05/2020;ID;973.0;;20162.0;;;-24.0;12.0;-21.0;-47.0;-57.0;20.0
22/05/2020;ID;634.0;;20796.0;;;-27.0;7.0;-26.0;-49.0;-46.0;19.0
23/05/2020;ID;949.0;;21745.0;;;-35.0;6.0;-36.0;-49.0;-39.0;16.0
24/05/2020;ID;526.0;;22271.0;;;-51.0;-30.0;-45.0;-59.0;-24.0;8.0
25/05/2020;ID;479.0;;22750.0;;;-40.0;-17.0;-16.0;-59.0;-70.0;19.0
26/05/2020;ID;415.0;;23165.0;;;-36.0;-12.0;-20.0;-54.0;-48.0;16.0
27/05/2020;ID;686.0;;23851.0;;;-32.0;-8.0;-20.0;-53.0;-42.0;16.0
28/05/2020;ID;687.0;;24538.0;;;-32.0;-8.0;-23.0;-52.0;-38.0;16.0
29/05/2020;ID;678.0;;25216.0;;;-33.0;-11.0;-30.0;-55.0;-35.0;17.0
30/05/2020;ID;557.0;;25773.0;;;-37.0;-11.0;-37.0;-53.0;-23.0;14.0
31/05/2020;ID;700.0;;26473.0;;;-37.0;-13.0;-38.0;-54.0;-5.0;12.0
01/06/2020;ID;467.0;;26940.0;;;-28.0;-7.0;-17.0;-54.0;-56.0;20.0
02/06/2020;ID;609.0;;27549.0;;;-27.0;-4.0;-22.0;-46.0;-28.0;13.0
03/06/2020;ID;684.0;;28233.0;;;-27.0;-4.0;-21.0;-47.0;-29.0;14.0
04/06/2020;ID;585.0;;28818.0;;;-27.0;-5.0;-22.0;-47.0;-28.0;14.0
05/06/2020;ID;703.0;;29521.0;;;-30.0;-9.0;-29.0;-50.0;-26.0;15.0
06/06/2020;ID;993.0;;30514.0;;;-31.0;-8.0;-34.0;-48.0;-16.0;13.0
07/06/2020;ID;672.0;;31186.0;;;-32.0;-10.0;-33.0;-50.0;-3.0;11.0
08/06/2020;ID;847.0;;32033.0;;;-24.0;-6.0;-22.0;-46.0;-24.0;13.0
09/06/2020;ID;1042.0;;33075.0;;;-26.0;-7.0;-22.0;-44.0;-25.0;13.0
10/06/2020;ID;1241.0;;34316.0;;;-24.0;-4.0;-19.0;-43.0;-25.0;13.0
11/06/2020;ID;979.0;;35295.0;;;-23.0;-5.0;-20.0;-44.0;-25.0;14.0
12/06/2020;ID;1111.0;;36406.0;;;-26.0;-9.0;-26.0;-46.0;-23.0;14.0
13/06/2020;ID;1014.0;;37420.0;;;-28.0;-8.0;-30.0;-44.0;-14.0;12.0
14/06/2020;ID;857.0;;38277.0;;;-29.0;-10.0;-27.0;-46.0;-1.0;10.0
15/06/2020;ID;1017.0;;39294.0;;;-21.0;-6.0;-21.0;-42.0;-23.0;13.0
16/06/2020;ID;1106.0;;40400.0;;;-22.0;-5.0;-19.0;-40.0;-24.0;12.0
17/06/2020;ID;1031.0;;41431.0;;;-22.0;-5.0;-19.0;-40.0;-24.0;12.0
18/06/2020;ID;1331.0;;42762.0;;;-22.0;-7.0;-21.0;-41.0;-24.0;12.0
19/06/2020;ID;1041.0;;43803.0;;;-24.0;-10.0;-26.0;-43.0;-23.0;13.0
20/06/2020;ID;1226.0;;45029.0;;;-25.0;-7.0;-28.0;-41.0;-13.0;10.0
21/06/2020;ID;862.0;;45891.0;;;-28.0;-11.0;-26.0;-43.0;-1.0;10.0
22/06/2020;ID;954.0;;46845.0;;;-21.0;-8.0;-20.0;-41.0;-25.0;13.0
23/06/2020;ID;1051.0;;47896.0;;;-22.0;-7.0;-19.0;-39.0;-26.0;12.0
24/06/2020;ID;1113.0;;49009.0;;;-22.0;-7.0;-18.0;-39.0;-25.0;12.0
25/06/2020;ID;1178.0;;50187.0;;;-21.0;-4.0;-18.0;-39.0;-25.0;12.0
26/06/2020;ID;1240.0;;51427.0;;;-23.0;-7.0;-24.0;-40.0;-23.0;13.0
27/06/2020;ID;1385.0;;52812.0;;;-23.0;-5.0;-24.0;-37.0;-14.0;10.0
28/06/2020;ID;1198.0;;54010.0;;;-26.0;-8.0;-21.0;-40.0;-1.0;9.0
29/06/2020;ID;1082.0;;55092.0;;;-19.0;-5.0;-16.0;-39.0;-24.0;12.0
30/06/2020;ID;1293.0;;56385.0;;;-17.0;0.0;-16.0;-37.0;-24.0;11.0
01/07/2020;ID;1385.0;;57770.0;;;-16.0;2.0;-14.0;-36.0;-24.0;11.0
02/07/2020;ID;1624.0;;59394.0;;;-17.0;-1.0;-16.0;-36.0;-25.0;12.0
03/07/2020;ID;1301.0;;60695.0;;;-18.0;-2.0;-19.0;-37.0;-23.0;12.0
04/07/2020;ID;1447.0;;62142.0;;;-18.0;-1.0;-18.0;-34.0;-15.0;9.0
05/07/2020;ID;1607.0;;63749.0;;;-20.0;-2.0;-14.0;-35.0;-2.0;8.0
06/07/2020;ID;1209.0;;64958.0;;;-18.0;-4.0;-18.0;-37.0;-25.0;12.0
07/07/2020;ID;1268.0;;66226.0;;;-14.0;1.0;-13.0;-33.0;-25.0;11.0
08/07/2020;ID;1853.0;;68079.0;;;-16.0;-2.0;-14.0;-34.0;-24.0;11.0
09/07/2020;ID;2657.0;;70736.0;;;-16.0;-1.0;-15.0;-34.0;-24.0;12.0
10/07/2020;ID;1611.0;;72347.0;;;-18.0;-4.0;-19.0;-36.0;-22.0;12.0
11/07/2020;ID;1671.0;;74018.0;;;-19.0;-2.0;-19.0;-33.0;-12.0;9.0
12/07/2020;ID;1681.0;;75699.0;;;-20.0;-4.0;-16.0;-36.0;-1.0;9.0
13/07/2020;ID;1282.0;;76981.0;;;-16.0;-4.0;-17.0;-37.0;-22.0;12.0
14/07/2020;ID;1591.0;;78572.0;;;-18.0;-5.0;-18.0;-36.0;-23.0;12.0
15/07/2020;ID;1522.0;;80094.0;;;-17.0;-4.0;-17.0;-36.0;-22.0;12.0
16/07/2020;ID;1574.0;;81668.0;;;-17.0;-3.0;-17.0;-35.0;-22.0;12.0
17/07/2020;ID;1462.0;;83130.0;;;-19.0;-6.0;-21.0;-38.0;-21.0;13.0
18/07/2020;ID;1752.0;;84882.0;;;-19.0;-4.0;-21.0;-36.0;-11.0;10.0
19/07/2020;ID;1639.0;;86521.0;;;-21.0;-6.0;-18.0;-38.0;0.0;9.0
20/07/2020;ID;1693.0;;88214.0;;;-16.0;-4.0;-17.0;-37.0;-22.0;12.0
21/07/2020;ID;1655.0;;89869.0;;;-18.0;-6.0;-18.0;-36.0;-23.0;12.0
22/07/2020;ID;1882.0;;91751.0;;;-18.0;-6.0;-17.0;-37.0;-22.0;12.0
23/07/2020;ID;1906.0;;93657.0;;;-19.0;-5.0;-18.0;-37.0;-22.0;12.0
24/07/2020;ID;1761.0;;95418.0;;;-19.0;-6.0;-19.0;-37.0;-20.0;13.0
25/07/2020;ID;1868.0;;97286.0;;;-18.0;-2.0;-20.0;-33.0;-12.0;10.0
26/07/2020;ID;1492.0;;98778.0;;;-21.0;-5.0;-18.0;-37.0;0.0;10.0
27/07/2020;ID;1525.0;;100303.0;;;-16.0;-3.0;-15.0;-36.0;-22.0;12.0
28/07/2020;ID;1748.0;;102051.0;;;-16.0;-1.0;-15.0;-33.0;-23.0;12.0
29/07/2020;ID;2381.0;;104432.0;;;-14.0;3.0;-12.0;-30.0;-24.0;12.0
30/07/2020;ID;1904.0;;106336.0;;;-7.0;18.0;-2.0;-20.0;-26.0;9.0
31/07/2020;ID;2040.0;;108376.0;;;-29.0;-13.0;-2.0;-45.0;-62.0;18.0
01/08/2020;ID;1560.0;;109936.0;;;-22.0;-2.0;-8.0;-37.0;-26.0;10.0
02/08/2020;ID;1519.0;;111455.0;;;-20.0;-1.0;-8.0;-29.0;-5.0;7.0
03/08/2020;ID;1679.0;;113134.0;;;-13.0;2.0;-6.0;-31.0;-24.0;11.0
04/08/2020;ID;1922.0;;115056.0;;;-14.0;2.0;-9.0;-31.0;-24.0;11.0
05/08/2020;ID;1815.0;;116871.0;;;-13.0;2.0;-8.0;-32.0;-24.0;11.0
06/08/2020;ID;1882.0;;118753.0;;;-13.0;3.0;-8.0;-32.0;-24.0;11.0
07/08/2020;ID;2473.0;;121226.0;;;-15.0;-1.0;-11.0;-33.0;-21.0;11.0
08/08/2020;ID;2277.0;;123503.0;;;-15.0;1.0;-12.0;-29.0;-12.0;8.0
09/08/2020;ID;1893.0;;125396.0;;;-17.0;-2.0;-10.0;-32.0;-1.0;7.0
10/08/2020;ID;1687.0;;127083.0;;;-11.0;2.0;-6.0;-32.0;-22.0;10.0
11/08/2020;ID;1693.0;;128776.0;;;-15.0;-2.0;-12.0;-32.0;-23.0;11.0
12/08/2020;ID;1942.0;;130718.0;;;-12.0;1.0;-7.0;-32.0;-23.0;10.0
13/08/2020;ID;2098.0;;132816.0;;;-15.0;-2.0;-9.0;-33.0;-23.0;11.0
14/08/2020;ID;2307.0;;135123.0;;;-14.0;-1.0;-12.0;-31.0;-21.0;11.0
15/08/2020;ID;2345.0;;137468.0;;;-14.0;2.0;-11.0;-24.0;-12.0;7.0
16/08/2020;ID;2081.0;;139549.0;;;-15.0;0.0;0.0;-30.0;-1.0;7.0
17/08/2020;ID;1821.0;;141370.0;;;-11.0;-2.0;32.0;-37.0;-57.0;16.0
18/08/2020;ID;1673.0;;143043.0;;;-14.0;0.0;-5.0;-31.0;-22.0;10.0
19/08/2020;ID;1902.0;;144945.0;;;-11.0;4.0;0.0;-28.0;-22.0;9.0
20/08/2020;ID;2266.0;;147211.0;;;-12.0;1.0;18.0;-33.0;-53.0;16.0
21/08/2020;ID;2197.0;;149408.0;;;-15.0;-3.0;0.0;-38.0;-37.0;14.0
22/08/2020;ID;2090.0;;151498.0;;;-18.0;-5.0;-6.0;-33.0;-13.0;9.0
23/08/2020;ID;2037.0;;153535.0;;;-21.0;-7.0;-9.0;-32.0;1.0;8.0
24/08/2020;ID;1877.0;;155412.0;;;-14.0;-3.0;-8.0;-33.0;-20.0;11.0
25/08/2020;ID;2447.0;;157859.0;;;-14.0;0.0;-8.0;-32.0;-21.0;11.0
26/08/2020;ID;2306.0;;160165.0;;;-14.0;0.0;-7.0;-33.0;-21.0;11.0
27/08/2020;ID;2719.0;;162884.0;;;-13.0;2.0;-7.0;-32.0;-21.0;11.0
28/08/2020;ID;3003.0;;165887.0;;;-15.0;0.0;-12.0;-33.0;-19.0;11.0
29/08/2020;ID;3308.0;;169195.0;;;-15.0;1.0;-12.0;-30.0;-9.0;9.0
30/08/2020;ID;2858.0;;172053.0;;;-15.0;1.0;-5.0;-32.0;2.0;7.0
31/08/2020;ID;2743.0;;174796.0;;;-12.0;2.0;-7.0;-33.0;-20.0;11.0
01/09/2020;ID;2775.0;;177571.0;;;-11.0;6.0;-7.0;-31.0;-21.0;11.0
02/09/2020;ID;3075.0;;180646.0;;;-12.0;3.0;-7.0;-32.0;-22.0;11.0
03/09/2020;ID;3622.0;;184268.0;;;-13.0;2.0;-10.0;-32.0;-22.0;11.0
04/09/2020;ID;3269.0;;187537.0;;;-13.0;1.0;-11.0;-33.0;-20.0;12.0
05/09/2020;ID;3128.0;;190665.0;;;-13.0;3.0;-9.0;-30.0;-12.0;9.0
06/09/2020;ID;3444.0;;194109.0;;;-14.0;2.0;-2.0;-32.0;-1.0;8.0
07/09/2020;ID;2880.0;;196989.0;;;-11.0;2.0;-6.0;-33.0;-22.0;11.0
08/09/2020;ID;3046.0;;200035.0;;;-12.0;2.0;-6.0;-32.0;-23.0;11.0
09/09/2020;ID;3307.0;;203342.0;;;-13.0;1.0;-6.0;-33.0;-22.0;11.0
10/09/2020;ID;3861.0;;207203.0;;;-13.0;1.0;-7.0;-32.0;-22.0;10.0
11/09/2020;ID;3737.0;;210940.0;;;-14.0;-3.0;-10.0;-33.0;-21.0;10.0
12/09/2020;ID;3806.0;;214746.0;;;-14.0;-1.0;-9.0;-30.0;-12.0;8.0
13/09/2020;ID;3636.0;;218382.0;;;-17.0;-4.0;-7.0;-33.0;-2.0;8.0
14/09/2020;ID;3141.0;;221523.0;;;-16.0;-5.0;-10.0;-41.0;-22.0;12.0
15/09/2020;ID;3507.0;;225030.0;;;-17.0;-5.0;-10.0;-40.0;-23.0;13.0
16/09/2020;ID;3963.0;;228993.0;;;-15.0;-2.0;-5.0;-39.0;-23.0;13.0
17/09/2020;ID;3635.0;;232628.0;;;-16.0;-3.0;-8.0;-39.0;-23.0;13.0
18/09/2020;ID;3891.0;;236519.0;;;-19.0;-6.0;-14.0;-41.0;-21.0;14.0
19/09/2020;ID;4168.0;;240687.0;;;-19.0;-3.0;-14.0;-39.0;-12.0;11.0
20/09/2020;ID;3989.0;;244676.0;;;-24.0;-9.0;-15.0;-44.0;-3.0;12.0
21/09/2020;ID;4176.0;;248852.0;;;-19.0;-7.0;-15.0;-41.0;-23.0;14.0
22/09/2020;ID;4071.0;;252923.0;;;-22.0;-8.0;-16.0;-40.0;-25.0;14.0
23/09/2020;ID;4465.0;;257388.0;;;-23.0;-6.0;-12.0;-39.0;-25.0;14.0
24/09/2020;ID;4634.0;;262022.0;;;-23.0;-7.0;-13.0;-38.0;-25.0;14.0
25/09/2020;ID;4823.0;;266845.0;;;-24.0;-6.0;-17.0;-39.0;-24.0;15.0
26/09/2020;ID;4494.0;;271339.0;;;-24.0;-4.0;-17.0;-36.0;-14.0;12.0
27/09/2020;ID;3874.0;;275213.0;;;-26.0;-8.0;-13.0;-39.0;-6.0;12.0
28/09/2020;ID;3509.0;;278722.0;;;-21.0;-4.0;-12.0;-38.0;-24.0;14.0
29/09/2020;ID;4002.0;;282724.0;;;-22.0;-4.0;-13.0;-36.0;-25.0;14.0
30/09/2020;ID;4284.0;;287008.0;;;-20.0;2.0;-10.0;-35.0;-26.0;11.0
01/10/2020;ID;4174.0;;291182.0;;;-20.0;5.0;-11.0;-34.0;-26.0;9.0
02/10/2020;ID;4317.0;;295499.0;;;-20.0;1.0;-13.0;-36.0;-25.0;9.0
03/10/2020;ID;4007.0;;299506.0;;;-19.0;3.0;-13.0;-32.0;-18.0;7.0
04/10/2020;ID;3992.0;;303498.0;;;-20.0;1.0;-7.0;-33.0;-12.0;6.0
05/10/2020;ID;3622.0;;307120.0;;;-17.0;2.0;-9.0;-35.0;-27.0;8.0
06/10/2020;ID;4056.0;;311176.0;;;-19.0;0.0;-9.0;-34.0;-28.0;8.0
07/10/2020;ID;4538.0;;315714.0;;;-18.0;1.0;-6.0;-35.0;-26.0;9.0
08/10/2020;ID;4850.0;;320564.0;;;-18.0;0.0;-3.0;-32.0;-25.0;11.0
09/10/2020;ID;4094.0;;324658.0;;;-20.0;-4.0;-12.0;-38.0;-23.0;13.0
10/10/2020;ID;4294.0;;328952.0;;;-22.0;-4.0;-17.0;-35.0;-14.0;11.0
11/10/2020;ID;4497.0;;333449.0;;;-19.0;-1.0;-5.0;-35.0;-5.0;9.0
12/10/2020;ID;3267.0;;336716.0;;;-17.0;-1.0;-6.0;-35.0;-23.0;12.0
13/10/2020;ID;3906.0;;340622.0;;;-19.0;-2.0;-6.0;-36.0;-25.0;13.0
14/10/2020;ID;4127.0;;344749.0;;;-16.0;0.0;-5.0;-35.0;-23.0;12.0
15/10/2020;ID;4411.0;;349160.0;;;-16.0;2.0;-8.0;-32.0;-23.0;13.0
16/10/2020;ID;4301.0;;353461.0;;;-20.0;-3.0;-13.0;-35.0;-22.0;14.0
17/10/2020;ID;4301.0;;357762.0;;;-17.0;3.0;-11.0;-29.0;-13.0;10.0
18/10/2020;ID;4105.0;;361867.0;;;-19.0;-1.0;-6.0;-31.0;-5.0;10.0
19/10/2020;ID;3373.0;;365240.0;;;-20.0;-3.0;-12.0;-34.0;-23.0;13.0
20/10/2020;ID;3602.0;;368842.0;;;-19.0;-2.0;-10.0;-32.0;-24.0;12.0
21/10/2020;ID;4267.0;;373109.0;;;-20.0;-4.0;-12.0;-34.0;-24.0;11.0
22/10/2020;ID;4432.0;;377541.0;;;-17.0;1.0;-9.0;-31.0;-25.0;9.0
23/10/2020;ID;4369.0;;381910.0;;;-18.0;-1.0;-14.0;-32.0;-23.0;9.0
24/10/2020;ID;4070.0;;385980.0;;;-18.0;1.0;-13.0;-28.0;-14.0;6.0
25/10/2020;ID;3732.0;;389712.0;;;-19.0;-1.0;-9.0;-30.0;-8.0;6.0
26/10/2020;ID;3222.0;;392934.0;;;-17.0;-1.0;-11.0;-32.0;-24.0;8.0
27/10/2020;ID;3520.0;;396454.0;;;-16.0;4.0;-9.0;-25.0;-25.0;7.0
28/10/2020;ID;4029.0;;400483.0;;;-10.0;10.0;6.0;-20.0;-39.0;8.0
29/10/2020;ID;3565.0;;404048.0;;;-9.0;6.0;28.0;-25.0;-58.0;12.0
30/10/2020;ID;2897.0;;406945.0;;;-16.0;-2.0;1.0;-34.0;-42.0;11.0
31/10/2020;ID;3143.0;;410088.0;;;-23.0;-8.0;-13.0;-29.0;-21.0;7.0
01/11/2020;ID;2696.0;;412784.0;;;-18.0;0.0;-6.0;-21.0;-10.0;5.0
02/11/2020;ID;2618.0;;415402.0;;;-15.0;2.0;-12.0;-27.0;-24.0;7.0
03/11/2020;ID;2973.0;;418375.0;;;-15.0;2.0;-13.0;-28.0;-25.0;7.0
04/11/2020;ID;3356.0;;421731.0;;;-14.0;2.0;-10.0;-30.0;-25.0;8.0
05/11/2020;ID;4065.0;;425796.0;;;-16.0;0.0;-14.0;-32.0;-26.0;8.0
06/11/2020;ID;3778.0;;429574.0;;;-16.0;0.0;-13.0;-31.0;-24.0;8.0
07/11/2020;ID;4262.0;;433836.0;;;-15.0;0.0;-12.0;-27.0;-16.0;6.0
08/11/2020;ID;3880.0;;437716.0;;;-17.0;-1.0;-6.0;-28.0;-10.0;6.0
09/11/2020;ID;2853.0;;440569.0;;;-16.0;0.0;-10.0;-31.0;-25.0;8.0
10/11/2020;ID;3779.0;;444348.0;;;-16.0;0.0;-10.0;-29.0;-26.0;8.0
11/11/2020;ID;3770.0;;448118.0;;;-14.0;2.0;-9.0;-30.0;-25.0;8.0
12/11/2020;ID;4173.0;;452291.0;;;-14.0;1.0;-9.0;-30.0;-25.0;8.0
13/11/2020;ID;5444.0;;457735.0;;;-16.0;-2.0;-13.0;-30.0;-23.0;9.0
14/11/2020;ID;5272.0;;463007.0;;;-16.0;-1.0;-14.0;-27.0;-15.0;6.0
15/11/2020;ID;4106.0;;467113.0;;;-17.0;-2.0;-7.0;-28.0;-10.0;5.0
16/11/2020;ID;3535.0;;470648.0;;;-16.0;-1.0;-11.0;-31.0;-24.0;8.0
17/11/2020;ID;3807.0;;474455.0;;;-17.0;-1.0;-11.0;-31.0;-25.0;8.0
18/11/2020;ID;4265.0;;478720.0;;;-16.0;0.0;-9.0;-31.0;-25.0;8.0
19/11/2020;ID;4798.0;;483518.0;;;-17.0;-1.0;-15.0;-31.0;-25.0;8.0
20/11/2020;ID;4792.0;;488310.0;;;-17.0;-2.0;-16.0;-31.0;-23.0;9.0
21/11/2020;ID;4998.0;;493308.0;;;-17.0;-1.0;-17.0;-28.0;-16.0;6.0
22/11/2020;ID;4360.0;;497668.0;;;-19.0;-4.0;-14.0;-30.0;-11.0;6.0
23/11/2020;ID;4442.0;;502110.0;;;-19.0;-6.0;-18.0;-33.0;-25.0;8.0
24/11/2020;ID;4192.0;;506302.0;;;-19.0;-4.0;-17.0;-32.0;-26.0;8.0
25/11/2020;ID;5534.0;;511836.0;;;-16.0;1.0;-14.0;-30.0;-25.0;8.0
26/11/2020;ID;4917.0;;516753.0;;;-14.0;3.0;-13.0;-28.0;-24.0;8.0
27/11/2020;ID;5828.0;;522581.0;;;-17.0;-2.0;-17.0;-30.0;-23.0;8.0
28/11/2020;ID;5418.0;;527999.0;;;-17.0;0.0;-20.0;-26.0;-15.0;6.0
29/11/2020;ID;6267.0;;534266.0;;;-19.0;-3.0;-16.0;-28.0;-9.0;6.0
30/11/2020;ID;4617.0;;538883.0;;;-14.0;4.0;-14.0;-30.0;-24.0;7.0
01/12/2020;ID;5092.0;;543975.0;;;-14.0;7.0;-14.0;-28.0;-25.0;7.0
02/12/2020;ID;5533.0;;549508.0;;;-13.0;7.0;-12.0;-29.0;-24.0;7.0
03/12/2020;ID;8369.0;;557877.0;;;-13.0;5.0;-13.0;-30.0;-24.0;8.0
04/12/2020;ID;5803.0;;563680.0;;;-15.0;2.0;-18.0;-30.0;-23.0;8.0
05/12/2020;ID;6027.0;;569707.0;;;-17.0;1.0;-21.0;-26.0;-15.0;6.0
06/12/2020;ID;6089.0;;575796.0;;;-18.0;-2.0;-20.0;-30.0;-11.0;7.0
07/12/2020;ID;5754.0;;581550.0;;;-16.0;1.0;-16.0;-31.0;-26.0;8.0
08/12/2020;ID;5292.0;;586842.0;;;-13.0;5.0;-11.0;-28.0;-25.0;6.0
09/12/2020;ID;6058.0;;592900.0;;;-14.0;1.0;-4.0;-36.0;-56.0;15.0
10/12/2020;ID;6033.0;;598933.0;;;-14.0;6.0;-9.0;-26.0;-22.0;9.0
11/12/2020;ID;6310.0;;605243.0;;;-16.0;1.0;-14.0;-28.0;-21.0;12.0
12/12/2020;ID;6388.0;;611631.0;;;-19.0;1.0;-20.0;-24.0;-13.0;9.0
13/12/2020;ID;6189.0;;617820.0;;;-18.0;-1.0;-12.0;-24.0;-5.0;9.0
14/12/2020;ID;5489.0;;623309.0;;;-15.0;2.0;-9.0;-27.0;-22.0;11.0
15/12/2020;ID;6120.0;;629429.0;;;-15.0;3.0;-9.0;-25.0;-24.0;11.0
16/12/2020;ID;6725.0;;636154.0;;;-14.0;4.0;-7.0;-25.0;-23.0;11.0
17/12/2020;ID;7354.0;;643508.0;;;-15.0;3.0;-10.0;-23.0;-23.0;11.0
18/12/2020;ID;6689.0;;650197.0;;;-16.0;2.0;-13.0;-25.0;-21.0;11.0
19/12/2020;ID;7751.0;;657948.0;;;-15.0;5.0;-13.0;-20.0;-12.0;8.0
20/12/2020;ID;6982.0;;664930.0;;;-15.0;3.0;-6.0;-21.0;-5.0;8.0
21/12/2020;ID;6848.0;;671778.0;;;-11.0;5.0;-1.0;-24.0;-25.0;11.0
22/12/2020;ID;6347.0;;678125.0;;;-11.0;6.0;0.0;-21.0;-26.0;10.0
23/12/2020;ID;7514.0;;685639.0;;;-8.0;12.0;4.0;-16.0;-26.0;9.0
24/12/2020;ID;7199.0;;692838.0;;;-7.0;13.0;12.0;-17.0;-43.0;13.0
25/12/2020;ID;7259.0;;700097.0;;;-16.0;-1.0;10.0;-33.0;-57.0;18.0
26/12/2020;ID;6740.0;;706837.0;;;-19.0;0.0;-4.0;-28.0;-25.0;10.0
27/12/2020;ID;6528.0;;713365.0;;;-18.0;-1.0;-1.0;-23.0;-6.0;8.0
28/12/2020;ID;5854.0;;719219.0;;;-12.0;6.0;4.0;-26.0;-29.0;12.0
29/12/2020;ID;7903.0;;727122.0;;;-15.0;3.0;1.0;-26.0;-31.0;12.0
30/12/2020;ID;8002.0;;735124.0;;;-12.0;9.0;4.0;-22.0;-31.0;11.0
31/12/2020;ID;8074.0;;743198.0;;;-7.0;23.0;19.0;-21.0;-46.0;12.0
01/01/2021;ID;8072.0;;751270.0;;;-25.0;-8.0;18.0;-42.0;-66.0;19.0
02/01/2021;ID;7203.0;;758473.0;;;-20.0;3.0;0.0;-27.0;-32.0;11.0
03/01/2021;ID;6877.0;;765350.0;;;-21.0;-2.0;-6.0;-22.0;-9.0;9.0
04/01/2021;ID;6753.0;;772103.0;;;-15.0;5.0;-5.0;-26.0;-24.0;11.0
05/01/2021;ID;7445.0;;779548.0;;;-18.0;3.0;-10.0;-27.0;-25.0;12.0
06/01/2021;ID;8854.0;;788402.0;;;-15.0;4.0;-8.0;-29.0;-24.0;12.0
07/01/2021;ID;9321.0;;797723.0;;;-16.0;4.0;-10.0;-30.0;-24.0;12.0
08/01/2021;ID;10617.0;;808340.0;;;-18.0;0.0;-16.0;-33.0;-23.0;12.0
09/01/2021;ID;10046.0;;818386.0;;;-22.0;-4.0;-22.0;-33.0;-16.0;10.0
10/01/2021;ID;9640.0;;828026.0;;;-20.0;-1.0;-16.0;-30.0;-8.0;9.0
11/01/2021;ID;8692.0;;836718.0;;;-18.0;-2.0;-14.0;-35.0;-25.0;11.0
12/01/2021;ID;10047.0;;846765.0;;0.0;-22.0;-6.0;-18.0;-36.0;-28.0;12.0
13/01/2021;ID;11278.0;;858043.0;;;-23.0;-8.0;-19.0;-38.0;-29.0;10.0
14/01/2021;ID;11557.0;;869600.0;;;-25.0;-12.0;-24.0;-41.0;-33.0;10.0
15/01/2021;ID;12818.0;;882418.0;;;-30.0;-18.0;-30.0;-45.0;-34.0;10.0
16/01/2021;ID;14224.0;;896642.0;;;-32.0;-19.0;-36.0;-44.0;-28.0;9.0
17/01/2021;ID;11287.0;;907929.0;;;-32.0;-19.0;-30.0;-44.0;-21.0;9.0
18/01/2021;ID;9086.0;;917015.0;;;-30.0;-19.0;-30.0;-44.0;-35.0;12.0
19/01/2021;ID;10365.0;;927380.0;;;-29.0;-16.0;-27.0;-43.0;-35.0;11.0
20/01/2021;ID;12568.0;;939948.0;;;-28.0;-15.0;-25.0;-43.0;-34.0;11.0
21/01/2021;ID;11703.0;;951651.0;;;-27.0;-15.0;-26.0;-43.0;-33.0;12.0
22/01/2021;ID;13632.0;;965283.0;132000.0;132000.0;-29.0;-17.0;-30.0;-44.0;-32.0;12.0
23/01/2021;ID;12191.0;;977474.0;;;-27.0;-13.0;-30.0;-41.0;-23.0;9.0
24/01/2021;ID;11788.0;;989262.0;17242.0;149242.0;-32.0;-20.0;-32.0;-46.0;-18.0;11.0
25/01/2021;ID;9994.0;;999256.0;12717.0;161959.0;-25.0;-12.0;-24.0;-41.0;-31.0;11.0
26/01/2021;ID;13094.0;;1012350.0;83726.0;245685.0;-27.0;-14.0;-26.0;-40.0;-32.0;11.0
27/01/2021;ID;11948.0;;1024298.0;62318.0;308003.0;-26.0;-12.0;-26.0;-40.0;-31.0;12.0
28/01/2021;ID;13695.0;;1037993.0;60315.0;368318.0;-24.0;-9.0;-25.0;-39.0;-31.0;11.0
29/01/2021;ID;13802.0;;1051795.0;36694.0;405012.0;-27.0;-12.0;-30.0;-40.0;-29.0;11.0
30/01/2021;ID;14518.0;;1066313.0;77133.0;482145.0;-27.0;-8.0;-34.0;-37.0;-21.0;7.0
31/01/2021;ID;12001.0;;1078314.0;10988.0;493133.0;-24.0;-5.0;-28.0;-36.0;-13.0;6.0
01/02/2021;ID;10994.0;;1089308.0;46399.0;539532.0;-23.0;-5.0;-27.0;-38.0;-30.0;8.0
02/02/2021;ID;10379.0;;1099687.0;56728.0;596260.0;-22.0;-3.0;-25.0;-36.0;-31.0;7.0
03/02/2021;ID;11984.0;;1111671.0;49766.0;646026.0;-25.0;-9.0;-28.0;-38.0;-32.0;8.0
04/02/2021;ID;11434.0;;1123105.0;54240.0;700266.0;-24.0;-8.0;-28.0;-38.0;-32.0;8.0
05/02/2021;ID;11749.0;;1134854.0;44618.0;744884.0;-21.0;-4.0;-27.0;-37.0;-30.0;8.0
06/02/2021;ID;12156.0;;1147010.0;32212.0;777096.0;-26.0;-10.0;-34.0;-36.0;-26.0;7.0
07/02/2021;ID;10827.0;;1157837.0;7222.0;784318.0;-30.0;-16.0;-34.0;-41.0;-20.0;7.0
08/02/2021;ID;8242.0;;1166079.0;30267.0;814585.0;-23.0;-8.0;-27.0;-37.0;-32.0;8.0
09/02/2021;ID;8700.0;;1174779.0;30822.0;845407.0;-21.0;-4.0;-24.0;-34.0;-32.0;7.0
10/02/2021;ID;8776.0;;1183555.0;124139.0;969546.0;-20.0;-3.0;-23.0;-34.0;-31.0;7.0
11/02/2021;ID;8435.0;;1191990.0;47640.0;1017186.0;-16.0;1.0;-18.0;-28.0;-31.0;6.0
12/02/2021;ID;9869.0;;1201859.0;;;-22.0;-8.0;-14.0;-41.0;-61.0;14.0
13/02/2021;ID;8844.0;;1210703.0;43140.0;1060326.0;-24.0;-7.0;-24.0;-39.0;-29.0;6.0
14/02/2021;ID;6765.0;;1217468.0;8421.0;1068747.0;-26.0;-9.0;-25.0;-35.0;-18.0;6.0
15/02/2021;ID;6462.0;;1223930.0;27348.0;1096095.0;-21.0;-5.0;-23.0;-35.0;-30.0;7.0
16/02/2021;ID;10029.0;;1233959.0;24868.0;1120963.0;-23.0;-6.0;-23.0;-36.0;-31.0;7.0
17/02/2021;ID;9687.0;;1243646.0;28976.0;1149939.0;-21.0;-4.0;-24.0;-35.0;-30.0;7.0
18/02/2021;ID;9039.0;;1252685.0;14205.0;1164144.0;-24.0;-8.0;-27.0;-37.0;-30.0;8.0
19/02/2021;ID;10614.0;;1263299.0;;;-23.0;-6.0;-28.0;-38.0;-28.0;8.0
20/02/2021;ID;8054.0;;1271353.0;59947.0;1224091.0;-25.0;-6.0;-30.0;-37.0;-23.0;6.0
21/02/2021;ID;7300.0;;1278653.0;;;-23.0;-5.0;-23.0;-38.0;-15.0;5.0
22/02/2021;ID;10180.0;;1288833.0;;;-21.0;-5.0;-23.0;-37.0;-29.0;7.0
23/02/2021;ID;9775.0;;1298608.0;45814.0;1269905.0;-23.0;-7.0;-25.0;-36.0;-29.0;7.0
24/02/2021;ID;7533.0;;1306141.0;93233.0;1363138.0;-22.0;-6.0;-24.0;-37.0;-28.0;7.0
25/02/2021;ID;8493.0;;1314634.0;98782.0;1461920.0;-19.0;0.0;-23.0;-34.0;-28.0;7.0
26/02/2021;ID;8232.0;;1322866.0;121661.0;1583581.0;-19.0;0.0;-25.0;-34.0;-26.0;7.0
27/02/2021;ID;6208.0;;1329074.0;32584.0;1616165.0;-18.0;4.0;-25.0;-30.0;-19.0;4.0
28/02/2021;ID;5560.0;;1334634.0;75559.0;1691724.0;-17.0;4.0;-18.0;-30.0;-11.0;4.0
01/03/2021;ID;6680.0;;1341314.0;;;-16.0;5.0;-19.0;-33.0;-27.0;5.0
02/03/2021;ID;5712.0;;1347026.0;276333.0;1968057.0;-18.0;2.0;-22.0;-32.0;-28.0;6.0
03/03/2021;ID;6808.0;;1353834.0;318066.0;2286123.0;-16.0;5.0;-19.0;-32.0;-28.0;6.0
04/03/2021;ID;7264.0;;1361098.0;;;-17.0;2.0;-21.0;-32.0;-28.0;6.0
05/03/2021;ID;6971.0;;1368069.0;127492.0;2413615.0;-17.0;1.0;-22.0;-33.0;-26.0;6.0
06/03/2021;ID;5767.0;;1373836.0;;;-18.0;2.0;-24.0;-28.0;-20.0;4.0
07/03/2021;ID;5826.0;;1379662.0;475142.0;2888757.0;-20.0;-1.0;-20.0;-31.0;-15.0;5.0
08/03/2021;ID;6894.0;;1386556.0;;;-18.0;0.0;-21.0;-33.0;-27.0;6.0
09/03/2021;ID;6389.0;;1392945.0;;;-17.0;1.0;-20.0;-31.0;-28.0;6.0
10/03/2021;ID;5633.0;;1398578.0;685941.0;3574698.0;-14.0;6.0;-14.0;-26.0;-27.0;5.0
11/03/2021;ID;5144.0;;1403722.0;121361.0;3696059.0;-12.0;5.0;2.0;-32.0;-60.0;12.0
12/03/2021;ID;6412.0;;1410134.0;73115.0;3769174.0;-18.0;0.0;-19.0;-34.0;-28.0;7.0
13/03/2021;ID;4607.0;;1414741.0;216422.0;3985596.0;-17.0;3.0;-16.0;-29.0;-21.0;4.0
14/03/2021;ID;4714.0;;1419455.0;34528.0;4020124.0;-20.0;-2.0;-14.0;-28.0;-17.0;5.0
15/03/2021;ID;5589.0;47064.0;1425044.0;146738.0;4166862.0;-16.0;3.0;-14.0;-30.0;-27.0;5.0
16/03/2021;ID;5414.0;58752.0;1430458.0;302089.0;4468951.0;-18.0;0.0;-19.0;-31.0;-27.0;6.0
17/03/2021;ID;6825.0;35943.0;1437283.0;236297.0;4705248.0;-16.0;2.0;-16.0;-31.0;-25.0;6.0
18/03/2021;ID;6570.0;45963.0;1443853.0;133504.0;4838752.0;-17.0;1.0;-20.0;-31.0;-25.0;6.0
19/03/2021;ID;6279.0;43807.0;1450132.0;120311.0;4959063.0;-17.0;1.0;-19.0;-31.0;-24.0;6.0
20/03/2021;ID;5656.0;26304.0;1455788.0;165885.0;5124948.0;-16.0;4.0;-18.0;-28.0;-17.0;4.0
21/03/2021;ID;4396.0;37582.0;1460184.0;408431.0;5533379.0;-17.0;1.0;-12.0;-30.0;-12.0;4.0
22/03/2021;ID;5744.0;50125.0;1465928.0;33901.0;5567280.0;-17.0;1.0;-17.0;-32.0;-25.0;6.0
23/03/2021;ID;5297.0;49788.0;1471225.0;164930.0;5732210.0;-18.0;0.0;-19.0;-31.0;-26.0;6.0
24/03/2021;ID;5227.0;53162.0;1476452.0;246041.0;5978251.0;-16.0;2.0;-16.0;-31.0;-25.0;6.0
25/03/2021;ID;6107.0;51619.0;1482559.0;411586.0;6389837.0;-15.0;4.0;-18.0;-29.0;-25.0;6.0
26/03/2021;ID;4982.0;45881.0;1487541.0;579364.0;6969201.0;-14.0;5.0;-17.0;-29.0;-23.0;6.0
27/03/2021;ID;4461.0;30638.0;1492002.0;209813.0;7179014.0;-17.0;3.0;-20.0;-27.0;-17.0;4.0
28/03/2021;ID;4083.0;39042.0;1496085.0;64188.0;7243202.0;-16.0;5.0;-12.0;-27.0;-11.0;4.0
29/03/2021;ID;5008.0;48287.0;1501093.0;151219.0;7394421.0;-15.0;5.0;-16.0;-30.0;-25.0;5.0
30/03/2021;ID;4682.0;45714.0;1505775.0;335161.0;7729582.0;-17.0;2.0;-20.0;-29.0;-26.0;6.0
31/03/2021;ID;5937.0;54766.0;1511712.0;366135.0;8095717.0;-13.0;7.0;-14.0;-26.0;-25.0;5.0
01/04/2021;ID;6142.0;41406.0;1517854.0;253758.0;8349475.0;-9.0;16.0;-12.0;-15.0;-25.0;4.0
02/04/2021;ID;5325.0;36045.0;1523179.0;69114.0;8418589.0;-7.0;15.0;5.0;-23.0;-57.0;10.0
03/04/2021;ID;4345.0;33881.0;1527524.0;114833.0;8533422.0;-12.0;10.0;-7.0;-24.0;-22.0;3.0
04/04/2021;ID;6731.0;38347.0;1534255.0;95760.0;8629182.0;-12.0;10.0;-5.0;-15.0;-12.0;1.0
05/04/2021;ID;3712.0;49759.0;1537967.0;208899.0;8838081.0;-10.0;12.0;-10.0;-22.0;-25.0;4.0
06/04/2021;ID;4549.0;53457.0;1542516.0;137285.0;8975366.0;-12.0;10.0;-12.0;-22.0;-25.0;4.0
07/04/2021;ID;4860.0;54253.0;1547376.0;212391.0;9187757.0;-10.0;11.0;-10.0;-23.0;-26.0;4.0
08/04/2021;ID;5504.0;48180.0;1552880.0;122052.0;9309809.0;-9.0;12.0;-9.0;-21.0;-24.0;4.0
09/04/2021;ID;5265.0;43707.0;1558145.0;474469.0;9784278.0;-8.0;11.0;-11.0;-21.0;-23.0;4.0
10/04/2021;ID;4723.0;30918.0;1562868.0;171155.0;9955433.0;-8.0;15.0;-9.0;-14.0;-16.0;1.0
11/04/2021;ID;4127.0;34434.0;1566995.0;90142.0;10045575.0;-8.0;15.0;-3.0;-15.0;-11.0;1.0
12/04/2021;ID;4829.0;50641.0;1571824.0;216216.0;10261791.0;-5.0;22.0;-2.0;-19.0;-29.0;4.0
13/04/2021;ID;5702.0;44286.0;1577526.0;112172.0;10373963.0;-30.0;-1.0;-30.0;-37.0;-37.0;12.0
14/04/2021;ID;5656.0;48728.0;1583182.0;103543.0;10477506.0;-25.0;0.0;-25.0;-35.0;-32.0;10.0
15/04/2021;ID;6177.0;50098.0;1589359.0;118867.0;10596373.0;-22.0;2.0;-23.0;-33.0;-27.0;9.0
16/04/2021;ID;5363.0;44955.0;1594722.0;109811.0;10706184.0;-20.0;2.0;-25.0;-34.0;-24.0;9.0
17/04/2021;ID;5041.0;31280.0;1599763.0;95060.0;10801244.0;-23.0;0.0;-33.0;-35.0;-17.0;9.0
18/04/2021;ID;4585.0;37267.0;1604348.0;27175.0;10828419.0;-23.0;-1.0;-36.0;-36.0;-10.0;10.0
19/04/2021;ID;4952.0;48107.0;1609300.0;138515.0;10966934.0;-18.0;3.0;-21.0;-33.0;-24.0;8.0
20/04/2021;ID;5549.0;47048.0;1614849.0;134357.0;11101291.0;-17.0;6.0;-20.0;-31.0;-25.0;8.0
21/04/2021;ID;5720.0;55681.0;1620569.0;167922.0;11269213.0;-15.0;7.0;-18.0;-31.0;-24.0;8.0
22/04/2021;ID;6243.0;41559.0;1626812.0;163498.0;11432711.0;-16.0;6.0;-20.0;-31.0;-24.0;8.0
23/04/2021;ID;5436.0;42263.0;1632248.0;155168.0;11587879.0;-16.0;4.0;-23.0;-32.0;-22.0;9.0
24/04/2021;ID;4544.0;32525.0;1636792.0;111706.0;11699585.0;-17.0;5.0;-28.0;-31.0;-15.0;8.0
25/04/2021;ID;4402.0;36867.0;1641194.0;34338.0;11733923.0;-17.0;5.0;-31.0;-32.0;-8.0;9.0
26/04/2021;ID;5944.0;51895.0;1647138.0;110656.0;11844579.0;-14.0;7.0;-18.0;-31.0;-23.0;8.0
27/04/2021;ID;4656.0;41057.0;1651794.0;136455.0;11981034.0;-14.0;7.0;-19.0;-29.0;-24.0;8.0
28/04/2021;ID;5241.0;55483.0;1657035.0;131854.0;12112888.0;-13.0;9.0;-18.0;-29.0;-24.0;8.0
29/04/2021;ID;5833.0;51664.0;1662868.0;167877.0;12280765.0;-9.0;14.0;-17.0;-25.0;-23.0;8.0
30/04/2021;ID;5500.0;41722.0;1668368.0;105121.0;12385886.0;-8.0;17.0;-18.0;-23.0;-21.0;7.0
01/05/2021;ID;4512.0;32389.0;1672880.0;57377.0;12443263.0;-6.0;21.0;-19.0;-20.0;-36.0;8.0
02/05/2021;ID;4394.0;35713.0;1677274.0;13901.0;12457164.0;-7.0;19.0;-27.0;-22.0;-7.0;6.0
03/05/2021;ID;4730.0;51536.0;1682004.0;88208.0;12545372.0;-2.0;25.0;-9.0;-21.0;-24.0;5.0
04/05/2021;ID;4369.0;51176.0;1686373.0;127492.0;12672864.0;-3.0;26.0;-9.0;-16.0;-25.0;5.0
05/05/2021;ID;5285.0;50122.0;1691658.0;160022.0;12832886.0;-1.0;27.0;-7.0;-16.0;-26.0;5.0
06/05/2021;ID;5647.0;46635.0;1697305.0;162824.0;12995710.0;-2.0;26.0;-9.0;-31.0;-26.0;7.0
07/05/2021;ID;6327.0;44705.0;1703632.0;140976.0;13136686.0;-2.0;25.0;-12.0;-34.0;-23.0;7.0
08/05/2021;ID;6130.0;30249.0;1709762.0;147736.0;13284422.0;-4.0;25.0;-20.0;-33.0;-17.0;6.0
09/05/2021;ID;3922.0;31963.0;1713684.0;56535.0;13340957.0;-2.0;26.0;-23.0;-35.0;-6.0;6.0
10/05/2021;ID;4891.0;45090.0;1718575.0;134130.0;13475087.0;6.0;36.0;1.0;-31.0;-32.0;7.0
11/05/2021;ID;5021.0;38640.0;1723596.0;140226.0;13615313.0;8.0;46.0;5.0;-25.0;-37.0;7.0
12/05/2021;ID;4608.0;21713.0;1728204.0;63010.0;13678323.0;6.0;55.0;15.0;-31.0;-62.0;12.0
13/05/2021;ID;3448.0;15945.0;1731652.0;17230.0;13695553.0;-13.0;8.0;22.0;-45.0;-72.0;4.0
14/05/2021;ID;2633.0;22519.0;1734285.0;3840.0;13699393.0;-8.0;15.0;32.0;-43.0;-73.0;10.0
15/05/2021;ID;2385.0;27640.0;1736670.0;22234.0;13721627.0;-7.0;18.0;24.0;-35.0;-51.0;4.0
16/05/2021;ID;3080.0;36988.0;1739750.0;15969.0;13737596.0;-5.0;19.0;12.0;-34.0;-21.0;2.0
17/05/2021;ID;4295.0;43504.0;1744045.0;65459.0;13803055.0;1.0;25.0;21.0;-32.0;-36.0;6.0
18/05/2021;ID;4185.0;53158.0;1748230.0;148920.0;13951975.0;-1.0;24.0;17.0;-16.0;-34.0;5.0
19/05/2021;ID;4871.0;55741.0;1753101.0;147779.0;14099754.0;-1.0;23.0;15.0;-18.0;-30.0;5.0
20/05/2021;ID;5797.0;71775.0;1758898.0;269479.0;14369233.0;-2.0;23.0;13.0;-22.0;-27.0;6.0
21/05/2021;ID;5746.0;41765.0;1764644.0;237098.0;14606331.0;-5.0;17.0;2.0;-23.0;-23.0;7.0
22/05/2021;ID;5296.0;53679.0;1769940.0;209335.0;14815666.0;-6.0;18.0;0.0;-18.0;-16.0;5.0
23/05/2021;ID;5280.0;54406.0;1775220.0;75267.0;14890933.0;-6.0;18.0;5.0;-17.0;-6.0;5.0
24/05/2021;ID;5907.0;61861.0;1781127.0;28656.0;14919589.0;-5.0;16.0;3.0;-22.0;-22.0;6.0
25/05/2021;ID;5060.0;56318.0;1786187.0;410717.0;15330306.0;-1.0;24.0;8.0;-14.0;-23.0;5.0
26/05/2021;ID;5034.0;62386.0;1791221.0;205692.0;15535998.0;4.0;24.0;34.0;-18.0;-57.0;12.0
27/05/2021;ID;6278.0;73092.0;1797499.0;167585.0;15703583.0;0.0;23.0;5.0;-18.0;-21.0;6.0
28/05/2021;ID;5862.0;71834.0;1803361.0;297364.0;16000947.0;-2.0;20.0;-2.0;-19.0;-18.0;7.0
29/05/2021;ID;6565.0;52132.0;1809926.0;202882.0;16203829.0;-5.0;18.0;-5.0;-15.0;-11.0;5.0
30/05/2021;ID;6115.0;53491.0;1816041.0;100871.0;16304700.0;-1.0;23.0;8.0;-14.0;-4.0;4.0
31/05/2021;ID;5662.0;51600.0;1821703.0;108972.0;16413672.0;5.0;27.0;14.0;-16.0;-22.0;5.0
01/06/2021;ID;4824.0;49731.0;1826527.0;180909.0;16594581.0;7.0;29.0;34.0;-15.0;-58.0;12.0
02/06/2021;ID;5246.0;58367.0;1831773.0;171682.0;16766263.0;3.0;28.0;8.0;-16.0;-20.0;5.0
03/06/2021;ID;5353.0;65207.0;1837126.0;276587.0;17042850.0;4.0;29.0;8.0;-17.0;-19.0;6.0
04/06/2021;ID;6486.0;56772.0;1843612.0;248654.0;17291504.0;0.0;23.0;1.0;-19.0;-17.0;6.0
05/06/2021;ID;6594.0;49240.0;1850206.0;289960.0;17581464.0;1.0;27.0;2.0;-13.0;-11.0;4.0
06/06/2021;ID;5832.0;51495.0;1856038.0;62139.0;17643603.0;-1.0;23.0;6.0;-14.0;-5.0;4.0
07/06/2021;ID;6993.0;69184.0;1863031.0;132315.0;17775918.0;2.0;25.0;8.0;-19.0;-20.0;5.0
08/06/2021;ID;6294.0;70533.0;1869325.0;484564.0;18260482.0;1.0;24.0;7.0;-19.0;-20.0;6.0
09/06/2021;ID;7725.0;69037.0;1877050.0;458287.0;18718769.0;2.0;25.0;8.0;-19.0;-20.0;6.0
10/06/2021;ID;8892.0;74144.0;1885942.0;492664.0;19211433.0;2.0;25.0;5.0;-19.0;-19.0;6.0
11/06/2021;ID;8083.0;63164.0;1894025.0;458535.0;19669968.0;-1.0;20.0;-2.0;-21.0;-17.0;7.0
12/06/2021;ID;7465.0;48350.0;1901490.0;374219.0;20044187.0;-2.0;22.0;-2.0;-17.0;-10.0;5.0
13/06/2021;ID;9868.0;52713.0;1911358.0;114750.0;20158937.0;-3.0;19.0;4.0;-18.0;-4.0;5.0
14/06/2021;ID;8189.0;59153.0;1919547.0;265111.0;20424048.0;-1.0;20.0;4.0;-21.0;-20.0;6.0
15/06/2021;ID;8161.0;42072.0;1927708.0;480675.0;20904723.0;-4.0;18.0;0.0;-21.0;-21.0;7.0
16/06/2021;ID;9944.0;79322.0;1937652.0;544051.0;21448774.0;-2.0;19.0;1.0;-22.0;-22.0;7.0
17/06/2021;ID;12624.0;73805.0;1950276.0;550482.0;21999256.0;-3.0;19.0;0.0;-23.0;-21.0;7.0
18/06/2021;ID;12990.0;75605.0;1963266.0;455911.0;22455167.0;-7.0;14.0;-7.0;-26.0;-19.0;8.0
19/06/2021;ID;12906.0;60229.0;1976172.0;418175.0;22873342.0;-11.0;14.0;-14.0;-26.0;-12.0;7.0
20/06/2021;ID;13737.0;62361.0;1989909.0;170030.0;23043372.0;-13.0;10.0;-10.0;-29.0;-7.0;7.0
21/06/2021;ID;14536.0;70742.0;2004445.0;222401.0;23265773.0;-8.0;15.0;-4.0;-28.0;-25.0;8.0
22/06/2021;ID;13668.0;74391.0;2018113.0;524111.0;23789884.0;-8.0;17.0;-3.0;-27.0;-26.0;8.0
23/06/2021;ID;15308.0;90503.0;2033421.0;568972.0;24358856.0;-8.0;15.0;-3.0;-29.0;-26.0;9.0
24/06/2021;ID;20574.0;95451.0;2053995.0;570586.0;24929442.0;-10.0;14.0;-7.0;-30.0;-26.0;10.0
25/06/2021;ID;18872.0;98274.0;2072867.0;552594.0;25482036.0;-8.0;18.0;-9.0;-32.0;-24.0;10.0
26/06/2021;ID;21095.0;79533.0;2093962.0;550095.0;26032131.0;-13.0;16.0;-16.0;-31.0;-15.0;8.0
27/06/2021;ID;21342.0;80308.0;2115304.0;1083632.0;27115763.0;-15.0;11.0;-14.0;-35.0;-7.0;9.0
28/06/2021;ID;20694.0;103265.0;2135998.0;304135.0;27419898.0;-8.0;18.0;-6.0;-33.0;-28.0;10.0
29/06/2021;ID;20467.0;100313.0;2156465.0;884876.0;28304774.0;-10.0;17.0;-7.0;-33.0;-29.0;10.0
30/06/2021;ID;21807.0;98572.0;2178272.0;974368.0;29279142.0;-10.0;20.0;-7.0;-34.0;-30.0;9.0
01/07/2021;ID;24836.0;102765.0;2203108.0;905250.0;30184392.0;-6.0;26.0;-6.0;-33.0;-28.0;11.0
02/07/2021;ID;25830.0;110983.0;2228938.0;707429.0;30891821.0;-8.0;24.0;-11.0;-34.0;-27.0;12.0
03/07/2021;ID;27913.0;86292.0;2256851.0;681419.0;31573240.0;-18.0;17.0;-24.0;-40.0;-20.0;11.0
04/07/2021;ID;27233.0;92398.0;2284084.0;490505.0;32063745.0;-22.0;11.0;-27.0;-45.0;-13.0;12.0
05/07/2021;ID;29745.0;136765.0;2313829.0;238523.0;32302268.0;-13.0;20.0;-12.0;-42.0;-32.0;13.0
06/07/2021;ID;31189.0;141957.0;2345018.0;873761.0;33176029.0;-15.0;19.0;-13.0;-42.0;-33.0;13.0
07/07/2021;ID;34379.0;135936.0;2379397.0;863768.0;34039797.0;-15.0;19.0;-12.0;-43.0;-34.0;13.0
08/07/2021;ID;38391.0;142005.0;2417788.0;820889.0;34860686.0;-17.0;16.0;-16.0;-44.0;-33.0;14.0
09/07/2021;ID;38124.0;145294.0;2455912.0;914881.0;35775567.0;-20.0;11.0;-23.0;-48.0;-32.0;15.0
10/07/2021;ID;35094.0;128055.0;2491006.0;417509.0;36193076.0;-25.0;9.0;-33.0;-47.0;-22.0;13.0
11/07/2021;ID;36197.0;123317.0;2527203.0;73943.0;36267019.0;-28.0;5.0;-35.0;-50.0;-14.0;13.0
12/07/2021;ID;40427.0;159354.0;2567630.0;101172.0;36368191.0;-19.0;12.0;-18.0;-48.0;-34.0;14.0
13/07/2021;ID;47899.0;172859.0;2615529.0;546416.0;36914607.0;-21.0;10.0;-19.0;-47.0;-35.0;14.0
14/07/2021;ID;54517.0;185321.0;2670046.0;1994826.0;38909433.0;-19.0;12.0;-18.0;-48.0;-35.0;14.0
15/07/2021;ID;56757.0;179216.0;2726803.0;718716.0;39628149.0;-18.0;13.0;-19.0;-47.0;-33.0;14.0
16/07/2021;ID;54000.0;188551.0;2780803.0;600662.0;40228811.0;-22.0;8.0;-24.0;-50.0;-32.0;15.0
17/07/2021;ID;51952.0;138175.0;2832755.0;1039816.0;41268627.0;-25.0;9.0;-33.0;-49.0;-21.0;13.0
18/07/2021;ID;44721.0;127461.0;2877476.0;404837.0;41673464.0;-28.0;5.0;-35.0;-52.0;-12.0;13.0
19/07/2021;ID;34257.0;114674.0;2911733.0;422067.0;42095531.0;-14.0;23.0;-10.0;-46.0;-39.0;14.0
20/07/2021;ID;38325.0;116232.0;2950058.0;249144.0;42344675.0;-35.0;-10.0;-16.0;-60.0;-73.0;21.0
21/07/2021;ID;33772.0;228702.0;2983830.0;266927.0;42611602.0;-20.0;13.0;-13.0;-46.0;-36.0;12.0
22/07/2021;ID;49509.0;202385.0;3033339.0;544193.0;43155795.0;-21.0;14.0;-15.0;-45.0;-33.0;12.0
23/07/2021;ID;49071.0;179953.0;3082410.0;561459.0;43717254.0;-24.0;9.0;-22.0;-48.0;-31.0;14.0
24/07/2021;ID;45416.0;124139.0;3127826.0;390672.0;44107926.0;-26.0;10.0;-30.0;-46.0;-20.0;12.0
25/07/2021;ID;38679.0;121266.0;3166505.0;362048.0;44469974.0;-27.0;8.0;-30.0;-48.0;-12.0;11.0
26/07/2021;ID;28228.0;180202.0;3194733.0;258346.0;44728320.0;-18.0;14.0;-14.0;-43.0;-30.0;12.0
27/07/2021;ID;45203.0;185181.0;3239936.0;550229.0;45278549.0;-19.0;14.0;-15.0;-42.0;-31.0;12.0
28/07/2021;ID;47791.0;173464.0;3287727.0;456363.0;45734912.0;-18.0;15.0;-13.0;-42.0;-30.0;12.0
29/07/2021;ID;43479.0;164999.0;3331206.0;555030.0;46289942.0;-17.0;15.0;-14.0;-42.0;-29.0;12.0
30/07/2021;ID;41168.0;150222.0;3372374.0;516051.0;46805993.0;-19.0;13.0;-20.0;-44.0;-27.0;13.0
31/07/2021;ID;37284.0;112661.0;3409658.0;420521.0;47226514.0;-22.0;14.0;-29.0;-42.0;-16.0;10.0
01/08/2021;ID;30738.0;106785.0;3440396.0;251654.0;47478168.0;-22.0;14.0;-27.0;-44.0;-11.0;10.0
02/08/2021;ID;22404.0;151712.0;3462800.0;208315.0;47686483.0;-14.0;19.0;-13.0;-41.0;-28.0;11.0
03/08/2021;ID;33900.0;148812.0;3496700.0;419725.0;48106208.0;-15.0;18.0;-15.0;-38.0;-29.0;11.0
04/08/2021;ID;35867.0;153917.0;3532567.0;379057.0;48485265.0;-13.0;19.0;-11.0;-39.0;-28.0;11.0
05/08/2021;ID;35764.0;148980.0;3568331.0;348858.0;48834123.0;-13.0;19.0;-12.0;-39.0;-28.0;11.0
06/08/2021;ID;39532.0;144055.0;3607863.0;556935.0;49391058.0;-14.0;17.0;-15.0;-40.0;-26.0;11.0
07/08/2021;ID;31753.0;102565.0;3639616.0;410765.0;49801823.0;-16.0;18.0;-22.0;-37.0;-16.0;9.0
08/08/2021;ID;26415.0;99387.0;3666031.0;696117.0;50497940.0;-19.0;14.0;-21.0;-41.0;-10.0;9.0
09/08/2021;ID;20709.0;146150.0;3686740.0;132375.0;50630315.0;-12.0;17.0;-9.0;-39.0;-28.0;10.0
10/08/2021;ID;32081.0;135459.0;3718821.0;565236.0;51195551.0;-13.0;16.0;-8.0;-38.0;-31.0;10.0
11/08/2021;ID;30625.0;136252.0;3749446.0;510373.0;51705924.0;-9.0;20.0;-2.0;-42.0;-56.0;16.0
12/08/2021;ID;24709.0;146481.0;3774155.0;188642.0;51894566.0;-11.0;17.0;-15.0;-36.0;-25.0;9.0
13/08/2021;ID;30788.0;126416.0;3804943.0;1317784.0;53212350.0;-14.0;12.0;-21.0;-39.0;-23.0;11.0
14/08/2021;ID;28598.0;89768.0;3833541.0;406520.0;53618870.0;-16.0;14.0;-26.0;-36.0;-13.0;8.0
15/08/2021;ID;20813.0;78377.0;3854354.0;69252.0;53688122.0;-17.0;11.0;-22.0;-40.0;-6.0;9.0
16/08/2021;ID;17384.0;101426.0;3871738.0;694558.0;54382680.0;-8.0;19.0;-8.0;-36.0;-28.0;9.0
17/08/2021;ID;20741.0;78626.0;3892479.0;599870.0;54982550.0;-14.0;10.0;5.0;-44.0;-64.0;17.0
18/08/2021;ID;15768.0;115108.0;3908247.0;209944.0;55192494.0;-13.0;14.0;-16.0;-37.0;-24.0;9.0
19/08/2021;ID;22053.0;113847.0;3930300.0;853437.0;56045931.0;-12.0;14.0;-16.0;-37.0;-23.0;10.0
20/08/2021;ID;20004.0;116306.0;3950304.0;458124.0;56504055.0;-13.0;13.0;-20.0;-38.0;-21.0;10.0
21/08/2021;ID;16744.0;85216.0;3967048.0;482095.0;56986150.0;-15.0;12.0;-25.0;-36.0;-11.0;8.0
22/08/2021;ID;12408.0;74324.0;3979456.0;353157.0;57339307.0;-16.0;10.0;-20.0;-38.0;-6.0;8.0
23/08/2021;ID;9604.0;123844.0;3989060.0;440409.0;57779716.0;-10.0;13.0;-13.0;-37.0;-23.0;9.0
24/08/2021;ID;19106.0;146788.0;4008166.0;689094.0;58468810.0;-11.0;12.0;-14.0;-36.0;-24.0;9.0
25/08/2021;ID;18671.0;128623.0;4026837.0;542523.0;59011333.0;-8.0;18.0;-11.0;-34.0;-23.0;8.0
26/08/2021;ID;16899.0;107521.0;4043736.0;415601.0;59426934.0;-6.0;19.0;-12.0;-33.0;-22.0;8.0
27/08/2021;ID;12618.0;104314.0;4056354.0;1008621.0;60435555.0;-8.0;15.0;-16.0;-35.0;-20.0;9.0
28/08/2021;ID;10050.0;92531.0;4066404.0;786703.0;61222258.0;-9.0;18.0;-19.0;-31.0;-10.0;7.0
29/08/2021;ID;7427.0;78055.0;4073831.0;432418.0;61654676.0;-11.0;14.0;-15.0;-33.0;-5.0;7.0
30/08/2021;ID;5436.0;130524.0;4079267.0;640220.0;62294896.0;-6.0;16.0;-13.0;-34.0;-22.0;8.0
31/08/2021;ID;10534.0;134079.0;4089801.0;816392.0;63111288.0;-6.0;20.0;-12.0;-32.0;-22.0;8.0
01/09/2021;ID;10337.0;128853.0;4100138.0;833667.0;63944955.0;-3.0;25.0;-9.0;-31.0;-22.0;7.0
02/09/2021;ID;8955.0;128343.0;4109093.0;797646.0;64742601.0;0.0;26.0;-9.0;-30.0;-21.0;7.0
03/09/2021;ID;7797.0;128302.0;4116890.0;1152072.0;65894673.0;-3.0;21.0;-12.0;-30.0;-19.0;8.0
04/09/2021;ID;6727.0;104944.0;4123617.0;458996.0;66353669.0;-4.0;23.0;-13.0;-26.0;-10.0;5.0
05/09/2021;ID;5403.0;96507.0;4129020.0;429004.0;66782673.0;-4.0;22.0;-6.0;-27.0;-5.0;5.0
06/09/2021;ID;4413.0;310931.0;4133433.0;372680.0;67155353.0;-2.0;20.0;-9.0;-31.0;-21.0;7.0
07/09/2021;ID;7201.0;145660.0;4140634.0;1053235.0;68208588.0;-3.0;20.0;-9.0;-30.0;-22.0;7.0
08/09/2021;ID;6731.0;148458.0;4147365.0;985951.0;69194539.0;-3.0;19.0;-8.0;-30.0;-21.0;7.0
09/09/2021;ID;5990.0;149780.0;4153355.0;1128021.0;70322560.0;0.0;23.0;-7.0;-28.0;-19.0;7.0
10/09/2021;ID;5376.0;143135.0;4158731.0;852699.0;71175259.0;-2.0;20.0;-10.0;-29.0;-17.0;7.0
11/09/2021;ID;5001.0;124016.0;4163732.0;1073461.0;72248720.0;-5.0;19.0;-14.0;-25.0;-9.0;6.0
12/09/2021;ID;3779.0;120529.0;4167511.0;517475.0;72766195.0;-6.0;18.0;-8.0;-27.0;-5.0;6.0
13/09/2021;ID;2577.0;185722.0;4170088.0;544368.0;73310563.0;-2.0;18.0;-9.0;-30.0;-21.0;7.0
14/09/2021;ID;4128.0;153493.0;4174216.0;946952.0;74257515.0;-7.0;13.0;-15.0;-32.0;-23.0;8.0
15/09/2021;ID;3948.0;54766.0;4178164.0;883209.0;75140724.0;0.0;22.0;-5.0;-27.0;-21.0;6.0
16/09/2021;ID;3145.0;293454.0;4181309.0;1012763.0;76153487.0;0.0;22.0;-6.0;-27.0;-20.0;6.0
17/09/2021;ID;3835.0;201138.0;4185144.0;1264001.0;77417488.0;-1.0;19.0;-8.0;-28.0;-18.0;7.0
18/09/2021;ID;3385.0;133765.0;4188529.0;1123031.0;78540519.0;-2.0;21.0;-9.0;-25.0;-9.0;5.0
19/09/2021;ID;2234.0;150714.0;4190763.0;974837.0;79515356.0;-5.0;17.0;-4.0;-27.0;-6.0;6.0
20/09/2021;ID;1932.0;176440.0;4192695.0;142406.0;79657762.0;-1.0;21.0;-6.0;-29.0;-20.0;6.0
21/09/2021;ID;3263.0;185396.0;4195958.0;750982.0;80408744.0;-4.0;16.0;-10.0;-28.0;-20.0;7.0
22/09/2021;ID;2720.0;173914.0;4198678.0;1705044.0;82113788.0;-1.0;19.0;-6.0;-28.0;-18.0;6.0
23/09/2021;ID;2881.0;172973.0;4201559.0;1134340.0;83248128.0;0.0;19.0;-7.0;-27.0;-17.0;7.0
24/09/2021;ID;2557.0;181861.0;4204116.0;1615771.0;84863899.0;-1.0;19.0;-10.0;-27.0;-15.0;7.0
25/09/2021;ID;2137.0;148743.0;4206253.0;569619.0;85433518.0;0.0;23.0;-8.0;-22.0;-7.0;4.0
26/09/2021;ID;1760.0;;4208013.0;1027167.0;86460685.0;-3.0;18.0;-3.0;-24.0;-4.0;5.0
27/09/2021;ID;1390.0;;4209403.0;701841.0;87162526.0;1.0;20.0;-4.0;-27.0;-17.0;6.0
28/09/2021;ID;2057.0;197310.0;4211460.0;1368611.0;88531137.0;0.0;22.0;-5.0;-25.0;-18.0;6.0
29/09/2021;ID;1954.0;193809.0;4213414.0;1291850.0;89822987.0;1.0;22.0;-3.0;-25.0;-17.0;6.0
30/09/2021;ID;1690.0;171146.0;4215104.0;1256014.0;91079001.0;4.0;27.0;-4.0;-23.0;-15.0;6.0
01/10/2021;ID;1624.0;159999.0;4216728.0;1082000.0;92161001.0;5.0;29.0;-5.0;-22.0;-14.0;6.0
02/10/2021;ID;1414.0;160640.0;4218142.0;905493.0;93066494.0;6.0;32.0;-1.0;-16.0;-7.0;3.0
03/10/2021;ID;1142.0;146708.0;4219284.0;713952.0;93780446.0;5.0;29.0;6.0;-17.0;-5.0;4.0
04/10/2021;ID;922.0;176723.0;4220206.0;443244.0;94223690.0;4.0;24.0;-4.0;-24.0;-16.0;5.0
05/10/2021;ID;1404.0;190230.0;4221610.0;715527.0;94939217.0;5.0;27.0;-3.0;-22.0;-17.0;5.0
06/10/2021;ID;1484.0;181122.0;4223094.0;842556.0;95781773.0;6.0;27.0;2.0;-22.0;-16.0;5.0
07/10/2021;ID;1393.0;181510.0;4224487.0;710381.0;96492154.0;7.0;27.0;1.0;-21.0;-14.0;5.0
08/10/2021;ID;1384.0;182910.0;4225871.0;1654154.0;98146308.0;5.0;24.0;-2.0;-21.0;-13.0;6.0
09/10/2021;ID;1167.0;144670.0;4227038.0;1226986.0;99373294.0;6.0;28.0;2.0;-14.0;-7.0;3.0
10/10/2021;ID;894.0;151970.0;4227932.0;686187.0;100059481.0;5.0;27.0;9.0;-15.0;-4.0;4.0
11/10/2021;ID;620.0;190403.0;4228552.0;262894.0;100322375.0;5.0;23.0;0.0;-22.0;-15.0;5.0
12/10/2021;ID;1261.0;181176.0;4229813.0;1040519.0;101362894.0;5.0;24.0;2.0;-21.0;-15.0;5.0
13/10/2021;ID;1233.0;165707.0;4231046.0;1322923.0;102685817.0;6.0;24.0;3.0;-21.0;-14.0;5.0
14/10/2021;ID;1053.0;180420.0;4232099.0;1622885.0;104308702.0;6.0;25.0;1.0;-20.0;-13.0;5.0
15/10/2021;ID;915.0;180230.0;4233014.0;1155984.0;105464686.0;4.0;23.0;-2.0;-19.0;-12.0;6.0
16/10/2021;ID;997.0;146960.0;4234011.0;1205284.0;106669970.0;3.0;25.0;1.0;-13.0;-6.0;4.0
17/10/2021;ID;747.0;145729.0;4234758.0;833258.0;107503228.0;1.0;22.0;6.0;-16.0;-4.0;5.0
18/10/2021;ID;626.0;175456.0;4235384.0;477788.0;107981016.0;-2.0;16.0;-4.0;-24.0;-17.0;6.0
19/10/2021;ID;903.0;156346.0;4236287.0;1024611.0;109005627.0;3.0;23.0;5.0;-18.0;-19.0;5.0
20/10/2021;ID;914.0;148492.0;4237201.0;791239.0;109796866.0;10.0;27.0;31.0;-21.0;-54.0;12.0
21/10/2021;ID;633.0;165247.0;4237834.0;609911.0;110406777.0;4.0;24.0;2.0;-19.0;-13.0;5.0
22/10/2021;ID;760.0;161864.0;4238594.0;1089264.0;111496041.0;2.0;20.0;-3.0;-21.0;-12.0;6.0
23/10/2021;ID;802.0;134282.0;4239396.0;775887.0;112271928.0;2.0;23.0;1.0;-17.0;-5.0;4.0
24/10/2021;ID;623.0;137617.0;4240019.0;760840.0;113032768.0;2.0;20.0;7.0;-17.0;-3.0;5.0
25/10/2021;ID;460.0;178077.0;4240479.0;391611.0;113424379.0;4.0;23.0;2.0;-21.0;-13.0;5.0
26/10/2021;ID;611.0;183819.0;4241090.0;922722.0;114347101.0;3.0;22.0;0.0;-20.0;-14.0;5.0
27/10/2021;ID;719.0;164229.0;4241809.0;1155423.0;115502524.0;3.0;20.0;-1.0;-21.0;-13.0;5.0
28/10/2021;ID;723.0;160741.0;4242532.0;1117757.0;116620281.0;6.0;27.0;1.0;-19.0;-12.0;5.0
29/10/2021;ID;683.0;156340.0;4243215.0;1068833.0;117689114.0;5.0;25.0;-2.0;-18.0;-10.0;5.0
30/10/2021;ID;620.0;126954.0;4243835.0;1462704.0;119151818.0;4.0;26.0;-2.0;-13.0;-4.0;3.0
31/10/2021;ID;523.0;137373.0;4244358.0;510430.0;119662248.0;4.0;26.0;3.0;-13.0;-1.0;4.0
01/11/2021;ID;403.0;175424.0;4244761.0;390339.0;120052587.0;4.0;25.0;-4.0;-20.0;-13.0;5.0
02/11/2021;ID;612.0;167671.0;4245373.0;835260.0;120887847.0;4.0;27.0;-3.0;-19.0;-13.0;5.0
03/11/2021;ID;801.0;184207.0;4246174.0;1087906.0;121975753.0;9.0;31.0;4.0;-17.0;-12.0;4.0
04/11/2021;ID;628.0;149392.0;4246802.0;876343.0;122852096.0;5.0;25.0;-2.0;-17.0;-12.0;5.0
05/11/2021;ID;518.0;176845.0;4247320.0;972103.0;123824199.0;6.0;26.0;-2.0;-16.0;-10.0;6.0
06/11/2021;ID;401.0;148161.0;4247721.0;331968.0;124156167.0;8.0;30.0;2.0;-10.0;-5.0;3.0
07/11/2021;ID;444.0;130191.0;4248165.0;949796.0;125105963.0;3.0;22.0;3.0;-14.0;-6.0;5.0
08/11/2021;ID;244.0;173067.0;4248409.0;288524.0;125394487.0;8.0;28.0;4.0;-17.0;-12.0;5.0
09/11/2021;ID;434.0;192562.0;4248843.0;1064798.0;126459285.0;3.0;22.0;-1.0;-18.0;-14.0;5.0
10/11/2021;ID;480.0;176934.0;4249323.0;875981.0;127335266.0;5.0;23.0;1.0;-18.0;-14.0;5.0
11/11/2021;ID;435.0;155233.0;4249758.0;812079.0;128147345.0;8.0;28.0;2.0;-15.0;-12.0;5.0
12/11/2021;ID;399.0;184695.0;4250157.0;942043.0;129089388.0;4.0;20.0;-4.0;-18.0;-10.0;6.0
13/11/2021;ID;359.0;155301.0;4250516.0;620802.0;129710190.0;3.0;22.0;-5.0;-14.0;-5.0;4.0
14/11/2021;ID;339.0;167949.0;4250855.0;573155.0;130283345.0;5.0;23.0;3.0;-12.0;-4.0;5.0
15/11/2021;ID;221.0;195581.0;4251076.0;333169.0;130616514.0;4.0;21.0;-4.0;-18.0;-12.0;6.0
16/11/2021;ID;347.0;193830.0;4251423.0;676357.0;131292871.0;4.0;22.0;-1.0;-17.0;-12.0;5.0
17/11/2021;ID;522.0;188928.0;4251945.0;713506.0;132006377.0;7.0;24.0;3.0;-17.0;-11.0;5.0
18/11/2021;ID;400.0;183797.0;4252345.0;67609.0;132073986.0;8.0;26.0;3.0;-16.0;-10.0;5.0
19/11/2021;ID;360.0;186231.0;4252705.0;1328065.0;133402051.0;4.0;20.0;-4.0;-17.0;-9.0;6.0
20/11/2021;ID;393.0;153816.0;4253098.0;622958.0;134025009.0;4.0;24.0;-1.0;-13.0;-5.0;4.0
21/11/2021;ID;314.0;166685.0;4253412.0;393277.0;134418286.0;6.0;24.0;7.0;-12.0;-4.0;4.0
22/11/2021;ID;186.0;193920.0;4253598.0;195850.0;134614136.0;5.0;22.0;1.0;-17.0;-11.0;5.0
23/11/2021;ID;394.0;200412.0;4253992.0;802927.0;135417063.0;2.0;19.0;-3.0;-18.0;-12.0;6.0
24/11/2021;ID;451.0;199759.0;4254443.0;663785.0;136080848.0;7.0;25.0;4.0;-17.0;-10.0;5.0
25/11/2021;ID;372.0;187293.0;4254815.0;632299.0;136713147.0;7.0;26.0;3.0;-14.0;-10.0;5.0
26/11/2021;ID;453.0;192919.0;4255268.0;792057.0;137505204.0;4.0;21.0;-3.0;-15.0;-9.0;6.0
27/11/2021;ID;404.0;155396.0;4255672.0;614409.0;138119613.0;3.0;22.0;-6.0;-11.0;-4.0;4.0
28/11/2021;ID;264.0;176381.0;4255936.0;410618.0;138530231.0;3.0;23.0;0.0;-11.0;-4.0;5.0
29/11/2021;ID;176.0;200899.0;4256112.0;378631.0;138908862.0;8.0;27.0;3.0;-15.0;-10.0;5.0
30/11/2021;ID;297.0;199375.0;4256409.0;456576.0;139365438.0;6.0;28.0;0.0;-15.0;-11.0;5.0
01/12/2021;ID;278.0;199658.0;4256687.0;839608.0;140205046.0;10.0;34.0;4.0;-13.0;-10.0;4.0
02/12/2021;ID;311.0;194099.0;4256998.0;680183.0;140885229.0;13.0;36.0;8.0;-12.0;-9.0;4.0
03/12/2021;ID;245.0;196386.0;4257243.0;617863.0;141503092.0;11.0;32.0;5.0;-12.0;-8.0;5.0
04/12/2021;ID;246.0;158609.0;4257489.0;527878.0;142030970.0;5.0;26.0;-4.0;-8.0;-4.0;4.0
05/12/2021;ID;196.0;200460.0;4257685.0;401377.0;142432347.0;7.0;28.0;3.0;-8.0;-5.0;5.0
06/12/2021;ID;130.0;281032.0;4257815.0;268593.0;142700940.0;5.0;22.0;0.0;-16.0;-11.0;6.0
07/12/2021;ID;261.0;282985.0;4258076.0;590412.0;143291352.0;6.0;27.0;2.0;-16.0;-11.0;6.0
08/12/2021;ID;264.0;267119.0;4258340.0;502690.0;143794042.0;11.0;30.0;7.0;-13.0;-7.0;4.0
09/12/2021;ID;220.0;228725.0;4258560.0;652282.0;144446324.0;10.0;29.0;5.0;-13.0;-6.0;5.0
10/12/2021;ID;192.0;205447.0;4258752.0;639588.0;145085912.0;8.0;26.0;0.0;-12.0;-4.0;5.0
11/12/2021;ID;228.0;168447.0;4258980.0;824107.0;145910019.0;7.0;27.0;0.0;-7.0;2.0;3.0
12/12/2021;ID;163.0;177759.0;4259143.0;579619.0;146489638.0;10.0;29.0;9.0;-6.0;4.0;3.0
13/12/2021;ID;106.0;203892.0;4259249.0;386321.0;146875959.0;11.0;29.0;10.0;-12.0;-7.0;4.0
14/12/2021;ID;190.0;213858.0;4259439.0;592437.0;147468396.0;8.0;26.0;6.0;-12.0;-8.0;4.0
15/12/2021;ID;205.0;211111.0;4259644.0;875819.0;148344215.0;10.0;27.0;7.0;-11.0;-7.0;4.0
16/12/2021;ID;213.0;214267.0;4259857.0;861356.0;149205571.0;10.0;26.0;5.0;-10.0;-7.0;5.0
17/12/2021;ID;291.0;216405.0;4260148.0;1043929.0;150249500.0;9.0;26.0;2.0;-10.0;-5.0;5.0
18/12/2021;ID;232.0;121461.0;4260380.0;996796.0;151246296.0;8.0;27.0;3.0;-4.0;1.0;3.0
19/12/2021;ID;164.0;142020.0;4260544.0;171582.0;151417878.0;11.0;28.0;11.0;-3.0;3.0;3.0
20/12/2021;ID;133.0;222546.0;4260677.0;357719.0;151775597.0;9.0;25.0;6.0;-11.0;-11.0;5.0
21/12/2021;ID;216.0;215395.0;4260893.0;820920.0;152596517.0;9.0;27.0;7.0;-10.0;-13.0;5.0
22/12/2021;ID;179.0;207437.0;4261072.0;907168.0;153503685.0;15.0;32.0;17.0;-8.0;-12.0;4.0
23/12/2021;ID;136.0;184552.0;4261208.0;990430.0;154494115.0;10.0;27.0;9.0;-8.0;-12.0;5.0
24/12/2021;ID;204.0;149285.0;4261412.0;920409.0;155414524.0;14.0;34.0;10.0;-9.0;-14.0;5.0
25/12/2021;ID;255.0;119792.0;4261667.0;768061.0;156182585.0;5.0;23.0;11.0;-15.0;-33.0;7.0
26/12/2021;ID;92.0;164005.0;4261759.0;459193.0;156641778.0;8.0;26.0;13.0;-12.0;1.0;4.0
27/12/2021;ID;120.0;176854.0;4261879.0;353008.0;156994786.0;9.0;26.0;13.0;-14.0;-17.0;6.0
28/12/2021;ID;278.0;163611.0;4262157.0;810019.0;157804805.0;11.0;31.0;19.0;-11.0;-17.0;5.0
29/12/2021;ID;194.0;163035.0;4262351.0;1157437.0;158962242.0;13.0;32.0;22.0;-12.0;-17.0;5.0
30/12/2021;ID;189.0;149670.0;4262540.0;1050201.0;160012443.0;16.0;38.0;24.0;-6.0;-17.0;5.0
31/12/2021;ID;180.0;128197.0;4262720.0;1070414.0;161082857.0;20.0;52.0;35.0;-6.0;-22.0;4.0
01/01/2022;ID;274.0;141810.0;4262994.0;778365.0;161861222.0;3.0;24.0;46.0;-15.0;-49.0;6.0
02/01/2022;ID;174.0;209567.0;4263168.0;4039665.0;165900887.0;11.0;35.0;28.0;-4.0;-4.0;3.0
03/01/2022;ID;265.0;232746.0;4263433.0;203444.0;166104331.0;14.0;36.0;20.0;-9.0;-10.0;4.0
04/01/2022;ID;299.0;217304.0;4263732.0;549536.0;166653867.0;11.0;33.0;15.0;-9.0;-8.0;4.0
05/01/2022;ID;404.0;208788.0;4264136.0;572376.0;167226243.0;12.0;34.0;17.0;-10.0;-7.0;4.0
06/01/2022;ID;533.0;198487.0;4264669.0;773534.0;167999777.0;10.0;30.0;12.0;-11.0;-5.0;5.0
07/01/2022;ID;518.0;177701.0;4265187.0;819816.0;168819593.0;6.0;25.0;6.0;-13.0;-3.0;5.0
08/01/2022;ID;479.0;177213.0;4265666.0;760632.0;169580225.0;8.0;31.0;10.0;-6.0;1.0;3.0
09/01/2022;ID;529.0;181426.0;4266195.0;563401.0;170143626.0;7.0;28.0;13.0;-6.0;2.0;4.0
10/01/2022;ID;454.0;203706.0;4266649.0;392712.0;170536338.0;7.0;27.0;6.0;-13.0;-4.0;4.0
11/01/2022;ID;802.0;198636.0;4267451.0;519866.0;171056204.0;1.0;20.0;-1.0;-15.0;-4.0;5.0
12/01/2022;ID;646.0;195527.0;4268097.0;1099390.0;172155594.0;5.0;25.0;6.0;-14.0;-3.0;5.0
13/01/2022;ID;793.0;198375.0;4268890.0;1092662.0;173248256.0;8.0;29.0;7.0;-12.0;-2.0;4.0
14/01/2022;ID;850.0;196420.0;4269740.0;1043329.0;174291585.0;6.0;25.0;5.0;-13.0;1.0;5.0
15/01/2022;ID;1054.0;166505.0;4270794.0;1353886.0;175645471.0;5.0;26.0;6.0;-10.0;4.0;5.0
16/01/2022;ID;855.0;178283.0;4271649.0;656518.0;176301989.0;6.0;26.0;14.0;-10.0;5.0;6.0
17/01/2022;ID;772.0;194308.0;4272421.0;327952.0;176629941.0;5.0;23.0;6.0;-15.0;-1.0;5.0
18/01/2022;ID;1362.0;152016.0;4273783.0;629436.0;177259377.0;1.0;21.0;3.0;-15.0;-2.0;6.0
19/01/2022;ID;1745.0;183531.0;4275528.0;1001759.0;178261136.0;6.0;26.0;5.0;-16.0;0.0;6.0
20/01/2022;ID;2116.0;200180.0;4277644.0;892608.0;179153744.0;6.0;26.0;3.0;-15.0;1.0;7.0
21/01/2022;ID;2604.0;194500.0;4280248.0;867910.0;180021654.0;7.0;25.0;5.0;-15.0;4.0;6.0
22/01/2022;ID;3205.0;163826.0;4283453.0;692896.0;180714550.0;6.0;25.0;5.0;-14.0;7.0;6.0
23/01/2022;ID;2925.0;175763.0;4286378.0;416783.0;181131333.0;7.0;25.0;14.0;-14.0;7.0;7.0
24/01/2022;ID;2927.0;176407.0;4289305.0;246186.0;181377519.0;8.0;26.0;11.0;-17.0;1.0;6.0
25/01/2022;ID;4878.0;244413.0;4294183.0;646501.0;182024020.0;8.0;28.0;8.0;-16.0;0.0;6.0
26/01/2022;ID;7010.0;236651.0;4301193.0;476807.0;182500827.0;9.0;27.0;10.0;-17.0;0.0;6.0
27/01/2022;ID;8077.0;258145.0;4309270.0;559208.0;183060035.0;10.0;28.0;9.0;-15.0;2.0;6.0
28/01/2022;ID;9905.0;261050.0;4319175.0;616997.0;183677032.0;7.0;26.0;4.0;-15.0;4.0;7.0
29/01/2022;ID;11588.0;205803.0;4330763.0;510006.0;184187038.0;9.0;32.0;10.0;-9.0;8.0;5.0
30/01/2022;ID;12422.0;202393.0;4343185.0;370677.0;184557715.0;8.0;28.0;16.0;-13.0;8.0;6.0
31/01/2022;ID;10185.0;235905.0;4353370.0;123282.0;184680997.0;14.0;34.0;20.0;-16.0;-5.0;6.0
01/02/2022;ID;16021.0;226958.0;4369391.0;440655.0;185121652.0;16.0;34.0;48.0;-17.0;-55.0;14.0
02/02/2022;ID;17895.0;307987.0;4387286.0;115894.0;185237546.0;12.0;36.0;14.0;-16.0;-2.0;6.0
03/02/2022;ID;27197.0;312977.0;4414483.0;385020.0;185622566.0;9.0;32.0;9.0;-18.0;-1.0;7.0
04/02/2022;ID;32211.0;306242.0;4446694.0;396673.0;186019239.0;5.0;24.0;2.0;-22.0;0.0;8.0
05/02/2022;ID;33729.0;265559.0;4480423.0;368832.0;186388071.0;4.0;28.0;-1.0;-17.0;4.0;7.0
06/02/2022;ID;36057.0;180967.0;4516480.0;201679.0;186589750.0;4.0;26.0;5.0;-18.0;4.0;8.0
07/02/2022;ID;26121.0;284638.0;4542601.0;113640.0;186703390.0;7.0;28.0;5.0;-23.0;-6.0;8.0
08/02/2022;ID;37492.0;245825.0;4580093.0;344172.0;187047562.0;4.0;24.0;4.0;-25.0;-7.0;9.0
09/02/2022;ID;46843.0;238688.0;4626936.0;242445.0;187290007.0;3.0;23.0;3.0;-26.0;-7.0;9.0
10/02/2022;ID;40618.0;226502.0;4667554.0;406703.0;187696710.0;7.0;30.0;5.0;-24.0;-7.0;9.0
11/02/2022;ID;40489.0;321145.0;4708043.0;222044.0;187918754.0;3.0;24.0;-1.0;-26.0;-5.0;10.0
12/02/2022;ID;55209.0;272493.0;4763252.0;141952.0;188060706.0;1.0;24.0;-3.0;-24.0;2.0;8.0
13/02/2022;ID;44526.0;273914.0;4807778.0;222145.0;188282851.0;-1.0;21.0;2.0;-26.0;3.0;9.0
14/02/2022;ID;36501.0;358270.0;4844279.0;55693.0;188338544.0;5.0;27.0;4.0;-27.0;-8.0;9.0
15/02/2022;ID;57049.0;348080.0;4901328.0;252141.0;188590685.0;1.0;23.0;2.0;-27.0;-10.0;10.0
16/02/2022;ID;64718.0;344393.0;4966046.0;242795.0;188833480.0;1.0;21.0;2.0;-29.0;-9.0;11.0
17/02/2022;ID;63956.0;307607.0;5030002.0;233936.0;189067416.0;2.0;24.0;2.0;-27.0;-8.0;10.0
18/02/2022;ID;59635.0;309155.0;5089637.0;239968.0;189307384.0;-1.0;19.0;-3.0;-29.0;-7.0;11.0
19/02/2022;ID;59384.0;265769.0;5149021.0;226314.0;189533698.0;0.0;24.0;-1.0;-26.0;3.0;9.0
20/02/2022;ID;48484.0;243226.0;5197505.0;113219.0;189646917.0;-3.0;20.0;1.0;-27.0;5.0;10.0
21/02/2022;ID;34418.0;326422.0;5231923.0;47165.0;189694082.0;1.0;21.0;3.0;-28.0;-8.0;11.0
22/02/2022;ID;57491.0;309488.0;5289414.0;191776.0;189885858.0;1.0;22.0;5.0;-27.0;-9.0;10.0
23/02/2022;ID;61488.0;288027.0;5350902.0;207044.0;190092902.0;2.0;23.0;11.0;-26.0;-7.0;11.0
24/02/2022;ID;57426.0;275753.0;5408328.0;217607.0;190310509.0;3.0;25.0;12.0;-25.0;-6.0;11.0
25/02/2022;ID;49447.0;293186.0;5457775.0;220605.0;190531114.0;2.0;27.0;6.0;-22.0;-3.0;12.0
26/02/2022;ID;46643.0;194731.0;5504418.0;141174.0;190672288.0;1.0;29.0;3.0;-12.0;6.0;9.0
27/02/2022;ID;34976.0;137569.0;5539394.0;269.0;190672557.0;6.0;30.0;21.0;-16.0;7.0;8.0
28/02/2022;ID;25054.0;202005.0;5564448.0;297042.0;190969599.0;12.0;32.0;47.0;-19.0;-53.0;17.0
01/03/2022;ID;24728.0;260074.0;5589176.0;7235.0;190976834.0;5.0;32.0;14.0;-20.0;-6.0;10.0
02/03/2022;ID;40920.0;213765.0;5630096.0;680.0;190977514.0;8.0;35.0;21.0;-18.0;-6.0;9.0
03/03/2022;ID;37259.0;193981.0;5667355.0;132895.0;191110409.0;11.0;33.0;44.0;-22.0;-49.0;18.0
04/03/2022;ID;26347.0;216438.0;5693702.0;521033.0;191631442.0;6.0;29.0;23.0;-23.0;0.0;13.0
05/03/2022;ID;30156.0;205542.0;5723858.0;203986.0;191835428.0;2.0;26.0;11.0;-19.0;8.0;12.0
06/03/2022;ID;24867.0;215396.0;5748725.0;168062.0;192003490.0;4.0;27.0;17.0;-16.0;13.0;11.0
07/03/2022;ID;21380.0;227256.0;5770105.0;65273.0;192068763.0;4.0;24.0;21.0;-22.0;1.0;13.0
08/03/2022;ID;30148.0;184324.0;5800253.0;194941.0;192263704.0;4.0;25.0;28.0;-21.0;2.0;13.0
09/03/2022;ID;26336.0;137764.0;5826589.0;148944.0;192412648.0;6.0;27.0;33.0;-21.0;3.0;14.0
10/03/2022;ID;21311.0;79781.0;5847900.0;364313.0;192776961.0;7.0;28.0;36.0;-20.0;6.0;15.0
11/03/2022;ID;16110.0;99218.0;5864010.0;237353.0;193014314.0;6.0;26.0;31.0;-20.0;9.0;17.0
12/03/2022;ID;14900.0;100178.0;5878910.0;215164.0;193229478.0;5.0;28.0;25.0;-14.0;17.0;14.0
13/03/2022;ID;11585.0;119807.0;5890495.0;171016.0;193400494.0;5.0;27.0;28.0;-13.0;20.0;14.0
14/03/2022;ID;9629.0;148036.0;5900124.0;73543.0;193474037.0;6.0;24.0;38.0;-20.0;8.0;16.0
15/03/2022;ID;14408.0;132159.0;5914532.0;184827.0;193658864.0;6.0;26.0;37.0;-18.0;7.0;16.0
16/03/2022;ID;13018.0;125003.0;5927550.0;244613.0;193903477.0;9.0;30.0;43.0;-17.0;8.0;15.0
17/03/2022;ID;11532.0;115503.0;5939082.0;232651.0;194136128.0;8.0;28.0;43.0;-17.0;8.0;15.0
18/03/2022;ID;9528.0;99721.0;5948610.0;301391.0;194437519.0;6.0;24.0;33.0;-17.0;10.0;16.0
19/03/2022;ID;7951.0;77290.0;5956561.0;122093.0;194559612.0;6.0;28.0;28.0;-10.0;18.0;13.0
20/03/2022;ID;5922.0;103179.0;5962483.0;0.0;194559612.0;5.0;27.0;31.0;-10.0;21.0;14.0
21/03/2022;ID;4699.0;;5967182.0;225881.0;194785493.0;8.0;26.0;42.0;-16.0;9.0;15.0
22/03/2022;ID;7464.0;;5974646.0;121407.0;194906900.0;7.0;25.0;42.0;-15.0;8.0;15.0
23/03/2022;ID;6376.0;;5981022.0;322631.0;195229531.0;8.0;27.0;45.0;-15.0;8.0;15.0
24/03/2022;ID;5808.0;;5986830.0;137294.0;195366825.0;11.0;30.0;47.0;-12.0;10.0;14.0
25/03/2022;ID;4857.0;;5991687.0;166512.0;195533337.0;11.0;32.0;42.0;-10.0;11.0;15.0
26/03/2022;ID;4189.0;;5995876.0;185728.0;195719065.0;8.0;30.0;34.0;-4.0;18.0;12.0
27/03/2022;ID;3077.0;;5998953.0;170150.0;195889215.0;11.0;32.0;42.0;-1.0;22.0;11.0
28/03/2022;ID;2798.0;;6001751.0;68824.0;195958039.0;12.0;32.0;50.0;-9.0;9.0;14.0
29/03/2022;ID;3895.0;;6005646.0;282832.0;196240871.0;12.0;32.0;50.0;-9.0;8.0;14.0
30/03/2022;ID;3840.0;;6009486.0;113796.0;196354667.0;16.0;36.0;57.0;-8.0;8.0;13.0
31/03/2022;ID;3332.0;;6012818.0;179599.0;196534266.0;18.0;40.0;56.0;-5.0;8.0;12.0
01/04/2022;ID;2930.0;;6015748.0;184834.0;196719100.0;17.0;44.0;49.0;-6.0;3.0;14.0
02/04/2022;ID;2300.0;;6018048.0;131237.0;196850337.0;6.0;42.0;19.0;-14.0;3.0;16.0
03/04/2022;ID;1933.0;;6019981.0;21872.0;196872209.0;-21.0;8.0;-15.0;-35.0;7.0;22.0
04/04/2022;ID;1661.0;;6021642.0;7907.0;196880116.0;-2.0;25.0;31.0;-22.0;-3.0;19.0
05/04/2022;ID;2282.0;;6023924.0;39.0;196880155.0;-4.0;20.0;27.0;-23.0;1.0;19.0
06/04/2022;ID;2400.0;;6026324.0;227752.0;197107907.0;0.0;24.0;32.0;-23.0;5.0;18.0
07/04/2022;ID;2089.0;;6028413.0;108988.0;197216895.0;1.0;24.0;31.0;-22.0;8.0;17.0
08/04/2022;ID;1755.0;;6030168.0;96668.0;197313563.0;0.0;21.0;24.0;-24.0;11.0;18.0
09/04/2022;ID;1468.0;;6031636.0;90829.0;197404392.0;-1.0;23.0;8.0;-23.0;18.0;17.0
10/04/2022;ID;1071.0;;6032707.0;89019.0;197493411.0;-2.0;22.0;1.0;-24.0;24.0;18.0
11/04/2022;ID;1196.0;;6033903.0;47031.0;197540442.0;3.0;23.0;35.0;-22.0;9.0;17.0
12/04/2022;ID;1455.0;;6035358.0;119894.0;197660336.0;4.0;25.0;35.0;-19.0;8.0;17.0
13/04/2022;ID;1551.0;;6036909.0;55216.0;197715552.0;6.0;26.0;37.0;-19.0;8.0;17.0
14/04/2022;ID;833.0;;6037742.0;195213.0;197910765.0;11.0;32.0;40.0;-10.0;9.0;15.0
15/04/2022;ID;922.0;;6038664.0;101354.0;198012119.0;10.0;27.0;37.0;-23.0;-41.0;25.0
16/04/2022;ID;602.0;;6039266.0;87890.0;198100009.0;3.0;25.0;14.0;-20.0;14.0;17.0
17/04/2022;ID;607.0;;6039873.0;91829.0;198191838.0;3.0;25.0;6.0;-16.0;26.0;17.0
18/04/2022;ID;559.0;;6040432.0;56228.0;198248066.0;7.0;27.0;36.0;-17.0;8.0;17.0
19/04/2022;ID;837.0;;6041269.0;103372.0;198351438.0;3.0;23.0;28.0;-17.0;7.0;17.0
20/04/2022;ID;741.0;;6042010.0;127225.0;198478663.0;11.0;35.0;37.0;-14.0;7.0;16.0
21/04/2022;ID;585.0;;6042595.0;118342.0;198597005.0;13.0;36.0;39.0;-12.0;8.0;16.0
22/04/2022;ID;651.0;;6043246.0;142661.0;198739666.0;10.0;31.0;32.0;-15.0;11.0;17.0
23/04/2022;ID;522.0;;6043768.0;91448.0;198831114.0;13.0;40.0;17.0;-5.0;19.0;14.0
24/04/2022;ID;382.0;;6044150.0;69208.0;198900322.0;15.0;41.0;10.0;-5.0;29.0;15.0
25/04/2022;ID;317.0;;6044467.0;46039.0;198946361.0;20.0;43.0;47.0;-7.0;3.0;16.0
26/04/2022;ID;576.0;;6045043.0;93272.0;199039633.0;25.0;53.0;53.0;1.0;1.0;15.0
27/04/2022;ID;617.0;;6045660.0;74081.0;199113714.0;26.0;52.0;56.0;4.0;-2.0;15.0
28/04/2022;ID;412.0;;6046072.0;78179.0;199191893.0;33.0;67.0;64.0;16.0;-6.0;14.0
29/04/2022;ID;395.0;;6046467.0;104265.0;199296158.0;34.0;68.0;66.0;13.0;-31.0;18.0
30/04/2022;ID;329.0;;6046796.0;50370.0;199346528.0;24.0;65.0;43.0;15.0;-17.0;15.0
01/05/2022;ID;244.0;;6047040.0;0.0;199346528.0;22.0;74.0;44.0;3.0;3.0;14.0
02/05/2022;ID;168.0;;6047208.0;0.0;199346528.0;21.0;38.0;142.0;-14.0;-71.0;15.0
03/05/2022;ID;107.0;;6047315.0;0.0;199346528.0;37.0;64.0;197.0;11.0;-71.0;13.0
04/05/2022;ID;176.0;;6047491.0;;;41.0;66.0;214.0;14.0;-64.0;13.0
05/05/2022;ID;250.0;;6047741.0;0.0;199346528.0;45.0;69.0;202.0;18.0;-58.0;14.0
06/05/2022;ID;245.0;;6047986.0;0.0;199346528.0;31.0;52.0;137.0;9.0;-51.0;18.0
07/05/2022;ID;218.0;;6048204.0;0.0;199346528.0;18.0;43.0;88.0;17.0;-26.0;12.0
08/05/2022;ID;227.0;;6048431.0;0.0;199346528.0;18.0;43.0;64.0;17.0;9.0;10.0
09/05/2022;ID;254.0;;6048685.0;0.0;199346528.0;24.0;42.0;85.0;4.0;-4.0;14.0
10/05/2022;ID;456.0;;6049141.0;6037.0;199352565.0;23.0;45.0;72.0;5.0;-3.0;14.0
11/05/2022;ID;400.0;;6049541.0;43289.0;199395854.0;22.0;43.0;69.0;0.0;0.0;14.0
12/05/2022;ID;335.0;;6049876.0;54813.0;199450667.0;20.0;40.0;63.0;-1.0;6.0;13.0
13/05/2022;ID;335.0;;6050211.0;62878.0;199513545.0;16.0;35.0;50.0;-4.0;9.0;14.0
14/05/2022;ID;308.0;;6050519.0;42913.0;199556458.0;13.0;36.0;46.0;6.0;14.0;12.0
15/05/2022;ID;257.0;;6050776.0;48035.0;199604493.0;16.0;35.0;64.0;6.0;18.0;11.0
16/05/2022;ID;182.0;;6050958.0;20913.0;199625406.0;25.0;38.0;105.0;2.0;-48.0;21.0
17/05/2022;ID;247.0;;6051205.0;19065.0;199644471.0;15.0;35.0;55.0;-1.0;7.0;13.0
18/05/2022;ID;327.0;;6051532.0;70974.0;199715445.0;14.0;33.0;54.0;-7.0;6.0;14.0
19/05/2022;ID;318.0;;6051850.0;26357.0;199741802.0;11.0;29.0;46.0;-9.0;7.0;14.0
20/05/2022;ID;250.0;;6052100.0;56909.0;199798711.0;9.0;27.0;39.0;-11.0;10.0;15.0
21/05/2022;ID;263.0;;6052363.0;45565.0;199844276.0;9.0;29.0;35.0;-7.0;16.0;13.0
22/05/2022;ID;227.0;;6052590.0;39277.0;199883553.0;11.0;30.0;42.0;-6.0;22.0;13.0
23/05/2022;ID;174.0;;6052764.0;33777.0;199917330.0;13.0;31.0;55.0;-10.0;8.0;14.0
24/05/2022;ID;345.0;;6053109.0;37740.0;199955070.0;11.0;30.0;52.0;-9.0;7.0;14.0
25/05/2022;ID;315.0;;6053424.0;60675.0;200015745.0;15.0;34.0;57.0;-4.0;6.0;13.0
26/05/2022;ID;246.0;;6053670.0;68335.0;200084080.0;18.0;33.0;76.0;-8.0;-44.0;22.0
27/05/2022;ID;224.0;;6053894.0;28782.0;200112862.0;12.0;30.0;46.0;-12.0;10.0;14.0
28/05/2022;ID;279.0;;6054173.0;50664.0;200163526.0;11.0;31.0;41.0;-8.0;16.0;13.0
29/05/2022;ID;242.0;;6054415.0;34662.0;200198188.0;10.0;29.0;40.0;-4.0;24.0;13.0
30/05/2022;ID;218.0;;6054633.0;3994.0;200202182.0;13.0;31.0;53.0;-11.0;10.0;14.0
31/05/2022;ID;340.0;;6054973.0;65226.0;200267408.0;14.0;34.0;53.0;-8.0;9.0;12.0
01/06/2022;ID;368.0;;6055341.0;60417.0;200327825.0;23.0;41.0;88.0;-12.0;-44.0;22.0
02/06/2022;ID;304.0;;6055645.0;;;12.0;34.0;48.0;-11.0;11.0;14.0
03/06/2022;ID;372.0;;6056017.0;66963.0;200394788.0;13.0;34.0;45.0;-11.0;13.0;14.0
04/06/2022;ID;395.0;;6056412.0;;;10.0;33.0;37.0;-8.0;18.0;13.0
05/06/2022;ID;388.0;;6056800.0;;;8.0;30.0;37.0;-8.0;23.0;14.0
06/06/2022;ID;342.0;;6057142.0;;;11.0;30.0;46.0;-12.0;10.0;15.0
07/06/2022;ID;518.0;;6057660.0;257250.0;200652038.0;14.0;35.0;52.0;-9.0;8.0;14.0
08/06/2022;ID;520.0;;6058180.0;;;13.0;32.0;53.0;-11.0;8.0;15.0
09/06/2022;ID;556.0;;6058736.0;;;12.0;31.0;50.0;-11.0;9.0;15.0
10/06/2022;ID;627.0;;6059363.0;;;12.0;31.0;43.0;-10.0;13.0;15.0
11/06/2022;ID;574.0;;6059937.0;;;10.0;31.0;36.0;-8.0;19.0;13.0
12/06/2022;ID;551.0;;6060488.0;;;9.0;29.0;37.0;-6.0;24.0;14.0
13/06/2022;ID;591.0;;6061079.0;;;11.0;29.0;47.0;-11.0;9.0;15.0
14/06/2022;ID;930.0;;6062009.0;;;12.0;30.0;50.0;-9.0;8.0;15.0
15/06/2022;ID;1242.0;;6063251.0;348522.0;201000560.0;12.0;31.0;52.0;-9.0;7.0;15.0
16/06/2022;ID;1173.0;;6064424.0;;;12.0;31.0;48.0;-9.0;8.0;15.0
17/06/2022;ID;1220.0;;6065644.0;;;8.0;26.0;37.0;-11.0;9.0;16.0
18/06/2022;ID;1264.0;;6066908.0;;;9.0;30.0;38.0;-6.0;17.0;13.0
19/06/2022;ID;1167.0;;6068075.0;;;9.0;29.0;41.0;-6.0;25.0;14.0
20/06/2022;ID;1180.0;;6069255.0;;;13.0;31.0;56.0;-8.0;5.0;15.0
21/06/2022;ID;1678.0;;6070933.0;222671.0;201223231.0;12.0;30.0;56.0;-7.0;4.0;15.0
22/06/2022;ID;1985.0;;6072918.0;;;12.0;30.0;57.0;-7.0;3.0;15.0
23/06/2022;ID;1907.0;;6074825.0;;;12.0;30.0;52.0;-7.0;4.0;16.0
24/06/2022;ID;2069.0;;6076894.0;;;11.0;29.0;45.0;-7.0;6.0;16.0
25/06/2022;ID;1831.0;;6078725.0;;;11.0;32.0;42.0;-2.0;16.0;13.0
26/06/2022;ID;1726.0;;6080451.0;;;8.0;27.0;40.0;-1.0;24.0;14.0
27/06/2022;ID;1445.0;;6081896.0;;;13.0;31.0;59.0;-5.0;0.0;16.0
28/06/2022;ID;2167.0;;6084063.0;;;14.0;33.0;61.0;-3.0;-1.0;15.0
29/06/2022;ID;2149.0;;6086212.0;;;16.0;34.0;63.0;-3.0;-1.0;15.0
30/06/2022;ID;2248.0;;6088460.0;;;18.0;39.0;60.0;-1.0;1.0;15.0
01/07/2022;ID;2049.0;;6090509.0;;;17.0;40.0;54.0;-1.0;2.0;15.0
02/07/2022;ID;1794.0;;6092303.0;;;16.0;41.0;50.0;6.0;11.0;12.0
03/07/2022;ID;1614.0;;6093917.0;;;17.0;39.0;51.0;7.0;24.0;12.0
04/07/2022;ID;1434.0;;6095351.0;;;19.0;39.0;67.0;0.0;-1.0;15.0
05/07/2022;ID;2577.0;;6097928.0;;;17.0;39.0;63.0;1.0;-2.0;15.0
06/07/2022;ID;2743.0;;6100671.0;;;20.0;39.0;66.0;0.0;-1.0;15.0
07/07/2022;ID;2881.0;;6103552.0;;;22.0;43.0;65.0;3.0;0.0;14.0
08/07/2022;ID;2472.0;;6106024.0;;;19.0;43.0;54.0;3.0;1.0;15.0
09/07/2022;ID;2705.0;;6108729.0;;;12.0;42.0;45.0;-5.0;-17.0;17.0
10/07/2022;ID;2576.0;;6111305.0;;;-2.0;19.0;31.0;-14.0;4.0;15.0
11/07/2022;ID;1681.0;;6112986.0;;;17.0;39.0;70.0;-2.0;-3.0;14.0
12/07/2022;ID;3361.0;;6116347.0;579736.0;201802967.0;15.0;37.0;64.0;0.0;0.0;14.0
13/07/2022;ID;3822.0;;6120169.0;;;15.0;35.0;62.0;-3.0;2.0;14.0
14/07/2022;ID;3584.0;;6123753.0;;;17.0;37.0;60.0;-2.0;4.0;14.0
15/07/2022;ID;3331.0;;6127084.0;;;12.0;29.0;47.0;-5.0;7.0;15.0
16/07/2022;ID;4329.0;;6131413.0;;;10.0;32.0;37.0;-3.0;13.0;14.0
17/07/2022;ID;3540.0;;6134953.0;;;15.0;39.0;40.0;2.0;25.0;13.0
18/07/2022;ID;3393.0;;6138346.0;;;14.0;34.0;53.0;-8.0;9.0;14.0
19/07/2022;ID;5085.0;;6143431.0;212776.0;202015743.0;14.0;34.0;56.0;-7.0;11.0;17.0
20/07/2022;ID;5653.0;;6149084.0;;;14.0;35.0;55.0;-8.0;10.0;14.0
21/07/2022;ID;5410.0;;6154494.0;;;13.0;33.0;51.0;-8.0;12.0;14.0
22/07/2022;ID;4834.0;;6159328.0;;;11.0;29.0;44.0;-9.0;15.0;15.0
23/07/2022;ID;4943.0;;6164271.0;;;11.0;32.0;39.0;-5.0;20.0;13.0
24/07/2022;ID;4071.0;;6168342.0;;;8.0;28.0;34.0;-7.0;22.0;14.0
25/07/2022;ID;4048.0;;6172390.0;;;11.0;32.0;43.0;-10.0;11.0;15.0
26/07/2022;ID;6483.0;;6178873.0;252985.0;202268728.0;13.0;34.0;50.0;-8.0;12.0;14.0
27/07/2022;ID;6438.0;;6185311.0;;;14.0;34.0;53.0;-8.0;12.0;14.0
28/07/2022;ID;6353.0;;6191664.0;;;16.0;38.0;52.0;-6.0;14.0;14.0
29/07/2022;ID;5831.0;;6197495.0;;;16.0;38.0;50.0;-3.0;16.0;13.0
30/07/2022;ID;5398.0;;6202893.0;;;15.0;37.0;57.0;0.0;-15.0;16.0
31/07/2022;ID;4205.0;;6207098.0;;;14.0;38.0;43.0;0.0;27.0;14.0
01/08/2022;ID;3696.0;;6210794.0;;;17.0;41.0;52.0;-7.0;15.0;14.0
02/08/2022;ID;5827.0;;6216621.0;294661.0;202563389.0;15.0;39.0;48.0;-7.0;14.0;14.0
03/08/2022;ID;6167.0;;6222788.0;;;15.0;38.0;50.0;-9.0;14.0;14.0
04/08/2022;ID;6527.0;;6229315.0;;;17.0;38.0;48.0;-8.0;15.0;14.0
05/08/2022;ID;5929.0;;6235244.0;;;17.0;38.0;46.0;-6.0;17.0;14.0
06/08/2022;ID;5455.0;;6240699.0;;;15.0;38.0;40.0;-3.0;21.0;13.0
07/08/2022;ID;4279.0;;6244978.0;;;14.0;37.0;38.0;-4.0;23.0;14.0
08/08/2022;ID;4425.0;;6249403.0;;;17.0;37.0;52.0;-8.0;15.0;14.0
09/08/2022;ID;6276.0;;6255679.0;249926.0;202813315.0;15.0;36.0;50.0;-8.0;14.0;14.0
10/08/2022;ID;5926.0;;6261605.0;;;16.0;38.0;53.0;-7.0;15.0;13.0
11/08/2022;ID;5532.0;;6267137.0;;;16.0;38.0;51.0;-7.0;17.0;14.0
12/08/2022;ID;6091.0;;6273228.0;;;12.0;31.0;43.0;-9.0;19.0;14.0
13/08/2022;ID;5104.0;;6278332.0;;;9.0;31.0;32.0;-5.0;23.0;14.0
14/08/2022;ID;4442.0;;6282774.0;;;11.0;33.0;34.0;-6.0;27.0;14.0
15/08/2022;ID;3588.0;;6286362.0;;;17.0;37.0;58.0;-8.0;17.0;16.0
16/08/2022;ID;5869.0;;6292231.0;;;17.0;38.0;58.0;-5.0;14.0;15.0
17/08/2022;ID;5253.0;;6297484.0;224565.0;203037880.0;22.0;38.0;103.0;-17.0;-37.0;25.0
18/08/2022;ID;4039.0;;6301523.0;;;17.0;39.0;58.0;-8.0;16.0;17.0
19/08/2022;ID;5163.0;;6306686.0;;;14.0;33.0;51.0;-10.0;19.0;18.0
20/08/2022;ID;4922.0;;6311608.0;;;12.0;34.0;41.0;-8.0;24.0;17.0
21/08/2022;ID;3949.0;;6315557.0;;;9.0;30.0;36.0;-9.0;26.0;18.0
22/08/2022;ID;3300.0;;6318857.0;;;14.0;34.0;54.0;-9.0;17.0;17.0
23/08/2022;ID;4858.0;;6323715.0;;;13.0;33.0;52.0;-9.0;16.0;17.0
24/08/2022;ID;5428.0;;6329143.0;;;14.0;34.0;55.0;-9.0;16.0;17.0
25/08/2022;ID;5214.0;;6334357.0;;;16.0;38.0;52.0;-7.0;18.0;17.0
26/08/2022;ID;4549.0;;6338906.0;;;15.0;35.0;47.0;-7.0;21.0;17.0
27/08/2022;ID;4170.0;;6343076.0;;;14.0;36.0;40.0;-4.0;24.0;16.0
28/08/2022;ID;3228.0;;6346304.0;397494.0;203435374.0;13.0;35.0;39.0;-4.0;26.0;16.0
29/08/2022;ID;2871.0;;6349175.0;;;14.0;33.0;47.0;-9.0;17.0;17.0
30/08/2022;ID;5070.0;;6354245.0;;;13.0;34.0;46.0;-9.0;17.0;15.0
31/08/2022;ID;4563.0;;6358808.0;;;16.0;38.0;48.0;-8.0;17.0;15.0
01/09/2022;ID;4094.0;;6362902.0;;;18.0;41.0;46.0;-6.0;18.0;13.0
02/09/2022;ID;3616.0;;6366518.0;;;17.0;38.0;44.0;-6.0;20.0;14.0
03/09/2022;ID;3260.0;;6369778.0;;;16.0;40.0;40.0;-2.0;22.0;12.0
04/09/2022;ID;2764.0;;6372542.0;;;16.0;38.0;40.0;-1.0;23.0;13.0
05/09/2022;ID;2340.0;;6374882.0;;;16.0;37.0;47.0;-8.0;18.0;13.0
06/09/2022;ID;3607.0;;6378489.0;;;14.0;35.0;47.0;-8.0;17.0;13.0
07/09/2022;ID;3513.0;;6382002.0;;;14.0;33.0;49.0;-8.0;18.0;14.0
08/09/2022;ID;3138.0;;6385140.0;;;15.0;33.0;43.0;-8.0;18.0;14.0
09/09/2022;ID;2804.0;;6387944.0;;;12.0;28.0;37.0;-8.0;21.0;14.0
10/09/2022;ID;2609.0;;6390553.0;;;12.0;32.0;32.0;-6.0;23.0;13.0
11/09/2022;ID;1939.0;;6392492.0;;;15.0;35.0;37.0;-3.0;25.0;14.0
12/09/2022;ID;1848.0;;6394340.0;;;16.0;33.0;48.0;-8.0;20.0;14.0
13/09/2022;ID;2896.0;;6397236.0;446977.0;203882351.0;;;;;;
14/09/2022;ID;2799.0;;6400035.0;;;;;;;;
15/09/2022;ID;2651.0;;6402686.0;;;;;;;;
01/01/2020;IN;0.0;;0.0;;;;;;;;
02/01/2020;IN;0.0;;0.0;;;;;;;;
03/01/2020;IN;0.0;;0.0;;;;;;;;
04/01/2020;IN;0.0;;0.0;;;;;;;;
05/01/2020;IN;0.0;;0.0;;;;;;;;
06/01/2020;IN;0.0;;0.0;;;;;;;;
07/01/2020;IN;0.0;;0.0;;;;;;;;
08/01/2020;IN;0.0;;0.0;;;;;;;;
09/01/2020;IN;0.0;;0.0;;;;;;;;
10/01/2020;IN;0.0;;0.0;;;;;;;;
11/01/2020;IN;0.0;;0.0;;;;;;;;
12/01/2020;IN;0.0;;0.0;;;;;;;;
13/01/2020;IN;0.0;;0.0;;;;;;;;
14/01/2020;IN;0.0;;0.0;;;;;;;;
15/01/2020;IN;0.0;;0.0;;;;;;;;
16/01/2020;IN;0.0;;0.0;;;;;;;;
17/01/2020;IN;0.0;;0.0;;;;;;;;
18/01/2020;IN;0.0;;0.0;;;;;;;;
19/01/2020;IN;0.0;;0.0;;;;;;;;
20/01/2020;IN;0.0;;0.0;;;;;;;;
21/01/2020;IN;0.0;;0.0;;;;;;;;
22/01/2020;IN;0.0;;0.0;;;;;;;;
23/01/2020;IN;0.0;;0.0;;;;;;;;
24/01/2020;IN;0.0;;0.0;;;;;;;;
25/01/2020;IN;0.0;;0.0;;;;;;;;
26/01/2020;IN;0.0;;0.0;;;;;;;;
27/01/2020;IN;0.0;;0.0;;;;;;;;
28/01/2020;IN;1.0;;1.0;;;;;;;;
29/01/2020;IN;4.0;;5.0;;;;;;;;
30/01/2020;IN;0.0;;5.0;;;;;;;;
31/01/2020;IN;-3.0;;2.0;;;;;;;;
01/02/2020;IN;1.0;;3.0;;;;;;;;
02/02/2020;IN;4.0;;7.0;;;;;;;;
03/02/2020;IN;0.0;;7.0;;;;;;;;
04/02/2020;IN;0.0;;7.0;;;;;;;;
05/02/2020;IN;0.0;;7.0;;;;;;;;
06/02/2020;IN;0.0;;7.0;;;;;;;;
07/02/2020;IN;0.0;;7.0;;;;;;;;
08/02/2020;IN;0.0;;7.0;;;;;;;;
09/02/2020;IN;0.0;;7.0;;;;;;;;
10/02/2020;IN;0.0;;7.0;;;;;;;;
11/02/2020;IN;0.0;;7.0;;;;;;;;
12/02/2020;IN;0.0;;7.0;;;;;;;;
13/02/2020;IN;0.0;;7.0;;;;;;;;
14/02/2020;IN;0.0;;7.0;;;;;;;;
15/02/2020;IN;0.0;;7.0;;;1.0;2.0;3.0;3.0;5.0;0.0
16/02/2020;IN;0.0;;7.0;;;2.0;2.0;3.0;2.0;0.0;0.0
17/02/2020;IN;0.0;;7.0;;;-1.0;1.0;3.0;1.0;4.0;0.0
18/02/2020;IN;0.0;;7.0;;;0.0;2.0;4.0;2.0;3.0;0.0
19/02/2020;IN;0.0;;7.0;;;0.0;2.0;1.0;1.0;4.0;1.0
20/02/2020;IN;0.0;;7.0;;;1.0;3.0;5.0;5.0;4.0;-1.0
21/02/2020;IN;0.0;;7.0;;;-4.0;0.0;6.0;-4.0;-19.0;5.0
22/02/2020;IN;0.0;;7.0;;;-2.0;-2.0;4.0;-2.0;-2.0;1.0
23/02/2020;IN;0.0;;7.0;;;-2.0;-1.0;1.0;0.0;2.0;1.0
24/02/2020;IN;0.0;;7.0;;;-1.0;0.0;2.0;1.0;4.0;0.0
25/02/2020;IN;0.0;;7.0;;;-1.0;-2.0;3.0;1.0;1.0;0.0
26/02/2020;IN;0.0;;7.0;;;0.0;0.0;1.0;3.0;3.0;-1.0
27/02/2020;IN;0.0;;7.0;;;-1.0;-1.0;3.0;1.0;4.0;0.0
28/02/2020;IN;0.0;;7.0;;;0.0;1.0;3.0;1.0;5.0;0.0
29/02/2020;IN;-2.0;;5.0;;;-2.0;-1.0;-1.0;0.0;8.0;0.0
01/03/2020;IN;4.0;;9.0;;;1.0;4.0;1.0;0.0;3.0;1.0
02/03/2020;IN;19.0;;28.0;;;0.0;2.0;3.0;0.0;5.0;0.0
03/03/2020;IN;1.0;;29.0;;;-1.0;2.0;3.0;0.0;4.0;0.0
04/03/2020;IN;2.0;;31.0;;;0.0;5.0;1.0;3.0;7.0;0.0
05/03/2020;IN;3.0;;34.0;;;-1.0;3.0;3.0;2.0;5.0;0.0
06/03/2020;IN;5.0;;39.0;;;-1.0;2.0;0.0;3.0;5.0;1.0
07/03/2020;IN;5.0;;44.0;;;0.0;6.0;2.0;5.0;7.0;0.0
08/03/2020;IN;6.0;;50.0;;;2.0;9.0;2.0;3.0;6.0;0.0
09/03/2020;IN;10.0;;60.0;;;-1.0;6.0;4.0;-6.0;-12.0;3.0
10/03/2020;IN;13.0;;73.0;;;-19.0;-23.0;-4.0;-22.0;-44.0;11.0
11/03/2020;IN;8.0;;81.0;;;-5.0;-1.0;-2.0;-1.0;-5.0;1.0
12/03/2020;IN;3.0;;84.0;;;-3.0;1.0;2.0;0.0;0.0;0.0
13/03/2020;IN;23.0;;107.0;;;-5.0;1.0;0.0;-2.0;0.0;1.0
14/03/2020;IN;7.0;;114.0;;;-11.0;-3.0;-6.0;-8.0;-6.0;4.0
15/03/2020;IN;23.0;;137.0;;;-11.0;-1.0;-6.0;-7.0;2.0;3.0
16/03/2020;IN;14.0;;151.0;;;-8.0;2.0;-1.0;-6.0;-4.0;3.0
17/03/2020;IN;22.0;;173.0;;;-11.0;0.0;-2.0;-9.0;-8.0;3.0
18/03/2020;IN;50.0;191.0;223.0;;;-12.0;1.0;-6.0;-10.0;-8.0;4.0
19/03/2020;IN;60.0;1060.0;283.0;;;-16.0;1.0;-7.0;-14.0;-11.0;5.0
20/03/2020;IN;77.0;1325.0;360.0;;;-22.0;1.0;-13.0;-18.0;-15.0;7.0
21/03/2020;IN;74.0;1298.0;434.0;;;-34.0;-4.0;-23.0;-25.0;-18.0;8.0
22/03/2020;IN;85.0;3708.0;519.0;;;-78.0;-76.0;-58.0;-70.0;-49.0;21.0
23/03/2020;IN;87.0;157.0;606.0;;;-54.0;-27.0;-35.0;-52.0;-50.0;20.0
24/03/2020;IN;43.0;4280.0;649.0;;;-68.0;-48.0;-44.0;-64.0;-65.0;25.0
25/03/2020;IN;75.0;;724.0;;;-77.0;-64.0;-53.0;-73.0;-72.0;30.0
26/03/2020;IN;185.0;;909.0;;;-76.0;-64.0;-51.0;-73.0;-70.0;30.0
27/03/2020;IN;70.0;;979.0;;;-77.0;-64.0;-52.0;-73.0;-70.0;31.0
28/03/2020;IN;92.0;;1071.0;;;-78.0;-65.0;-54.0;-73.0;-66.0;29.0
29/03/2020;IN;180.0;;1251.0;;;-77.0;-65.0;-57.0;-71.0;-47.0;22.0
30/03/2020;IN;386.0;;1637.0;;;-76.0;-63.0;-51.0;-74.0;-68.0;30.0
31/03/2020;IN;328.0;;1965.0;;;-75.0;-63.0;-50.0;-73.0;-68.0;29.0
01/04/2020;IN;336.0;;2301.0;;;-76.0;-64.0;-52.0;-73.0;-68.0;29.0
02/04/2020;IN;601.0;21294.0;2902.0;;;-76.0;-65.0;-51.0;-74.0;-69.0;30.0
03/04/2020;IN;472.0;10705.0;3374.0;;;-76.0;-62.0;-51.0;-73.0;-67.0;30.0
04/04/2020;IN;693.0;9584.0;4067.0;;;-77.0;-64.0;-53.0;-73.0;-61.0;28.0
05/04/2020;IN;354.0;11534.0;4421.0;;;-77.0;-65.0;-56.0;-71.0;-43.0;21.0
06/04/2020;IN;853.0;12947.0;5274.0;;;-76.0;-63.0;-50.0;-73.0;-68.0;30.0
07/04/2020;IN;591.0;13904.0;5865.0;;;-78.0;-53.0;-46.0;-67.0;-67.0;28.0
08/04/2020;IN;547.0;16991.0;6412.0;;;-78.0;-52.0;-48.0;-68.0;-67.0;29.0
09/04/2020;IN;1035.0;16420.0;7447.0;;;-78.0;-54.0;-48.0;-68.0;-68.0;30.0
10/04/2020;IN;909.0;18044.0;8356.0;;;-79.0;-53.0;-48.0;-69.0;-69.0;32.0
11/04/2020;IN;796.0;16374.0;9152.0;;;-80.0;-55.0;-52.0;-69.0;-64.0;30.0
12/04/2020;IN;1211.0;21806.0;10363.0;;;-79.0;-56.0;-54.0;-67.0;-44.0;22.0
13/04/2020;IN;1076.0;27339.0;11439.0;;;-78.0;-53.0;-48.0;-69.0;-66.0;31.0
14/04/2020;IN;941.0;29706.0;12380.0;;;-78.0;-55.0;-47.0;-69.0;-69.0;30.0
15/04/2020;IN;1007.0;28357.0;13387.0;;;-78.0;-51.0;-48.0;-66.0;-64.0;29.0
16/04/2020;IN;991.0;32167.0;14378.0;;;-85.0;-44.0;-60.0;-65.0;-65.0;30.0
17/04/2020;IN;1334.0;37000.0;15712.0;;;-85.0;-43.0;-60.0;-65.0;-65.0;31.0
18/04/2020;IN;1553.0;29463.0;17265.0;;;-87.0;-50.0;-66.0;-67.0;-60.0;28.0
19/04/2020;IN;1336.0;;18601.0;;;-86.0;-50.0;-68.0;-65.0;-42.0;22.0
20/04/2020;IN;1383.0;;19984.0;;;-86.0;-47.0;-62.0;-67.0;-63.0;30.0
21/04/2020;IN;1409.0;;21393.0;;;-85.0;-47.0;-62.0;-66.0;-64.0;29.0
22/04/2020;IN;1684.0;;23077.0;;;-86.0;-46.0;-63.0;-66.0;-63.0;29.0
23/04/2020;IN;1429.0;41247.0;24506.0;;;-86.0;-47.0;-62.0;-66.0;-64.0;30.0
24/04/2020;IN;1990.0;38168.0;26496.0;;;-85.0;-44.0;-63.0;-66.0;-63.0;30.0
25/04/2020;IN;1396.0;45352.0;27892.0;;;-86.0;-46.0;-65.0;-66.0;-59.0;29.0
26/04/2020;IN;1543.0;40510.0;29435.0;;;-86.0;-51.0;-68.0;-66.0;-41.0;22.0
27/04/2020;IN;1897.0;50914.0;31332.0;;;-85.0;-47.0;-62.0;-67.0;-62.0;31.0
28/04/2020;IN;1718.0;54031.0;33050.0;;;-85.0;-46.0;-61.0;-66.0;-63.0;28.0
29/04/2020;IN;1993.0;59437.0;35043.0;;;-85.0;-44.0;-62.0;-64.0;-61.0;29.0
30/04/2020;IN;2293.0;72453.0;37336.0;;;-84.0;-43.0;-60.0;-64.0;-61.0;29.0
01/05/2020;IN;2644.0;73709.0;39980.0;;;-85.0;-43.0;-62.0;-65.0;-64.0;30.0
02/05/2020;IN;2553.0;70087.0;42533.0;;;-85.0;-44.0;-64.0;-64.0;-54.0;27.0
03/05/2020;IN;3900.0;60783.0;46433.0;;;-85.0;-46.0;-67.0;-63.0;-37.0;21.0
04/05/2020;IN;2958.0;84713.0;49391.0;;;-81.0;-35.0;-60.0;-61.0;-56.0;27.0
05/05/2020;IN;3561.0;84835.0;52952.0;;;-81.0;-35.0;-60.0;-59.0;-56.0;26.0
06/05/2020;IN;3390.0;80632.0;56342.0;;;-79.0;-30.0;-60.0;-56.0;-54.0;25.0
07/05/2020;IN;3320.0;80375.0;59662.0;;;-79.0;-31.0;-59.0;-57.0;-56.0;26.0
08/05/2020;IN;3277.0;85425.0;62939.0;;;-79.0;-28.0;-59.0;-56.0;-52.0;26.0
09/05/2020;IN;4213.0;85824.0;67152.0;;;-80.0;-32.0;-62.0;-57.0;-49.0;25.0
10/05/2020;IN;3604.0;64651.0;70756.0;;;-82.0;-39.0;-65.0;-58.0;-32.0;19.0
11/05/2020;IN;3525.0;85891.0;74281.0;;;-78.0;-28.0;-58.0;-56.0;-50.0;25.0
12/05/2020;IN;3722.0;94671.0;78003.0;;;-78.0;-28.0;-57.0;-55.0;-52.0;24.0
13/05/2020;IN;3967.0;92791.0;81970.0;;;-77.0;-26.0;-58.0;-53.0;-49.0;23.0
14/05/2020;IN;3970.0;92911.0;85940.0;;;-77.0;-27.0;-57.0;-54.0;-49.0;23.0
15/05/2020;IN;4987.0;94325.0;90927.0;;;-76.0;-22.0;-56.0;-52.0;-48.0;23.0
16/05/2020;IN;5242.0;93365.0;96169.0;;;-77.0;-25.0;-59.0;-52.0;-41.0;22.0
17/05/2020;IN;4970.0;75150.0;101139.0;;;-79.0;-32.0;-63.0;-54.0;-27.0;17.0
18/05/2020;IN;5611.0;101475.0;106750.0;;;-74.0;-21.0;-56.0;-52.0;-45.0;22.0
19/05/2020;IN;5609.0;108121.0;112359.0;;;-73.0;-20.0;-56.0;-50.0;-46.0;21.0
20/05/2020;IN;6088.0;103532.0;118447.0;;;-72.0;-21.0;-57.0;-49.0;-44.0;21.0
21/05/2020;IN;6654.0;103514.0;125101.0;;;-72.0;-20.0;-56.0;-49.0;-44.0;21.0
22/05/2020;IN;6767.0;115364.0;131868.0;;;-72.0;-17.0;-56.0;-48.0;-42.0;21.0
23/05/2020;IN;6977.0;108623.0;138845.0;;;-72.0;-18.0;-59.0;-48.0;-37.0;19.0
24/05/2020;IN;6535.0;90170.0;145380.0;;;-76.0;-28.0;-61.0;-50.0;-24.0;15.0
25/05/2020;IN;6387.0;92528.0;151767.0;;;-71.0;-19.0;-55.0;-51.0;-51.0;22.0
26/05/2020;IN;6566.0;116041.0;158333.0;;;-70.0;-16.0;-54.0;-46.0;-42.0;19.0
27/05/2020;IN;7466.0;119976.0;165799.0;;;-69.0;-13.0;-55.0;-45.0;-39.0;19.0
28/05/2020;IN;7964.0;121702.0;173763.0;;;-69.0;-14.0;-54.0;-46.0;-40.0;19.0
29/05/2020;IN;8380.0;127761.0;182143.0;;;-69.0;-10.0;-54.0;-45.0;-38.0;19.0
30/05/2020;IN;8392.0;125428.0;190535.0;;;-69.0;-12.0;-58.0;-44.0;-29.0;17.0
31/05/2020;IN;8171.0;100180.0;198706.0;;;-73.0;-22.0;-61.0;-46.0;-16.0;14.0
01/06/2020;IN;8909.0;128868.0;207615.0;;;-65.0;-4.0;-53.0;-41.0;-35.0;17.0
02/06/2020;IN;9304.0;137158.0;216919.0;;;-65.0;-4.0;-53.0;-40.0;-37.0;16.0
03/06/2020;IN;9851.0;139485.0;226770.0;;;-65.0;-4.0;-54.0;-40.0;-35.0;17.0
04/06/2020;IN;9887.0;143661.0;236657.0;;;-64.0;-4.0;-53.0;-39.0;-35.0;16.0
05/06/2020;IN;9971.0;137938.0;246628.0;;;-62.0;-2.0;-52.0;-39.0;-34.0;17.0
06/06/2020;IN;9983.0;142069.0;256611.0;;;-63.0;-5.0;-55.0;-39.0;-26.0;15.0
07/06/2020;IN;9987.0;108048.0;266598.0;;;-67.0;-14.0;-58.0;-41.0;-14.0;12.0
08/06/2020;IN;9985.0;141682.0;276583.0;;;-59.0;2.0;-51.0;-38.0;-32.0;15.0
09/06/2020;IN;9996.0;145216.0;286579.0;;;-59.0;0.0;-51.0;-37.0;-34.0;15.0
10/06/2020;IN;10956.0;151808.0;297535.0;;;-58.0;2.0;-51.0;-35.0;-32.0;15.0
11/06/2020;IN;11458.0;150305.0;308993.0;;;-57.0;2.0;-49.0;-36.0;-33.0;15.0
12/06/2020;IN;11929.0;143737.0;320922.0;;;-57.0;6.0;-50.0;-36.0;-33.0;15.0
13/06/2020;IN;11502.0;151432.0;332424.0;;;-59.0;-1.0;-53.0;-37.0;-29.0;15.0
14/06/2020;IN;10667.0;115519.0;343091.0;;;-64.0;-12.0;-56.0;-39.0;-14.0;12.0
15/06/2020;IN;10974.0;146936.0;354065.0;;;-56.0;3.0;-49.0;-37.0;-33.0;15.0
16/06/2020;IN;12881.0;163187.0;366946.0;;;-57.0;1.0;-48.0;-37.0;-34.0;14.0
17/06/2020;IN;13586.0;165412.0;380532.0;;;-56.0;3.0;-50.0;-35.0;-33.0;14.0
18/06/2020;IN;14516.0;176959.0;395048.0;;;-57.0;-1.0;-49.0;-38.0;-34.0;15.0
19/06/2020;IN;15413.0;189869.0;410461.0;;;-57.0;1.0;-50.0;-38.0;-34.0;15.0
20/06/2020;IN;14821.0;190730.0;425282.0;;;-59.0;-4.0;-53.0;-38.0;-25.0;13.0
21/06/2020;IN;14933.0;143267.0;440215.0;;;-68.0;-25.0;-58.0;-47.0;-18.0;15.0
22/06/2020;IN;15968.0;187223.0;456183.0;;;-55.0;4.0;-49.0;-37.0;-34.0;15.0
23/06/2020;IN;16922.0;215195.0;473105.0;;;-56.0;3.0;-48.0;-36.0;-36.0;15.0
24/06/2020;IN;17296.0;207871.0;490401.0;;;-56.0;2.0;-50.0;-36.0;-33.0;14.0
25/06/2020;IN;18552.0;215446.0;508953.0;;;-58.0;-2.0;-49.0;-38.0;-34.0;15.0
26/06/2020;IN;19906.0;220479.0;528859.0;;;-58.0;1.0;-49.0;-38.0;-33.0;15.0
27/06/2020;IN;19459.0;231095.0;548318.0;;;-60.0;-5.0;-53.0;-39.0;-29.0;14.0
28/06/2020;IN;18522.0;170560.0;566840.0;;;-65.0;-17.0;-57.0;-42.0;-16.0;12.0
29/06/2020;IN;18653.0;210292.0;585493.0;;;-57.0;-1.0;-49.0;-39.0;-33.0;15.0
30/06/2020;IN;19148.0;217931.0;604641.0;;;-55.0;0.0;-48.0;-38.0;-35.0;14.0
01/07/2020;IN;20903.0;229588.0;625544.0;;;-56.0;0.0;-49.0;-38.0;-33.0;14.0
02/07/2020;IN;22771.0;241576.0;648315.0;;;-56.0;-2.0;-48.0;-39.0;-34.0;15.0
03/07/2020;IN;24850.0;242383.0;673165.0;;;-57.0;0.0;-49.0;-39.0;-33.0;16.0
04/07/2020;IN;24248.0;248934.0;697413.0;;;-59.0;-5.0;-53.0;-40.0;-26.0;14.0
05/07/2020;IN;22252.0;180596.0;719665.0;;;-68.0;-23.0;-57.0;-48.0;-20.0;14.0
06/07/2020;IN;22752.0;241430.0;742417.0;;;-56.0;-1.0;-49.0;-40.0;-33.0;15.0
07/07/2020;IN;24879.0;262679.0;767296.0;;;-56.0;-2.0;-48.0;-39.0;-35.0;15.0
08/07/2020;IN;26506.0;267061.0;793802.0;;;-56.0;-3.0;-50.0;-39.0;-32.0;15.0
09/07/2020;IN;27114.0;283659.0;820916.0;;;-57.0;-4.0;-49.0;-40.0;-33.0;15.0
10/07/2020;IN;28637.0;282511.0;849553.0;;;-57.0;-1.0;-50.0;-39.0;-33.0;16.0
11/07/2020;IN;28701.0;280151.0;878254.0;;;-61.0;-12.0;-54.0;-43.0;-32.0;16.0
12/07/2020;IN;28498.0;219103.0;906752.0;;;-71.0;-30.0;-58.0;-51.0;-22.0;15.0
13/07/2020;IN;29429.0;286247.0;936181.0;;;-55.0;0.0;-49.0;-40.0;-33.0;15.0
14/07/2020;IN;32695.0;320161.0;968876.0;;;-58.0;-5.0;-49.0;-41.0;-36.0;16.0
15/07/2020;IN;34956.0;326826.0;1003832.0;;;-59.0;-9.0;-51.0;-41.0;-34.0;17.0
16/07/2020;IN;34884.0;333228.0;1038716.0;;;-59.0;-10.0;-50.0;-42.0;-35.0;17.0
17/07/2020;IN;38902.0;361024.0;1077618.0;;;-59.0;-7.0;-50.0;-41.0;-34.0;17.0
18/07/2020;IN;40425.0;358127.0;1118043.0;;;-64.0;-18.0;-54.0;-44.0;-30.0;17.0
19/07/2020;IN;37148.0;256039.0;1155191.0;;;-71.0;-32.0;-58.0;-51.0;-23.0;15.0
20/07/2020;IN;37724.0;333395.0;1192915.0;;;-58.0;-9.0;-50.0;-43.0;-36.0;17.0
21/07/2020;IN;45720.0;343243.0;1238635.0;;;-59.0;-11.0;-50.0;-42.0;-37.0;17.0
22/07/2020;IN;49310.0;350823.0;1287945.0;;;-57.0;-6.0;-51.0;-39.0;-33.0;16.0
23/07/2020;IN;48916.0;352801.0;1336861.0;;;-59.0;-13.0;-51.0;-43.0;-36.0;17.0
24/07/2020;IN;48661.0;420898.0;1385522.0;;;-57.0;-4.0;-48.0;-39.0;-32.0;16.0
25/07/2020;IN;49931.0;442263.0;1435453.0;;;-64.0;-21.0;-54.0;-45.0;-33.0;18.0
26/07/2020;IN;47703.0;515472.0;1483156.0;;;-70.0;-31.0;-57.0;-49.0;-22.0;15.0
27/07/2020;IN;48513.0;528082.0;1531669.0;;;-56.0;-6.0;-48.0;-39.0;-33.0;16.0
28/07/2020;IN;52123.0;408855.0;1583792.0;;;-57.0;-9.0;-49.0;-39.0;-35.0;16.0
29/07/2020;IN;55078.0;446642.0;1638870.0;;;-57.0;-10.0;-51.0;-40.0;-35.0;16.0
30/07/2020;IN;57118.0;642588.0;1695988.0;;;-54.0;-1.0;-47.0;-37.0;-33.0;15.0
31/07/2020;IN;54735.0;525689.0;1750723.0;;;-54.0;0.0;-47.0;-37.0;-34.0;16.0
01/08/2020;IN;52972.0;463172.0;1803695.0;;;-59.0;-13.0;-51.0;-41.0;-36.0;16.0
02/08/2020;IN;52050.0;381027.0;1855745.0;;;-61.0;-16.0;-54.0;-42.0;-19.0;12.0
03/08/2020;IN;52509.0;661892.0;1908254.0;;;-55.0;-6.0;-45.0;-39.0;-47.0;15.0
04/08/2020;IN;56282.0;619652.0;1964536.0;;;-55.0;-8.0;-48.0;-39.0;-36.0;14.0
05/08/2020;IN;62538.0;664949.0;2027074.0;;;-54.0;-18.0;-56.0;-43.0;-34.0;15.0
06/08/2020;IN;61537.0;639042.0;2088611.0;;;-51.0;-11.0;-53.0;-39.0;-32.0;14.0
07/08/2020;IN;64399.0;598778.0;2153010.0;;;-50.0;-5.0;-51.0;-37.0;-29.0;12.0
08/08/2020;IN;62064.0;719364.0;2215074.0;;;-56.0;-19.0;-57.0;-43.0;-29.0;14.0
09/08/2020;IN;53601.0;477023.0;2268675.0;;;-62.0;-29.0;-59.0;-45.0;-15.0;11.0
10/08/2020;IN;60963.0;698290.0;2329638.0;;;-46.0;-2.0;-51.0;-36.0;-30.0;12.0
11/08/2020;IN;66999.0;733449.0;2396637.0;;;-48.0;-6.0;-51.0;-37.0;-34.0;13.0
12/08/2020;IN;64553.0;830391.0;2461190.0;;;-49.0;-10.0;-53.0;-39.0;-36.0;15.0
13/08/2020;IN;65002.0;848728.0;2526192.0;;;-50.0;-12.0;-52.0;-39.0;-32.0;14.0
14/08/2020;IN;63490.0;868679.0;2589682.0;;;-47.0;-4.0;-51.0;-35.0;-29.0;13.0
15/08/2020;IN;57981.0;746608.0;2647663.0;;;-56.0;-20.0;-55.0;-43.0;-42.0;16.0
16/08/2020;IN;55079.0;731697.0;2702742.0;;;-61.0;-28.0;-59.0;-45.0;-15.0;11.0
17/08/2020;IN;64531.0;899864.0;2767273.0;;;-46.0;-4.0;-50.0;-35.0;-28.0;12.0
18/08/2020;IN;69652.0;801518.0;2836925.0;;;-47.0;-5.0;-49.0;-35.0;-29.0;12.0
19/08/2020;IN;68898.0;918470.0;2905823.0;;;-47.0;-5.0;-51.0;-34.0;-28.0;13.0
20/08/2020;IN;69878.0;805985.0;2975701.0;;;-49.0;-10.0;-52.0;-37.0;-31.0;13.0
21/08/2020;IN;69239.0;1023836.0;3044940.0;;;-47.0;-2.0;-51.0;-34.0;-30.0;14.0
22/08/2020;IN;61408.0;801147.0;3106348.0;;;-56.0;-19.0;-55.0;-40.0;-34.0;15.0
23/08/2020;IN;60975.0;609917.0;3167323.0;;;-61.0;-29.0;-57.0;-43.0;-14.0;11.0
24/08/2020;IN;67151.0;925383.0;3234474.0;;;-45.0;-2.0;-48.0;-33.0;-28.0;12.0
25/08/2020;IN;75760.0;823992.0;3310234.0;;;-45.0;-4.0;-48.0;-33.0;-29.0;12.0
26/08/2020;IN;77266.0;924998.0;3387500.0;;;-46.0;-4.0;-50.0;-32.0;-26.0;12.0
27/08/2020;IN;76472.0;901338.0;3463972.0;;;-48.0;-10.0;-49.0;-36.0;-29.0;13.0
28/08/2020;IN;78761.0;928761.0;3542733.0;;;-46.0;-3.0;-48.0;-33.0;-27.0;13.0
29/08/2020;IN;78512.0;1055027.0;3621245.0;;;-52.0;-13.0;-52.0;-36.0;-22.0;12.0
30/08/2020;IN;69921.0;846278.0;3691166.0;;;-58.0;-24.0;-54.0;-40.0;-12.0;11.0
31/08/2020;IN;78357.0;1016920.0;3769523.0;;;-45.0;-7.0;-47.0;-35.0;-31.0;13.0
01/09/2020;IN;83883.0;1012367.0;3853406.0;;;-44.0;-3.0;-45.0;-32.0;-32.0;12.0
02/09/2020;IN;83341.0;1172179.0;3936747.0;;;-44.0;-3.0;-48.0;-31.0;-27.0;12.0
03/09/2020;IN;86432.0;1169765.0;4023179.0;;;-44.0;-4.0;-47.0;-33.0;-28.0;13.0
04/09/2020;IN;90632.0;1059346.0;4113811.0;;;-43.0;0.0;-47.0;-31.0;-27.0;13.0
05/09/2020;IN;90802.0;1092654.0;4204613.0;;;-46.0;-5.0;-49.0;-31.0;-18.0;11.0
06/09/2020;IN;75809.0;720362.0;4280422.0;;;-51.0;-14.0;-51.0;-33.0;-11.0;10.0
07/09/2020;IN;89706.0;1098621.0;4370128.0;;;-43.0;-5.0;-47.0;-34.0;-30.0;13.0
08/09/2020;IN;95735.0;1154549.0;4465863.0;;;-42.0;1.0;-44.0;-29.0;-29.0;11.0
09/09/2020;IN;96551.0;1129756.0;4562414.0;;;-43.0;-2.0;-46.0;-29.0;-26.0;12.0
10/09/2020;IN;97570.0;1163542.0;4659984.0;;;-43.0;-3.0;-45.0;-30.0;-28.0;12.0
11/09/2020;IN;94372.0;1091251.0;4754356.0;;;-43.0;-8.0;-47.0;-34.0;-30.0;14.0
12/09/2020;IN;92071.0;1071702.0;4846427.0;;;-42.0;-6.0;-48.0;-31.0;-23.0;12.0
13/09/2020;IN;83809.0;978500.0;4930236.0;;;-46.0;-13.0;-49.0;-31.0;-9.0;10.0
14/09/2020;IN;90123.0;1072845.0;5020359.0;;;-38.0;-3.0;-44.0;-31.0;-26.0;13.0
15/09/2020;IN;97894.0;1116842.0;5118253.0;;;-39.0;-3.0;-44.0;-30.0;-28.0;13.0
16/09/2020;IN;96424.0;1136613.0;5214677.0;;;-38.0;-1.0;-45.0;-28.0;-25.0;13.0
17/09/2020;IN;93337.0;1006615.0;5308014.0;;;-39.0;-10.0;-45.0;-34.0;-30.0;15.0
18/09/2020;IN;92605.0;881911.0;5400619.0;;;-38.0;-3.0;-45.0;-31.0;-26.0;15.0
19/09/2020;IN;86961.0;1206806.0;5487580.0;;;-40.0;-7.0;-47.0;-30.0;-17.0;13.0
20/09/2020;IN;75083.0;731534.0;5562663.0;;;-44.0;-13.0;-48.0;-31.0;-6.0;11.0
21/09/2020;IN;83347.0;933185.0;5646010.0;;;-36.0;-5.0;-43.0;-31.0;-27.0;14.0
22/09/2020;IN;86508.0;953683.0;5732518.0;;;-39.0;-4.0;-42.0;-29.0;-28.0;15.0
23/09/2020;IN;86052.0;1156569.0;5818570.0;;;-41.0;-5.0;-44.0;-28.0;-27.0;16.0
24/09/2020;IN;85362.0;1492409.0;5903932.0;;;-41.0;-5.0;-42.0;-28.0;-27.0;17.0
25/09/2020;IN;88600.0;1341535.0;5992532.0;;;-43.0;-5.0;-44.0;-29.0;-27.0;18.0
26/09/2020;IN;82170.0;987861.0;6074702.0;;;-43.0;-5.0;-44.0;-27.0;-19.0;16.0
27/09/2020;IN;70589.0;709394.0;6145291.0;;;-45.0;-10.0;-42.0;-25.0;-7.0;13.0
28/09/2020;IN;80472.0;1142811.0;6225763.0;;;-40.0;-2.0;-41.0;-28.0;-26.0;17.0
29/09/2020;IN;86821.0;1086688.0;6312584.0;;;-40.0;-2.0;-41.0;-26.0;-28.0;16.0
30/09/2020;IN;81484.0;1423052.0;6394068.0;;;-39.0;1.0;-45.0;-24.0;-27.0;14.0
01/10/2020;IN;79476.0;1097947.0;6473544.0;;;-39.0;2.0;-46.0;-24.0;-29.0;12.0
02/10/2020;IN;75829.0;1132675.0;6549373.0;;;-38.0;7.0;-44.0;-28.0;-47.0;16.0
03/10/2020;IN;74442.0;1142131.0;6623815.0;;;-40.0;1.0;-47.0;-24.0;-21.0;10.0
04/10/2020;IN;61267.0;989860.0;6685082.0;;;-43.0;-4.0;-45.0;-23.0;-13.0;8.0
05/10/2020;IN;72049.0;1089403.0;6757131.0;;;-36.0;4.0;-44.0;-24.0;-29.0;11.0
06/10/2020;IN;78524.0;1199857.0;6835655.0;;;-36.0;4.0;-44.0;-23.0;-30.0;11.0
07/10/2020;IN;70496.0;1194321.0;6906151.0;;;-36.0;6.0;-45.0;-22.0;-26.0;11.0
08/10/2020;IN;73272.0;1168705.0;6979423.0;;;-36.0;5.0;-44.0;-24.0;-26.0;12.0
09/10/2020;IN;74383.0;1164018.0;7053806.0;;;-35.0;7.0;-43.0;-24.0;-24.0;13.0
10/10/2020;IN;66732.0;1078544.0;7120538.0;;;-38.0;2.0;-45.0;-25.0;-20.0;13.0
11/10/2020;IN;55342.0;994851.0;7175880.0;;;-40.0;-2.0;-43.0;-23.0;-7.0;10.0
12/10/2020;IN;63509.0;1073014.0;7239389.0;;;-34.0;5.0;-42.0;-24.0;-25.0;13.0
13/10/2020;IN;67708.0;1145015.0;7307097.0;;;-35.0;4.0;-42.0;-24.0;-27.0;14.0
14/10/2020;IN;63371.0;1136183.0;7370468.0;;;-33.0;8.0;-43.0;-22.0;-24.0;13.0
15/10/2020;IN;62212.0;1028622.0;7432680.0;;;-32.0;9.0;-42.0;-21.0;-25.0;14.0
16/10/2020;IN;61871.0;999090.0;7494551.0;;;-31.0;18.0;-41.0;-19.0;-23.0;14.0
17/10/2020;IN;55722.0;970173.0;7550273.0;;;-36.0;8.0;-44.0;-20.0;-15.0;13.0
18/10/2020;IN;46790.0;859786.0;7597063.0;;;-36.0;2.0;-41.0;-18.0;-4.0;10.0
19/10/2020;IN;54044.0;1032795.0;7651107.0;;;-31.0;10.0;-39.0;-20.0;-24.0;14.0
20/10/2020;IN;55839.0;1083608.0;7706946.0;;;-32.0;8.0;-40.0;-20.0;-26.0;13.0
21/10/2020;IN;54366.0;1469984.0;7761312.0;;;-29.0;11.0;-41.0;-18.0;-23.0;12.0
22/10/2020;IN;53370.0;1442722.0;7814682.0;;;-29.0;11.0;-39.0;-18.0;-25.0;11.0
23/10/2020;IN;50129.0;1269479.0;7864811.0;;;-28.0;18.0;-38.0;-16.0;-27.0;11.0
24/10/2020;IN;45148.0;1140905.0;7909959.0;;;-31.0;12.0;-38.0;-16.0;-24.0;10.0
25/10/2020;IN;36470.0;939309.0;7946429.0;;;-34.0;3.0;-37.0;-15.0;-10.0;7.0
26/10/2020;IN;43893.0;958116.0;7990322.0;;;-29.0;8.0;-34.0;-21.0;-37.0;11.0
27/10/2020;IN;49881.0;1066786.0;8040203.0;;;-29.0;9.0;-37.0;-18.0;-29.0;10.0
28/10/2020;IN;48648.0;1075760.0;8088851.0;;;-29.0;9.0;-40.0;-17.0;-25.0;10.0
29/10/2020;IN;48268.0;1164648.0;8137119.0;;;-29.0;7.0;-39.0;-19.0;-27.0;10.0
30/10/2020;IN;46963.0;1067976.0;8184082.0;;;-30.0;11.0;-40.0;-21.0;-32.0;13.0
31/10/2020;IN;45231.0;1091239.0;8229313.0;;;-34.0;3.0;-41.0;-21.0;-17.0;10.0
01/11/2020;IN;38310.0;855800.0;8267623.0;;;-33.0;3.0;-39.0;-16.0;-5.0;8.0
02/11/2020;IN;46253.0;1046247.0;8313876.0;;;-28.0;10.0;-38.0;-19.0;-24.0;11.0
03/11/2020;IN;50210.0;1209609.0;8364086.0;;;-26.0;13.0;-37.0;-18.0;-27.0;11.0
04/11/2020;IN;47638.0;1209425.0;8411724.0;;;-28.0;10.0;-40.0;-19.0;-24.0;12.0
05/11/2020;IN;50356.0;1220711.0;8462080.0;;;-29.0;8.0;-38.0;-21.0;-24.0;11.0
06/11/2020;IN;45674.0;1113209.0;8507754.0;;;-29.0;12.0;-38.0;-20.0;-23.0;11.0
07/11/2020;IN;45903.0;1194487.0;8553657.0;;;-29.0;10.0;-38.0;-18.0;-13.0;10.0
08/11/2020;IN;38073.0;835401.0;8591730.0;;;-29.0;8.0;-36.0;-15.0;-2.0;8.0
09/11/2020;IN;44281.0;1043665.0;8636011.0;;;-26.0;13.0;-36.0;-20.0;-24.0;11.0
10/11/2020;IN;47905.0;1153294.0;8683916.0;;;-24.0;15.0;-35.0;-18.0;-26.0;11.0
11/11/2020;IN;44879.0;1193358.0;8728795.0;;;-22.0;20.0;-36.0;-14.0;-22.0;10.0
12/11/2020;IN;44684.0;1139230.0;8773479.0;;;-18.0;28.0;-33.0;-12.0;-24.0;9.0
13/11/2020;IN;41100.0;929491.0;8814579.0;;;-15.0;40.0;-31.0;-8.0;-29.0;10.0
14/11/2020;IN;30548.0;805589.0;8845127.0;;;-34.0;11.0;-37.0;-23.0;-44.0;16.0
15/11/2020;IN;29163.0;861706.0;8874290.0;;;-39.0;-9.0;-36.0;-23.0;-24.0;10.0
16/11/2020;IN;38617.0;844382.0;8912907.0;;;-30.0;3.0;-29.0;-22.0;-48.0;12.0
17/11/2020;IN;45576.0;937279.0;8958483.0;;;-28.0;9.0;-30.0;-17.0;-35.0;9.0
18/11/2020;IN;45882.0;1028203.0;9004365.0;;;-27.0;11.0;-32.0;-15.0;-29.0;9.0
19/11/2020;IN;46232.0;1083397.0;9050597.0;;;-27.0;11.0;-31.0;-16.0;-28.0;10.0
20/11/2020;IN;45209.0;1066022.0;9095806.0;;;-28.0;13.0;-31.0;-17.0;-29.0;11.0
21/11/2020;IN;44059.0;1075326.0;9139865.0;;;-31.0;6.0;-33.0;-17.0;-19.0;9.0
22/11/2020;IN;37975.0;849596.0;9177840.0;;;-32.0;3.0;-32.0;-14.0;-9.0;7.0
23/11/2020;IN;44376.0;1099545.0;9222216.0;;;-27.0;11.0;-32.0;-18.0;-26.0;10.0
24/11/2020;IN;44489.0;1159032.0;9266705.0;;;-27.0;11.0;-32.0;-17.0;-28.0;10.0
25/11/2020;IN;43082.0;1090238.0;9309787.0;;;-28.0;9.0;-34.0;-17.0;-28.0;10.0
26/11/2020;IN;41322.0;1131204.0;9351109.0;;;-33.0;0.0;-35.0;-23.0;-31.0;12.0
27/11/2020;IN;41810.0;1157605.0;9392919.0;;;-29.0;11.0;-33.0;-18.0;-26.0;10.0
28/11/2020;IN;38772.0;1283449.0;9431691.0;;;-29.0;9.0;-34.0;-17.0;-17.0;9.0
29/11/2020;IN;31118.0;876173.0;9462809.0;;;-31.0;4.0;-31.0;-14.0;-6.0;7.0
30/11/2020;IN;36604.0;969322.0;9499413.0;;;-27.0;9.0;-29.0;-20.0;-34.0;11.0
01/12/2020;IN;35551.0;1096651.0;9534964.0;;;-26.0;11.0;-28.0;-15.0;-28.0;9.0
02/12/2020;IN;36595.0;1111698.0;9571559.0;;;-27.0;11.0;-21.0;-16.0;-22.0;9.0
03/12/2020;IN;36652.0;1170102.0;9608211.0;;;-28.0;8.0;-21.0;-19.0;-23.0;11.0
04/12/2020;IN;36011.0;1157763.0;9644222.0;;;-28.0;12.0;-21.0;-18.0;-22.0;11.0
05/12/2020;IN;32981.0;1101063.0;9677203.0;;;-29.0;9.0;-22.0;-16.0;-12.0;8.0
06/12/2020;IN;26567.0;801081.0;9703770.0;;;-30.0;5.0;-16.0;-12.0;-6.0;6.0
07/12/2020;IN;32080.0;1026399.0;9735850.0;;;-26.0;10.0;-16.0;-16.0;-25.0;8.0
08/12/2020;IN;31521.0;1022712.0;9767371.0;;;-34.0;-3.0;-22.0;-25.0;-29.0;12.0
09/12/2020;IN;29398.0;922959.0;9796769.0;;;-25.0;12.0;-17.0;-9.0;-22.0;8.0
10/12/2020;IN;30006.0;;9826775.0;;;-26.0;10.0;-15.0;-8.0;-23.0;10.0
11/12/2020;IN;30254.0;;9857029.0;;;-28.0;12.0;-17.0;-9.0;-22.0;12.0
12/12/2020;IN;27071.0;1014434.0;9884100.0;;;-31.0;8.0;-20.0;-11.0;-16.0;11.0
13/12/2020;IN;22065.0;855157.0;9906165.0;;;-31.0;4.0;-14.0;-6.0;-2.0;9.0
14/12/2020;IN;26382.0;993665.0;9932547.0;;;-29.0;8.0;-18.0;-13.0;-21.0;12.0
15/12/2020;IN;24010.0;1085625.0;9956557.0;;;-27.0;11.0;-16.0;-9.0;-21.0;12.0
16/12/2020;IN;22890.0;1158960.0;9979447.0;;;-27.0;11.0;-20.0;-9.0;-18.0;12.0
17/12/2020;IN;25152.0;1113406.0;10004599.0;;;-28.0;9.0;-19.0;-11.0;-19.0;13.0
18/12/2020;IN;26624.0;1171868.0;10031223.0;;;-28.0;13.0;-19.0;-10.0;-18.0;13.0
19/12/2020;IN;24337.0;1107681.0;10055560.0;;;-30.0;9.0;-20.0;-9.0;-8.0;11.0
20/12/2020;IN;19556.0;900134.0;10075116.0;;;-30.0;5.0;-13.0;-5.0;0.0;9.0
21/12/2020;IN;23950.0;1072228.0;10099066.0;;;-27.0;11.0;-16.0;-11.0;-18.0;12.0
22/12/2020;IN;24712.0;1098164.0;10123778.0;;;-27.0;9.0;-17.0;-10.0;-21.0;12.0
23/12/2020;IN;23067.0;1039645.0;10146845.0;;;-25.0;13.0;-19.0;-7.0;-16.0;12.0
24/12/2020;IN;22273.0;997396.0;10169118.0;;;-24.0;15.0;-15.0;-5.0;-19.0;11.0
25/12/2020;IN;18732.0;853527.0;10187850.0;;;-22.0;16.0;-8.0;-10.0;-36.0;15.0
26/12/2020;IN;20021.0;943368.0;10207871.0;;;-31.0;5.0;-16.0;-11.0;-14.0;12.0
27/12/2020;IN;16432.0;715397.0;10224303.0;;;-31.0;0.0;-10.0;-4.0;0.0;8.0
28/12/2020;IN;20549.0;983695.0;10244852.0;;;-26.0;10.0;-14.0;-9.0;-19.0;12.0
29/12/2020;IN;21822.0;1120281.0;10266674.0;;;-27.0;9.0;-15.0;-9.0;-21.0;12.0
30/12/2020;IN;20035.0;1127244.0;10286709.0;;;-25.0;12.0;-17.0;-7.0;-17.0;12.0
31/12/2020;IN;19079.0;1062420.0;10305788.0;;;-18.0;21.0;-12.0;-4.0;-18.0;11.0
01/01/2021;IN;18177.0;829964.0;10323965.0;;;-23.0;11.0;-6.0;-11.0;-29.0;14.0
02/01/2021;IN;16504.0;958125.0;10340469.0;;;-31.0;7.0;-19.0;-10.0;-8.0;11.0
03/01/2021;IN;16375.0;735978.0;10356844.0;;;-32.0;1.0;-13.0;-5.0;0.0;10.0
04/01/2021;IN;18088.0;896236.0;10374932.0;;;-28.0;9.0;-17.0;-9.0;-16.0;12.0
05/01/2021;IN;20346.0;931408.0;10395278.0;;;-29.0;7.0;-18.0;-10.0;-19.0;12.0
06/01/2021;IN;18139.0;937590.0;10413417.0;;;-26.0;11.0;-16.0;-8.0;-14.0;12.0
07/01/2021;IN;18222.0;935369.0;10431639.0;;;-25.0;12.0;-13.0;-9.0;-15.0;12.0
08/01/2021;IN;18645.0;916951.0;10450284.0;;;-25.0;15.0;-13.0;-9.0;-14.0;12.0
09/01/2021;IN;16311.0;843307.0;10466595.0;;;-27.0;11.0;-14.0;-10.0;-10.0;10.0
10/01/2021;IN;12584.0;659209.0;10479179.0;;;-26.0;8.0;-7.0;-6.0;3.0;8.0
11/01/2021;IN;15968.0;897056.0;10495147.0;;;-24.0;14.0;-10.0;-11.0;-16.0;11.0
12/01/2021;IN;16946.0;836227.0;10512093.0;;;-24.0;14.0;-10.0;-10.0;-19.0;11.0
13/01/2021;IN;15590.0;743191.0;10527683.0;;;-24.0;16.0;-15.0;-9.0;-20.0;10.0
14/01/2021;IN;15158.0;730096.0;10542841.0;;;-33.0;-5.0;-14.0;-24.0;-41.0;13.0
15/01/2021;IN;15144.0;803090.0;10557985.0;;0.0;-33.0;-1.0;-17.0;-23.0;-32.0;11.0
16/01/2021;IN;13788.0;779377.0;10571773.0;191181.0;191181.0;-33.0;-3.0;-19.0;-20.0;-19.0;8.0
17/01/2021;IN;10064.0;548168.0;10581837.0;33120.0;224301.0;-32.0;-5.0;-14.0;-14.0;-9.0;6.0
18/01/2021;IN;13823.0;709791.0;10595660.0;229748.0;454049.0;-28.0;4.0;-15.0;-17.0;-22.0;10.0
19/01/2021;IN;15223.0;764120.0;10610883.0;220786.0;674835.0;-28.0;3.0;-15.0;-18.0;-23.0;10.0
20/01/2021;IN;14545.0;780835.0;10625428.0;131649.0;806484.0;-27.0;6.0;-17.0;-16.0;-20.0;11.0
21/01/2021;IN;14256.0;800242.0;10639684.0;237050.0;1043534.0;-27.0;5.0;-15.0;-16.0;-19.0;11.0
22/01/2021;IN;14849.0;837095.0;10654533.0;347058.0;1390592.0;-27.0;8.0;-15.0;-15.0;-18.0;11.0
23/01/2021;IN;13203.0;781752.0;10667736.0;191609.0;1582201.0;-29.0;4.0;-15.0;-14.0;-12.0;9.0
24/01/2021;IN;9102.0;570246.0;10676838.0;33303.0;1615504.0;-29.0;1.0;-8.0;-10.0;-2.0;7.0
25/01/2021;IN;12689.0;725577.0;10689527.0;408305.0;2023809.0;-24.0;9.0;-8.0;-14.0;-21.0;10.0
26/01/2021;IN;11666.0;550426.0;10701193.0;5671.0;2029480.0;-25.0;3.0;-1.0;-21.0;-50.0;16.0
27/01/2021;IN;18855.0;725653.0;10720048.0;326499.0;2355979.0;-27.0;8.0;-14.0;-12.0;-17.0;10.0
28/01/2021;IN;13083.0;742306.0;10733131.0;572074.0;2928053.0;-27.0;6.0;-13.0;-14.0;-19.0;11.0
29/01/2021;IN;13052.0;756329.0;10746183.0;571974.0;3500027.0;-27.0;13.0;-16.0;-13.0;-16.0;10.0
30/01/2021;IN;11427.0;750964.0;10757610.0;244307.0;3744334.0;-28.0;12.0;-17.0;-10.0;-7.0;7.0
31/01/2021;IN;8635.0;504263.0;10766245.0;14509.0;3758843.0;-28.0;10.0;-12.0;-6.0;-2.0;5.0
01/02/2021;IN;11039.0;659422.0;10777284.0;191313.0;3950156.0;-25.0;15.0;-14.0;-11.0;-19.0;8.0
02/02/2021;IN;12899.0;721121.0;10790183.0;188762.0;4138918.0;-24.0;16.0;-14.0;-10.0;-20.0;8.0
03/02/2021;IN;12408.0;742841.0;10802591.0;310634.0;4449552.0;-25.0;15.0;-19.0;-10.0;-17.0;8.0
04/02/2021;IN;11713.0;715776.0;10814304.0;509893.0;4959445.0;-26.0;11.0;-19.0;-13.0;-19.0;8.0
05/02/2021;IN;12059.0;740794.0;10826363.0;457404.0;5416849.0;-25.0;18.0;-18.0;-11.0;-17.0;8.0
06/02/2021;IN;11831.0;695789.0;10838194.0;358473.0;5775322.0;-26.0;14.0;-19.0;-9.0;-8.0;6.0
07/02/2021;IN;9110.0;532236.0;10847304.0;37040.0;5812362.0;-25.0;9.0;-11.0;-5.0;-6.0;5.0
08/02/2021;IN;11067.0;687138.0;10858371.0;446646.0;6259008.0;-24.0;16.0;-16.0;-10.0;-19.0;7.0
09/02/2021;IN;12923.0;736903.0;10871294.0;352553.0;6611561.0;-23.0;17.0;-15.0;-9.0;-20.0;7.0
10/02/2021;IN;9309.0;699185.0;10880603.0;405553.0;7017114.0;-22.0;19.0;-18.0;-7.0;-16.0;7.0
11/02/2021;IN;12143.0;765944.0;10892746.0;487896.0;7505010.0;-23.0;16.0;-15.0;-9.0;-17.0;8.0
12/02/2021;IN;12194.0;743614.0;10904940.0;462637.0;7967647.0;-21.0;20.0;-15.0;-7.0;-16.0;8.0
13/02/2021;IN;11649.0;697114.0;10916589.0;77139.0;8044786.0;-22.0;16.0;-12.0;-6.0;-14.0;6.0
14/02/2021;IN;9121.0;486122.0;10925710.0;;;-18.0;14.0;-4.0;0.0;-6.0;4.0
15/02/2021;IN;11610.0;615664.0;10937320.0;373867.0;8418653.0;-20.0;18.0;-9.0;-6.0;-20.0;7.0
16/02/2021;IN;12881.0;644931.0;10950201.0;222349.0;8641002.0;-21.0;14.0;-7.0;-6.0;-25.0;7.0
17/02/2021;IN;13193.0;726562.0;10963394.0;203639.0;8844641.0;-22.0;17.0;-14.0;-5.0;-17.0;7.0
18/02/2021;IN;13993.0;771071.0;10977387.0;536950.0;9381591.0;-22.0;16.0;-14.0;-6.0;-17.0;8.0
19/02/2021;IN;14264.0;786618.0;10991651.0;311409.0;9693000.0;-22.0;19.0;-14.0;-6.0;-17.0;8.0
20/02/2021;IN;14199.0;670050.0;11005850.0;271383.0;9964383.0;-22.0;16.0;-12.0;-4.0;-6.0;6.0
21/02/2021;IN;10584.0;620216.0;11016434.0;160148.0;10124531.0;-23.0;12.0;-7.0;-2.0;-6.0;5.0
22/02/2021;IN;13742.0;678685.0;11030176.0;184021.0;10308552.0;-22.0;16.0;-11.0;-7.0;-17.0;7.0
23/02/2021;IN;16738.0;805844.0;11046914.0;277205.0;10585757.0;-22.0;16.0;-11.0;-7.0;-18.0;8.0
24/02/2021;IN;16577.0;793383.0;11063491.0;299122.0;10884879.0;-21.0;18.0;-14.0;-5.0;-14.0;8.0
25/02/2021;IN;16488.0;831807.0;11079979.0;321309.0;11206188.0;-22.0;17.0;-13.0;-6.0;-16.0;8.0
26/02/2021;IN;16752.0;773918.0;11096731.0;346669.0;11552857.0;-22.0;19.0;-14.0;-6.0;-16.0;8.0
27/02/2021;IN;15510.0;795723.0;11112241.0;235812.0;11788669.0;-23.0;16.0;-12.0;-6.0;-11.0;7.0
28/02/2021;IN;12286.0;627668.0;11124527.0;56406.0;11845075.0;-23.0;13.0;-7.0;-3.0;-2.0;5.0
01/03/2021;IN;14989.0;759283.0;11139516.0;411262.0;12256337.0;-21.0;20.0;-10.0;-7.0;-15.0;7.0
02/03/2021;IN;17407.0;785220.0;11156923.0;650434.0;12906771.0;-22.0;18.0;-11.0;-7.0;-17.0;8.0
03/03/2021;IN;16838.0;775631.0;11173761.0;832350.0;13739121.0;-20.0;22.0;-13.0;-4.0;-13.0;8.0
04/03/2021;IN;18327.0;761834.0;11192088.0;1057714.0;14796835.0;-21.0;20.0;-12.0;-6.0;-14.0;8.0
05/03/2021;IN;18711.0;751935.0;11210799.0;1199848.0;15996683.0;-20.0;23.0;-13.0;-5.0;-14.0;8.0
06/03/2021;IN;18599.0;737830.0;11229398.0;1171620.0;17168303.0;-21.0;20.0;-12.0;-4.0;-4.0;6.0
07/03/2021;IN;15388.0;;11244786.0;59600.0;17227903.0;-21.0;16.0;-6.0;-3.0;-3.0;6.0
08/03/2021;IN;17921.0;;11262707.0;1715380.0;18943283.0;-19.0;21.0;-9.0;-6.0;-15.0;8.0
09/03/2021;IN;22854.0;763081.0;11285561.0;1060944.0;20004227.0;-20.0;20.0;-10.0;-6.0;-16.0;8.0
10/03/2021;IN;23285.0;778416.0;11308846.0;1030254.0;21034481.0;-19.0;25.0;-11.0;-2.0;-13.0;7.0
11/03/2021;IN;24882.0;740345.0;11333728.0;401360.0;21435841.0;-22.0;18.0;-6.0;-10.0;-31.0;11.0
12/03/2021;IN;25320.0;840635.0;11359048.0;1639663.0;23075504.0;-21.0;21.0;-13.0;-5.0;-15.0;8.0
13/03/2021;IN;26291.0;864368.0;11385339.0;1232131.0;24307635.0;-22.0;18.0;-11.0;-6.0;-11.0;8.0
14/03/2021;IN;24492.0;703772.0;11409831.0;144750.0;24452385.0;-22.0;15.0;-7.0;-2.0;-3.0;6.0
15/03/2021;IN;28903.0;873350.0;11438734.0;2627099.0;27079484.0;-20.0;20.0;-8.0;-5.0;-16.0;8.0
16/03/2021;IN;35871.0;969021.0;11474605.0;1782553.0;28862037.0;-22.0;17.0;-11.0;-7.0;-17.0;8.0
17/03/2021;IN;39726.0;1063379.0;11514331.0;1738750.0;30600787.0;-21.0;21.0;-14.0;-5.0;-11.0;8.0
18/03/2021;IN;40953.0;1057383.0;11555284.0;1825443.0;32426230.0;-22.0;19.0;-12.0;-6.0;-13.0;9.0
19/03/2021;IN;43846.0;1060971.0;11599130.0;2415800.0;34842030.0;-21.0;24.0;-13.0;-5.0;-11.0;9.0
20/03/2021;IN;46951.0;;11646081.0;2283157.0;37125187.0;-22.0;19.0;-12.0;-4.0;-2.0;7.0
21/03/2021;IN;40715.0;;11686796.0;449115.0;37574302.0;-24.0;14.0;-9.0;-4.0;-2.0;7.0
22/03/2021;IN;47262.0;967459.0;11734058.0;3056851.0;40631153.0;-21.0;21.0;-10.0;-7.0;-13.0;9.0
23/03/2021;IN;53476.0;1025628.0;11787534.0;2100799.0;42731952.0;-21.0;19.0;-11.0;-7.0;-15.0;9.0
24/03/2021;IN;59118.0;1065021.0;11846652.0;2114586.0;44846538.0;-19.0;23.0;-13.0;-4.0;-12.0;9.0
25/03/2021;IN;62258.0;1100756.0;11908910.0;2154934.0;47001472.0;-19.0;23.0;-12.0;-4.0;-13.0;9.0
26/03/2021;IN;62714.0;1164915.0;11971624.0;2425146.0;49426618.0;-21.0;25.0;-13.0;-5.0;-14.0;10.0
27/03/2021;IN;68020.0;1181289.0;12039644.0;2014818.0;51441436.0;-21.0;25.0;-12.0;-2.0;-8.0;7.0
28/03/2021;IN;56211.0;913319.0;12095855.0;218798.0;51660234.0;-30.0;10.0;-15.0;-11.0;-7.0;9.0
29/03/2021;IN;53480.0;785864.0;12149335.0;551164.0;52211398.0;-41.0;-15.0;-22.0;-34.0;-57.0;21.0
30/03/2021;IN;72330.0;1022915.0;12221665.0;1777637.0;53989035.0;-26.0;13.0;-15.0;-12.0;-25.0;10.0
31/03/2021;IN;81466.0;1125681.0;12303131.0;1794166.0;55783201.0;-22.0;20.0;-15.0;-7.0;-16.0;9.0
01/04/2021;IN;89129.0;1113966.0;12392260.0;3365597.0;59148798.0;-22.0;20.0;-13.0;-8.0;-18.0;10.0
02/04/2021;IN;93249.0;1046605.0;12485509.0;3932791.0;63081589.0;-22.0;25.0;-13.0;-11.0;-30.0;13.0
03/04/2021;IN;103558.0;1166716.0;12589067.0;2657881.0;65739470.0;-24.0;21.0;-13.0;-7.0;-7.0;8.0
04/04/2021;IN;96982.0;893749.0;12686049.0;2939368.0;68678838.0;-28.0;12.0;-13.0;-8.0;-5.0;8.0
05/04/2021;IN;115736.0;1211612.0;12801785.0;3598471.0;72277309.0;-22.0;23.0;-11.0;-9.0;-19.0;10.0
06/04/2021;IN;126789.0;1208329.0;12928574.0;3659706.0;75937015.0;-28.0;17.0;-13.0;-12.0;-26.0;11.0
07/04/2021;IN;131968.0;1237781.0;13060542.0;2826012.0;78763027.0;-25.0;21.0;-17.0;-9.0;-18.0;11.0
08/04/2021;IN;145384.0;1364205.0;13205926.0;3693495.0;82456522.0;-26.0;20.0;-16.0;-11.0;-19.0;12.0
09/04/2021;IN;152879.0;1173219.0;13358805.0;3307330.0;85763852.0;-24.0;25.0;-17.0;-10.0;-18.0;12.0
10/04/2021;IN;168912.0;1412047.0;13527717.0;3122109.0;88885961.0;-35.0;6.0;-24.0;-22.0;-22.0;14.0
11/04/2021;IN;161736.0;1180136.0;13689453.0;2701439.0;91587400.0;-36.0;3.0;-23.0;-20.0;-11.0;12.0
12/04/2021;IN;184372.0;1400122.0;13873825.0;3455639.0;95043039.0;-25.0;27.0;-15.0;-13.0;-22.0;12.0
13/04/2021;IN;200739.0;1411758.0;14074564.0;2258875.0;97301914.0;-30.0;17.0;-19.0;-18.0;-36.0;16.0
14/04/2021;IN;217353.0;1384549.0;14291917.0;2877285.0;100179199.0;-34.0;13.0;-23.0;-20.0;-39.0;17.0
15/04/2021;IN;234692.0;1473210.0;14526609.0;2170056.0;102349255.0;-35.0;8.0;-25.0;-22.0;-28.0;15.0
16/04/2021;IN;261500.0;1495397.0;14788109.0;2059229.0;104408484.0;-36.0;12.0;-27.0;-21.0;-26.0;16.0
17/04/2021;IN;273810.0;1566394.0;15061919.0;2022592.0;106431076.0;-45.0;-4.0;-34.0;-31.0;-25.0;18.0
18/04/2021;IN;259170.0;1356133.0;15321089.0;940694.0;107371770.0;-52.0;-18.0;-37.0;-34.0;-25.0;17.0
19/04/2021;IN;295041.0;1519486.0;15616130.0;2287411.0;109659181.0;-37.0;12.0;-26.0;-24.0;-30.0;17.0
20/04/2021;IN;314835.0;1639357.0;15930965.0;;;-42.0;3.0;-31.0;-29.0;-36.0;19.0
21/04/2021;IN;332730.0;1651711.0;16263695.0;2014180.0;111673361.0;-44.0;-1.0;-35.0;-31.0;-41.0;21.0
22/04/2021;IN;346786.0;1740550.0;16610481.0;1910908.0;113584269.0;-45.0;-2.0;-34.0;-32.0;-36.0;19.0
23/04/2021;IN;349691.0;1753569.0;16960172.0;;;-46.0;2.0;-35.0;-32.0;-37.0;20.0
24/04/2021;IN;352991.0;1719588.0;17313163.0;;;-59.0;-22.0;-44.0;-43.0;-42.0;23.0
25/04/2021;IN;323144.0;1402367.0;17636307.0;4210739.0;117795008.0;-67.0;-36.0;-47.0;-50.0;-37.0;22.0
26/04/2021;IN;360960.0;1658700.0;17997267.0;2091244.0;119886252.0;-46.0;1.0;-33.0;-35.0;-40.0;20.0
27/04/2021;IN;379257.0;1723912.0;18376524.0;1377035.0;121263287.0;-49.0;-4.0;-35.0;-35.0;-42.0;21.0
28/04/2021;IN;386452.0;1768190.0;18762976.0;1274892.0;122538179.0;-52.0;-9.0;-39.0;-38.0;-42.0;22.0
29/04/2021;IN;401993.0;1920107.0;19164969.0;1273729.0;123811908.0;-53.0;-12.0;-39.0;-40.0;-44.0;23.0
30/04/2021;IN;392488.0;1945299.0;19557457.0;1565044.0;125376952.0;-51.0;-3.0;-38.0;-37.0;-43.0;22.0
01/05/2021;IN;368147.0;1804954.0;19925604.0;952018.0;126328970.0;-64.0;-28.0;-48.0;-49.0;-53.0;26.0
02/05/2021;IN;357229.0;1504698.0;20282833.0;375181.0;126704151.0;-69.0;-39.0;-50.0;-54.0;-40.0;22.0
03/05/2021;IN;382315.0;1663742.0;20665148.0;992524.0;127696675.0;-55.0;-14.0;-40.0;-43.0;-47.0;23.0
04/05/2021;IN;412262.0;1541299.0;21077410.0;931244.0;128627919.0;-57.0;-15.0;-40.0;-43.0;-49.0;24.0
05/05/2021;IN;414188.0;1923131.0;21491598.0;1102722.0;129730641.0;-59.0;-20.0;-44.0;-44.0;-48.0;24.0
06/05/2021;IN;401078.0;1826490.0;21892676.0;1328249.0;131058890.0;-61.0;-23.0;-44.0;-47.0;-49.0;25.0
07/05/2021;IN;403738.0;1808344.0;22296414.0;1235937.0;132294827.0;-61.0;-17.0;-43.0;-46.0;-48.0;25.0
08/05/2021;IN;366161.0;1865428.0;22662575.0;1071655.0;133366482.0;-64.0;-26.0;-47.0;-49.0;-46.0;25.0
09/05/2021;IN;329942.0;1474606.0;22992517.0;488194.0;133854676.0;-64.0;-30.0;-47.0;-47.0;-33.0;20.0
10/05/2021;IN;348421.0;1850110.0;23340938.0;1337337.0;135192013.0;-64.0;-26.0;-44.0;-53.0;-52.0;27.0
11/05/2021;IN;362727.0;1983804.0;23703665.0;1365332.0;136557345.0;-63.0;-24.0;-44.0;-51.0;-53.0;26.0
12/05/2021;IN;343144.0;1864594.0;24046809.0;1247900.0;137805245.0;-64.0;-24.0;-45.0;-50.0;-52.0;26.0
13/05/2021;IN;326098.0;1875515.0;24372907.0;1282345.0;139087590.0;-63.0;-23.0;-43.0;-50.0;-54.0;26.0
14/05/2021;IN;311170.0;1693093.0;24684077.0;773872.0;139861462.0;-65.0;-25.0;-44.0;-52.0;-60.0;28.0
15/05/2021;IN;281386.0;;24965463.0;1270650.0;141132112.0;-68.0;-31.0;-47.0;-53.0;-49.0;25.0
16/05/2021;IN;263533.0;;25228996.0;632223.0;141764335.0;-70.0;-40.0;-49.0;-55.0;-38.0;22.0
17/05/2021;IN;267334.0;1869223.0;25496330.0;1325883.0;143090218.0;-65.0;-29.0;-43.0;-54.0;-52.0;26.0
18/05/2021;IN;276110.0;2008296.0;25772440.0;1179982.0;144270200.0;-65.0;-30.0;-44.0;-54.0;-55.0;26.0
19/05/2021;IN;259551.0;2055010.0;26031991.0;1063406.0;145333606.0;-64.0;-29.0;-46.0;-52.0;-51.0;26.0
20/05/2021;IN;257299.0;2061683.0;26289290.0;1291046.0;146624652.0;-64.0;-28.0;-43.0;-53.0;-51.0;26.0
21/05/2021;IN;240842.0;2066285.0;26530132.0;;;-62.0;-21.0;-42.0;-50.0;-49.0;26.0
22/05/2021;IN;222315.0;2123782.0;26752447.0;2594964.0;149219616.0;-65.0;-28.0;-46.0;-51.0;-45.0;25.0
23/05/2021;IN;196427.0;1928127.0;26948874.0;813572.0;150033188.0;-63.0;-26.0;-44.0;-44.0;-30.0;19.0
24/05/2021;IN;208921.0;2058112.0;27157795.0;2268317.0;152301505.0;-61.0;-24.0;-39.0;-50.0;-48.0;25.0
25/05/2021;IN;211298.0;2217320.0;27369093.0;1209874.0;153511379.0;-61.0;-26.0;-40.0;-50.0;-50.0;25.0
26/05/2021;IN;186364.0;2157857.0;27555457.0;2678262.0;156189641.0;-62.0;-28.0;-42.0;-51.0;-52.0;26.0
27/05/2021;IN;173790.0;2070508.0;27729247.0;2593965.0;158783606.0;-61.0;-25.0;-40.0;-50.0;-48.0;25.0
28/05/2021;IN;165553.0;2080048.0;27894800.0;1821956.0;160605562.0;-59.0;-18.0;-36.0;-48.0;-45.0;24.0
29/05/2021;IN;152734.0;2063839.0;28047534.0;3553142.0;164158704.0;-62.0;-24.0;-39.0;-48.0;-39.0;22.0
30/05/2021;IN;127510.0;1683135.0;28175044.0;1439309.0;165598013.0;-62.0;-28.0;-38.0;-46.0;-28.0;19.0
31/05/2021;IN;132788.0;1925374.0;28307832.0;1593072.0;167191085.0;-54.0;-15.0;-31.0;-45.0;-42.0;22.0
01/06/2021;IN;134154.0;3265073.0;28441986.0;2394095.0;169585180.0;-51.0;-10.0;-30.0;-41.0;-43.0;21.0
02/06/2021;IN;132364.0;3725318.0;28574350.0;2281644.0;171866824.0;-49.0;-5.0;-30.0;-38.0;-39.0;21.0
03/06/2021;IN;120529.0;3651198.0;28694879.0;2430093.0;174296917.0;-50.0;-8.0;-29.0;-40.0;-40.0;21.0
04/06/2021;IN;114460.0;3740296.0;28809339.0;4876031.0;179172948.0;-49.0;-3.0;-29.0;-39.0;-38.0;21.0
05/06/2021;IN;100636.0;3572380.0;28909975.0;1799154.0;180972102.0;-56.0;-16.0;-34.0;-41.0;-33.0;20.0
06/06/2021;IN;86498.0;1587589.0;28996473.0;2303602.0;183275704.0;-58.0;-22.0;-34.0;-40.0;-25.0;17.0
07/06/2021;IN;92596.0;1873485.0;29089069.0;2225875.0;185501579.0;-44.0;1.0;-25.0;-35.0;-35.0;19.0
08/06/2021;IN;94052.0;1985967.0;29183121.0;2862315.0;188363894.0;-43.0;2.0;-24.0;-33.0;-36.0;18.0
09/06/2021;IN;91702.0;2004690.0;29274823.0;2858486.0;191222380.0;-42.0;5.0;-25.0;-32.0;-34.0;18.0
10/06/2021;IN;84332.0;2044131.0;29359155.0;3103616.0;194325996.0;-42.0;2.0;-24.0;-33.0;-34.0;19.0
11/06/2021;IN;80834.0;1989778.0;29439989.0;3089657.0;197415653.0;-39.0;11.0;-24.0;-30.0;-32.0;18.0
12/06/2021;IN;70421.0;1900312.0;29510410.0;2239640.0;199655293.0;-48.0;-6.0;-30.0;-35.0;-32.0;18.0
13/06/2021;IN;60471.0;1492152.0;29570881.0;2917542.0;202572835.0;-51.0;-14.0;-29.0;-33.0;-22.0;14.0
14/06/2021;IN;62224.0;1751358.0;29633105.0;2998211.0;205571046.0;-36.0;10.0;-20.0;-28.0;-32.0;16.0
15/06/2021;IN;67208.0;1930987.0;29700313.0;2259925.0;207830971.0;-37.0;7.0;-20.0;-28.0;-33.0;16.0
16/06/2021;IN;62480.0;1931249.0;29762793.0;2611979.0;210442950.0;-36.0;10.0;-22.0;-26.0;-31.0;15.0
17/06/2021;IN;60753.0;1929476.0;29823546.0;4110239.0;214553189.0;-37.0;6.0;-22.0;-28.0;-31.0;16.0
18/06/2021;IN;58419.0;2039941.0;29881965.0;2989804.0;217542993.0;-35.0;14.0;-21.0;-26.0;-29.0;15.0
19/06/2021;IN;53256.0;1811446.0;29935221.0;3950266.0;221493259.0;-44.0;-2.0;-27.0;-30.0;-25.0;14.0
20/06/2021;IN;42640.0;1388699.0;29977861.0;3048024.0;224541283.0;-47.0;-11.0;-26.0;-29.0;-21.0;12.0
21/06/2021;IN;50848.0;1664360.0;30028709.0;8203530.0;232744813.0;-31.0;15.0;-16.0;-23.0;-31.0;13.0
22/06/2021;IN;54069.0;1901056.0;30082778.0;5841374.0;238586187.0;-32.0;13.0;-17.0;-23.0;-32.0;13.0
23/06/2021;IN;51667.0;1859469.0;30134445.0;3134333.0;241720520.0;-30.0;16.0;-18.0;-20.0;-28.0;13.0
24/06/2021;IN;48698.0;1735781.0;30183143.0;5931674.0;247652194.0;-31.0;13.0;-17.0;-22.0;-30.0;14.0
25/06/2021;IN;50040.0;2243444.0;30233183.0;5707713.0;253359907.0;-29.0;20.0;-17.0;-20.0;-27.0;13.0
26/06/2021;IN;46148.0;2453209.0;30279331.0;6893275.0;260253182.0;-38.0;5.0;-22.0;-24.0;-25.0;13.0
27/06/2021;IN;37566.0;2106178.0;30316897.0;2663131.0;262916313.0;-43.0;-6.0;-21.0;-24.0;-16.0;11.0
28/06/2021;IN;45951.0;1768008.0;30362848.0;2629455.0;265545768.0;-26.0;19.0;-13.0;-19.0;-27.0;12.0
29/06/2021;IN;48786.0;1960757.0;30411634.0;4632233.0;270178001.0;-29.0;14.0;-16.0;-20.0;-29.0;12.0
30/06/2021;IN;46617.0;1921450.0;30458251.0;1232022.0;271410023.0;-28.0;16.0;-18.0;-18.0;-26.0;11.0
01/07/2021;IN;44111.0;2230026.0;30502362.0;4283058.0;275693081.0;-26.0;18.0;-14.0;-17.0;-27.0;12.0
02/07/2021;IN;43071.0;2164943.0;30545433.0;645930.0;276339011.0;-25.0;26.0;-14.0;-15.0;-24.0;13.0
03/07/2021;IN;39796.0;1838490.0;30585229.0;5892354.0;282231365.0;-33.0;13.0;-18.0;-17.0;-19.0;12.0
04/07/2021;IN;34703.0;1522504.0;30619932.0;2223901.0;284455266.0;-37.0;3.0;-16.0;-17.0;-15.0;10.0
05/07/2021;IN;43733.0;1647424.0;30663665.0;2296492.0;286751758.0;-20.0;28.0;-9.0;-12.0;-24.0;11.0
06/07/2021;IN;45892.0;1907216.0;30709557.0;2030799.0;288782557.0;-22.0;23.0;-10.0;-13.0;-25.0;12.0
07/07/2021;IN;43393.0;1893800.0;30752950.0;2402200.0;291184757.0;-22.0;24.0;-13.0;-11.0;-23.0;11.0
08/07/2021;IN;42766.0;1790708.0;30795716.0;7494156.0;298678913.0;-23.0;23.0;-12.0;-14.0;-23.0;12.0
09/07/2021;IN;41506.0;2025365.0;30837222.0;;;-21.0;31.0;-11.0;-11.0;-22.0;12.0
10/07/2021;IN;37154.0;1843500.0;30874376.0;4492585.0;303171498.0;-29.0;16.0;-16.0;-13.0;-21.0;12.0
11/07/2021;IN;32906.0;1432343.0;30907282.0;847354.0;304018852.0;-33.0;7.0;-14.0;-12.0;-12.0;10.0
12/07/2021;IN;38792.0;1740325.0;30946074.0;2593929.0;306612781.0;-21.0;26.0;-9.0;-11.0;-25.0;11.0
13/07/2021;IN;41806.0;1915501.0;30987880.0;4774758.0;311387539.0;-23.0;22.0;-11.0;-12.0;-26.0;12.0
14/07/2021;IN;38949.0;2038319.0;31026829.0;2141963.0;313529502.0;-21.0;25.0;-13.0;-10.0;-22.0;11.0
15/07/2021;IN;38079.0;2011281.0;31064908.0;2586687.0;316116189.0;-20.0;25.0;-10.0;-11.0;-22.0;11.0
16/07/2021;IN;41157.0;1998715.0;31106065.0;2549037.0;318665226.0;-20.0;30.0;-11.0;-10.0;-21.0;12.0
17/07/2021;IN;38164.0;1936709.0;31144229.0;3228536.0;321893762.0;-29.0;16.0;-16.0;-12.0;-14.0;10.0
18/07/2021;IN;30093.0;1463593.0;31174322.0;;;-32.0;7.0;-15.0;-12.0;-10.0;10.0
19/07/2021;IN;42015.0;1918877.0;31216337.0;4499021.0;326392783.0;-22.0;23.0;-13.0;-13.0;-24.0;13.0
20/07/2021;IN;41383.0;1852140.0;31257720.0;2323429.0;328716212.0;-21.0;26.0;-11.0;-10.0;-24.0;12.0
21/07/2021;IN;35342.0;1718439.0;31293062.0;1543000.0;330259212.0;-26.0;16.0;-14.0;-19.0;-37.0;16.0
22/07/2021;IN;39097.0;2027833.0;31332159.0;3685939.0;333945151.0;-24.0;19.0;-13.0;-15.0;-23.0;12.0
23/07/2021;IN;39742.0;1631266.0;31371901.0;2874665.0;336819816.0;-22.0;27.0;-12.0;-11.0;-20.0;12.0
24/07/2021;IN;39361.0;1718756.0;31411262.0;3567879.0;340387695.0;-29.0;15.0;-15.0;-13.0;-17.0;11.0
25/07/2021;IN;29689.0;1154444.0;31440951.0;1415012.0;341802707.0;-32.0;6.0;-14.0;-12.0;-9.0;10.0
26/07/2021;IN;43654.0;1720110.0;31484605.0;4713442.0;346516149.0;-20.0;26.0;-9.0;-11.0;-19.0;11.0
27/07/2021;IN;43509.0;1736857.0;31528114.0;2807912.0;349324061.0;-22.0;21.0;-11.0;-12.0;-21.0;12.0
28/07/2021;IN;44230.0;1728795.0;31572344.0;3221210.0;352545271.0;-22.0;21.0;-16.0;-11.0;-18.0;12.0
29/07/2021;IN;41649.0;2020950.0;31613993.0;3595468.0;356140739.0;-22.0;21.0;-14.0;-13.0;-18.0;12.0
30/07/2021;IN;41831.0;1776315.0;31655824.0;3679574.0;359820313.0;-20.0;28.0;-13.0;-11.0;-16.0;12.0
31/07/2021;IN;40134.0;1789472.0;31695958.0;;;-25.0;20.0;-15.0;-9.0;-9.0;10.0
01/08/2021;IN;30549.0;1428984.0;31726507.0;8174273.0;367994586.0;-26.0;15.0;-10.0;-7.0;-7.0;9.0
02/08/2021;IN;42625.0;1649295.0;31769132.0;;;-18.0;30.0;-8.0;-9.0;-18.0;11.0
03/08/2021;IN;42982.0;1847518.0;31812114.0;10096011.0;378090597.0;-17.0;30.0;-7.0;-8.0;-20.0;11.0
04/08/2021;IN;44643.0;1751056.0;31856757.0;3035678.0;381126275.0;-17.0;31.0;-11.0;-6.0;-16.0;11.0
05/08/2021;IN;38628.0;1640287.0;31895385.0;4504775.0;385631050.0;-16.0;31.0;-8.0;-7.0;-16.0;11.0
06/08/2021;IN;39070.0;1783314.0;31934455.0;4410510.0;390041560.0;-15.0;36.0;-9.0;-5.0;-15.0;11.0
07/08/2021;IN;35499.0;1722221.0;31969954.0;4336591.0;394378151.0;-21.0;26.0;-12.0;-5.0;-7.0;9.0
08/08/2021;IN;28204.0;1728047.0;31998158.0;1289442.0;395667593.0;-26.0;14.0;-11.0;-7.0;-6.0;10.0
09/08/2021;IN;38353.0;1511313.0;32036511.0;4490464.0;400158057.0;-14.0;34.0;-5.0;-6.0;-16.0;10.0
10/08/2021;IN;41195.0;1777962.0;32077706.0;3438031.0;403596088.0;-13.0;35.0;-5.0;-4.0;-17.0;10.0
11/08/2021;IN;40120.0;2313689.0;32117826.0;3384241.0;406980329.0;-12.0;36.0;-7.0;-2.0;-14.0;9.0
12/08/2021;IN;38667.0;2100583.0;32156493.0;;;-14.0;33.0;-7.0;-5.0;-15.0;10.0
13/08/2021;IN;36083.0;2229798.0;32192576.0;9865786.0;416846115.0;-14.0;37.0;-7.0;-4.0;-14.0;10.0
14/08/2021;IN;32937.0;1923863.0;32225513.0;5729286.0;422575401.0;-17.0;31.0;-10.0;-3.0;-11.0;9.0
15/08/2021;IN;25166.0;1181212.0;32250679.0;;;-23.0;16.0;-5.0;-5.0;-4.0;9.0
16/08/2021;IN;35178.0;1823872.0;32285857.0;6106371.0;428681772.0;-14.0;34.0;-4.0;-6.0;-18.0;10.0
17/08/2021;IN;36401.0;1797559.0;32322258.0;4773202.0;433454974.0;-14.0;31.0;-6.0;-5.0;-17.0;10.0
18/08/2021;IN;36571.0;1873757.0;32358829.0;4243617.0;437698591.0;-14.0;34.0;-9.0;-3.0;-12.0;10.0
19/08/2021;IN;34457.0;2398862.0;32393286.0;3417453.0;441116044.0;-12.0;37.0;-6.0;-3.0;-16.0;10.0
20/08/2021;IN;30948.0;1876456.0;32424234.0;4986155.0;446102199.0;-13.0;37.0;-6.0;-5.0;-25.0;12.0
21/08/2021;IN;25072.0;1680081.0;32449306.0;2190685.0;448292884.0;-15.0;36.0;-8.0;2.0;-9.0;8.0
22/08/2021;IN;25467.0;1295160.0;32474773.0;2893973.0;451186857.0;-21.0;18.0;-2.0;4.0;-17.0;5.0
23/08/2021;IN;37593.0;1840393.0;32512366.0;1020721.0;452207578.0;-16.0;27.0;-4.0;-4.0;-20.0;9.0
24/08/2021;IN;46164.0;1792755.0;32558530.0;4673045.0;456880623.0;-13.0;31.0;-3.0;-1.0;-17.0;9.0
25/08/2021;IN;44658.0;1944831.0;32603188.0;6460721.0;463341344.0;-13.0;33.0;-6.0;-1.0;-13.0;9.0
26/08/2021;IN;46759.0;1824931.0;32649947.0;4789283.0;468130627.0;-14.0;29.0;-6.0;-4.0;-14.0;10.0
27/08/2021;IN;45083.0;1933293.0;32695030.0;7928444.0;476059071.0;-14.0;35.0;-7.0;-3.0;-12.0;10.0
28/08/2021;IN;42909.0;1755327.0;32737939.0;7453586.0;483512657.0;-18.0;28.0;-9.0;-3.0;-6.0;9.0
29/08/2021;IN;30941.0;1503596.0;32768880.0;4640950.0;488153607.0;-20.0;21.0;-5.0;-3.0;0.0;8.0
30/08/2021;IN;41965.0;1394573.0;32810845.0;4923588.0;493077195.0;-15.0;31.0;-1.0;-9.0;-28.0;13.0
31/08/2021;IN;47092.0;1643195.0;32857937.0;3924888.0;497002083.0;-16.0;26.0;-6.0;-6.0;-18.0;10.0
01/09/2021;IN;45352.0;;32903289.0;12666048.0;509668131.0;-13.0;32.0;-8.0;-2.0;-13.0;10.0
02/09/2021;IN;42618.0;;32945907.0;5959837.0;515627968.0;-13.0;34.0;-7.0;-4.0;-12.0;10.0
03/09/2021;IN;42766.0;1704970.0;32988673.0;4039886.0;519667854.0;-13.0;37.0;-8.0;-4.0;-10.0;10.0
04/09/2021;IN;38948.0;1818180.0;33027621.0;1348015.0;521015869.0;-16.0;31.0;-10.0;-2.0;0.0;9.0
05/09/2021;IN;31222.0;1410649.0;33058843.0;4303492.0;525319361.0;-17.0;26.0;-7.0;-1.0;1.0;9.0
06/09/2021;IN;37875.0;1720481.0;33096718.0;2542932.0;527862293.0;-14.0;33.0;-5.0;-5.0;-12.0;10.0
07/09/2021;IN;43263.0;1753745.0;33139981.0;8141709.0;536004002.0;-12.0;34.0;-5.0;-3.0;-14.0;10.0
08/09/2021;IN;34973.0;1874150.0;33174954.0;7458431.0;543462433.0;-7.0;45.0;-4.0;4.0;-10.0;8.0
09/09/2021;IN;33376.0;1787611.0;33208330.0;7232228.0;550694661.0;-7.0;46.0;-1.0;5.0;-12.0;8.0
10/09/2021;IN;28591.0;1592135.0;33236921.0;2270062.0;552964723.0;-14.0;37.0;-3.0;-6.0;-29.0;14.0
11/09/2021;IN;27254.0;1608840.0;33264175.0;6019845.0;558984568.0;-18.0;26.0;-8.0;-5.0;-12.0;10.0
12/09/2021;IN;25404.0;1208247.0;33289579.0;4352704.0;563337272.0;-17.0;23.0;-4.0;2.0;0.0;7.0
13/09/2021;IN;27176.0;1430891.0;33316755.0;6709383.0;570046655.0;-13.0;31.0;-3.0;-3.0;-14.0;10.0
14/09/2021;IN;30570.0;1610829.0;33347325.0;1615655.0;571662310.0;-13.0;31.0;-2.0;-3.0;-15.0;10.0
15/09/2021;IN;34403.0;1645933.0;33381728.0;5193953.0;576856263.0;-10.0;36.0;-4.0;1.0;-11.0;9.0
16/09/2021;IN;35662.0;1527420.0;33417390.0;5985845.0;582842108.0;-12.0;33.0;-3.0;-1.0;-14.0;10.0
17/09/2021;IN;30773.0;1551124.0;33448163.0;3263125.0;586105233.0;-11.0;39.0;-3.0;-2.0;-13.0;10.0
18/09/2021;IN;30256.0;1559895.0;33478419.0;11100063.0;597205296.0;-13.0;34.0;-4.0;1.0;-1.0;8.0
19/09/2021;IN;26115.0;1281598.0;33504534.0;5001493.0;602206789.0;-18.0;24.0;0.0;0.0;-1.0;8.0
20/09/2021;IN;26964.0;1413951.0;33531498.0;4356448.0;606563237.0;-13.0;31.0;-2.0;-4.0;-12.0;10.0
21/09/2021;IN;31923.0;1718565.0;33563421.0;5797296.0;612360533.0;-13.0;31.0;-4.0;-3.0;-13.0;10.0
22/09/2021;IN;31382.0;1612731.0;33594803.0;3299395.0;615659928.0;-11.0;34.0;-6.0;-1.0;-7.0;10.0
23/09/2021;IN;29616.0;1565696.0;33624419.0;5549124.0;621209052.0;-12.0;32.0;-4.0;-3.0;-8.0;10.0
24/09/2021;IN;28326.0;1728674.0;33652745.0;6113546.0;627322598.0;-10.0;39.0;-4.0;0.0;-7.0;10.0
25/09/2021;IN;26041.0;1581862.0;33678786.0;2251933.0;629574531.0;-13.0;32.0;-4.0;1.0;-1.0;8.0
26/09/2021;IN;18795.0;1165006.0;33697581.0;2027125.0;631601656.0;-15.0;25.0;-3.0;2.0;4.0;8.0
27/09/2021;IN;18870.0;1321780.0;33716451.0;7701510.0;639303166.0;-19.0;23.0;-6.0;-10.0;-14.0;12.0
28/09/2021;IN;23529.0;1720154.0;33739980.0;2542765.0;641845931.0;-12.0;33.0;-3.0;-2.0;-11.0;10.0
29/09/2021;IN;26727.0;1506254.0;33766707.0;3447382.0;645293313.0;-12.0;33.0;-6.0;-3.0;-7.0;10.0
30/09/2021;IN;24354.0;1520899.0;33791061.0;3655730.0;648949043.0;-10.0;35.0;-2.0;0.0;-7.0;9.0
01/10/2021;IN;22842.0;1517652.0;33813903.0;3795154.0;652744197.0;-6.0;44.0;-1.0;5.0;-6.0;9.0
02/10/2021;IN;20799.0;1265734.0;33834702.0;4212102.0;656956299.0;-12.0;36.0;0.0;-2.0;-24.0;12.0
03/10/2021;IN;18346.0;991676.0;33853048.0;2788082.0;659744381.0;-11.0;32.0;2.0;5.0;5.0;7.0
04/10/2021;IN;18833.0;1141642.0;33871881.0;2522286.0;662266667.0;-7.0;41.0;2.0;3.0;-7.0;8.0
05/10/2021;IN;22431.0;1409825.0;33894312.0;3811564.0;666078231.0;-7.0;41.0;1.0;3.0;-9.0;8.0
06/10/2021;IN;21257.0;1853617.0;33915569.0;2897698.0;668975929.0;-6.0;45.0;-1.0;3.0;-10.0;9.0
07/10/2021;IN;19740.0;1385706.0;33935309.0;1888597.0;670864526.0;-7.0;43.0;0.0;3.0;-8.0;9.0
08/10/2021;IN;18166.0;1269291.0;33953475.0;4296779.0;675161305.0;-6.0;47.0;0.0;6.0;-5.0;8.0
09/10/2021;IN;18132.0;1283212.0;33971607.0;4083876.0;679245181.0;-8.0;41.0;-1.0;6.0;-3.0;8.0
10/10/2021;IN;14313.0;1035797.0;33985920.0;4253174.0;683498355.0;-6.0;38.0;5.0;11.0;8.0;6.0
11/10/2021;IN;15823.0;1406553.0;34001743.0;1839134.0;685337489.0;-4.0;44.0;7.0;4.0;-9.0;8.0
12/10/2021;IN;18987.0;1325399.0;34020730.0;3349439.0;688686928.0;0.0;50.0;12.0;10.0;-12.0;7.0
13/10/2021;IN;16862.0;1301083.0;34037592.0;2281386.0;690968314.0;1.0;52.0;12.0;12.0;-13.0;7.0
14/10/2021;IN;15981.0;1180148.0;34053573.0;1166491.0;692134805.0;3.0;50.0;18.0;10.0;-23.0;8.0
15/10/2021;IN;14146.0;990585.0;34067719.0;1281332.0;693416137.0;-1.0;45.0;19.0;0.0;-45.0;14.0
16/10/2021;IN;13596.0;1100123.0;34081315.0;575975.0;693992112.0;-11.0;33.0;2.0;2.0;-9.0;8.0
17/10/2021;IN;13058.0;989493.0;34094373.0;1544248.0;695536360.0;-12.0;26.0;1.0;8.0;4.0;6.0
18/10/2021;IN;14623.0;1181314.0;34108996.0;1102560.0;696638920.0;-6.0;37.0;3.0;3.0;-11.0;8.0
19/10/2021;IN;18454.0;1323702.0;34127450.0;3501378.0;700140298.0;-5.0;42.0;6.0;2.0;-23.0;10.0
20/10/2021;IN;15786.0;1312328.0;34143236.0;5705937.0;705846235.0;-5.0;42.0;2.0;6.0;-11.0;8.0
21/10/2021;IN;16326.0;1324263.0;34159562.0;3705798.0;709552033.0;-3.0;45.0;5.0;6.0;-6.0;8.0
22/10/2021;IN;15906.0;1364681.0;34175468.0;2852557.0;712404590.0;-2.0;51.0;4.0;7.0;-4.0;8.0
23/10/2021;IN;14306.0;1340158.0;34189774.0;1679543.0;714084133.0;-5.0;44.0;1.0;8.0;2.0;7.0
24/10/2021;IN;12428.0;998397.0;34202202.0;3592177.0;717676310.0;-10.0;32.0;0.0;7.0;7.0;7.0
25/10/2021;IN;13451.0;1131826.0;34215653.0;767831.0;718444141.0;-4.0;43.0;5.0;5.0;-5.0;8.0
26/10/2021;IN;16156.0;1305962.0;34231809.0;2704943.0;721149084.0;-3.0;45.0;6.0;7.0;-7.0;8.0
27/10/2021;IN;14348.0;1290900.0;34246157.0;2275780.0;723424864.0;-1.0;48.0;3.0;8.0;-3.0;8.0
28/10/2021;IN;14313.0;1387364.0;34260470.0;2208541.0;725633405.0;-2.0;46.0;5.0;6.0;-4.0;8.0
29/10/2021;IN;12830.0;1176850.0;34273300.0;3566482.0;729199887.0;-2.0;51.0;3.0;6.0;-2.0;9.0
30/10/2021;IN;12514.0;1257296.0;34285814.0;2612109.0;731811996.0;-3.0;47.0;2.0;10.0;8.0;6.0
31/10/2021;IN;10423.0;881379.0;34296237.0;1730733.0;733542729.0;-1.0;47.0;5.0;14.0;18.0;5.0
01/11/2021;IN;11903.0;1009045.0;34308140.0;2037639.0;735580368.0;6.0;60.0;10.0;9.0;-10.0;8.0
02/11/2021;IN;12885.0;1068514.0;34321025.0;866207.0;736446575.0;12.0;75.0;13.0;17.0;-11.0;7.0
03/11/2021;IN;12729.0;1067914.0;34333754.0;2055375.0;738501950.0;13.0;77.0;13.0;21.0;-16.0;8.0
04/11/2021;IN;10929.0;670847.0;34344683.0;855851.0;739357801.0;0.0;57.0;14.0;1.0;-50.0;16.0
05/11/2021;IN;10853.0;948137.0;34355536.0;236238.0;739594039.0;-5.0;39.0;13.0;-2.0;-46.0;14.0
06/11/2021;IN;11451.0;919996.0;34366987.0;774356.0;740368395.0;-7.0;38.0;12.0;9.0;-29.0;8.0
07/11/2021;IN;10126.0;1186202.0;34377113.0;842260.0;741210655.0;-7.0;35.0;12.0;18.0;-6.0;4.0
08/11/2021;IN;11466.0;1151982.0;34388579.0;1539500.0;742750155.0;-2.0;45.0;14.0;10.0;-16.0;7.0
09/11/2021;IN;13091.0;1278728.0;34401670.0;1234226.0;743984381.0;0.0;49.0;15.0;12.0;-13.0;7.0
10/11/2021;IN;12516.0;1399405.0;34414186.0;1612863.0;745597244.0;0.0;48.0;15.0;11.0;-14.0;8.0
11/11/2021;IN;11850.0;1165286.0;34426036.0;1274981.0;746872225.0;-4.0;40.0;13.0;6.0;-13.0;8.0
12/11/2021;IN;11271.0;1266589.0;34437307.0;2307238.0;749179463.0;-2.0;49.0;7.0;9.0;-8.0;8.0
13/11/2021;IN;10229.0;1417405.0;34447536.0;2302145.0;751481608.0;-4.0;43.0;5.0;11.0;-5.0;7.0
14/11/2021;IN;8865.0;915198.0;34456401.0;1180613.0;752662221.0;-3.0;40.0;10.0;17.0;3.0;5.0
15/11/2021;IN;10197.0;1107617.0;34466598.0;1270585.0;753932806.0;-1.0;45.0;11.0;10.0;-10.0;8.0
16/11/2021;IN;11919.0;1242177.0;34478517.0;2119881.0;756052687.0;1.0;48.0;12.0;11.0;-9.0;7.0
17/11/2021;IN;11106.0;1232505.0;34489623.0;2198918.0;758251605.0;1.0;49.0;8.0;13.0;-5.0;7.0
18/11/2021;IN;10302.0;1138699.0;34499925.0;2280679.0;760532284.0;-3.0;43.0;8.0;9.0;-7.0;8.0
19/11/2021;IN;10488.0;1187739.0;34510413.0;1636999.0;762169283.0;-2.0;48.0;11.0;6.0;-20.0;11.0
20/11/2021;IN;8488.0;1074099.0;34518901.0;3195562.0;765364845.0;-3.0;43.0;7.0;13.0;1.0;6.0
21/11/2021;IN;7579.0;874881.0;34526480.0;1623177.0;766988022.0;-2.0;39.0;14.0;18.0;2.0;4.0
22/11/2021;IN;9283.0;964980.0;34535763.0;2608531.0;769596553.0;0.0;46.0;13.0;11.0;-8.0;7.0
23/11/2021;IN;9119.0;1284986.0;34544882.0;2619157.0;772215710.0;0.0;46.0;12.0;11.0;-7.0;7.0
24/11/2021;IN;10549.0;1150538.0;34555431.0;2860722.0;775076432.0;2.0;49.0;9.0;13.0;-4.0;7.0
25/11/2021;IN;8318.0;1181246.0;34563749.0;1439479.0;776515911.0;1.0;46.0;11.0;11.0;-5.0;7.0
26/11/2021;IN;8774.0;1141880.0;34572523.0;4035094.0;780551005.0;1.0;52.0;10.0;12.0;-4.0;8.0
27/11/2021;IN;8309.0;1179373.0;34580832.0;524738.0;781075743.0;-3.0;43.0;8.0;13.0;1.0;7.0
28/11/2021;IN;6990.0;864063.0;34587822.0;3572179.0;784647922.0;-3.0;39.0;13.0;16.0;5.0;5.0
29/11/2021;IN;8954.0;1012523.0;34596776.0;1707475.0;786355397.0;0.0;45.0;14.0;11.0;-7.0;7.0
30/11/2021;IN;9765.0;1108467.0;34606541.0;2698799.0;789054196.0;1.0;47.0;14.0;13.0;-7.0;7.0
01/12/2021;IN;9216.0;1098611.0;34615757.0;2572347.0;791626543.0;-1.0;45.0;7.0;12.0;-4.0;7.0
02/12/2021;IN;8603.0;1157156.0;34624360.0;2901770.0;794528313.0;-1.0;44.0;7.0;10.0;-4.0;8.0
03/12/2021;IN;8895.0;1358704.0;34633255.0;1755510.0;796283823.0;1.0;55.0;10.0;12.0;-1.0;8.0
04/12/2021;IN;8306.0;1226064.0;34641561.0;3461701.0;799745524.0;-2.0;45.0;6.0;13.0;8.0;7.0
05/12/2021;IN;6822.0;1006217.0;34648383.0;1671851.0;801417375.0;-2.0;41.0;11.0;15.0;6.0;6.0
06/12/2021;IN;8439.0;1187947.0;34656822.0;1476684.0;802894059.0;1.0;47.0;13.0;11.0;-4.0;8.0
07/12/2021;IN;9419.0;1213130.0;34666241.0;2510537.0;805404596.0;3.0;50.0;16.0;15.0;-3.0;6.0
08/12/2021;IN;8503.0;1289983.0;34674744.0;2350954.0;807755550.0;5.0;53.0;13.0;17.0;1.0;6.0
09/12/2021;IN;7992.0;1293412.0;34682736.0;2386956.0;810142506.0;2.0;47.0;12.0;13.0;1.0;7.0
10/12/2021;IN;7774.0;1383761.0;34690510.0;1301486.0;811443992.0;4.0;54.0;12.0;16.0;3.0;6.0
11/12/2021;IN;7350.0;1189459.0;34697860.0;3944006.0;815387998.0;1.0;48.0;12.0;16.0;5.0;5.0
12/12/2021;IN;5784.0;855692.0;34703644.0;1320252.0;816708250.0;1.0;43.0;17.0;21.0;11.0;4.0
13/12/2021;IN;6984.0;990482.0;34710628.0;1199310.0;817907560.0;2.0;47.0;16.0;14.0;0.0;6.0
14/12/2021;IN;7974.0;1184883.0;34718602.0;3056350.0;820963910.0;1.0;47.0;13.0;13.0;0.0;7.0
15/12/2021;IN;7447.0;1399946.0;34726049.0;1581743.0;822545653.0;2.0;51.0;10.0;15.0;5.0;6.0
16/12/2021;IN;7145.0;1259932.0;34733194.0;905385.0;823451038.0;2.0;46.0;10.0;12.0;3.0;7.0
17/12/2021;IN;7081.0;1389694.0;34740275.0;2080152.0;825531190.0;3.0;51.0;9.0;12.0;5.0;8.0
18/12/2021;IN;6563.0;1211977.0;34746838.0;1837282.0;827368472.0;0.0;44.0;8.0;15.0;15.0;6.0
19/12/2021;IN;5326.0;1003215.0;34752164.0;951123.0;828319595.0;1.0;40.0;14.0;16.0;14.0;5.0
20/12/2021;IN;6317.0;1014079.0;34758481.0;900274.0;829219869.0;2.0;48.0;13.0;11.0;4.0;7.0
21/12/2021;IN;7495.0;1229512.0;34765976.0;1922654.0;831142523.0;3.0;48.0;13.0;12.0;3.0;7.0
22/12/2021;IN;6650.0;1287758.0;34772626.0;621352.0;831763875.0;3.0;51.0;10.0;15.0;7.0;7.0
23/12/2021;IN;7189.0;1165887.0;34779815.0;1501826.0;833265701.0;4.0;50.0;12.0;14.0;5.0;7.0
24/12/2021;IN;6987.0;1241811.0;34786802.0;1472083.0;834737784.0;9.0;59.0;16.0;18.0;2.0;7.0
25/12/2021;IN;6531.0;945455.0;34793333.0;2340951.0;837078735.0;3.0;43.0;19.0;12.0;-12.0;8.0
26/12/2021;IN;6358.0;939539.0;34799691.0;215553.0;837294288.0;-2.0;33.0;18.0;17.0;13.0;4.0
27/12/2021;IN;9195.0;1141910.0;34808886.0;1023876.0;838318164.0;3.0;46.0;19.0;13.0;-1.0;7.0
28/12/2021;IN;13154.0;1167612.0;34822040.0;1777309.0;840095473.0;0.0;41.0;15.0;11.0;-2.0;8.0
29/12/2021;IN;16764.0;1199252.0;34838804.0;2219977.0;842315450.0;1.0;45.0;12.0;13.0;1.0;8.0
30/12/2021;IN;22775.0;1432860.0;34861579.0;905343.0;843220793.0;1.0;46.0;14.0;11.0;0.0;8.0
31/12/2021;IN;27553.0;1110855.0;34889132.0;2419808.0;845640601.0;11.0;65.0;20.0;16.0;-1.0;7.0
01/01/2022;IN;33750.0;1082376.0;34922882.0;1335170.0;846975771.0;-3.0;37.0;20.0;7.0;-7.0;8.0
02/01/2022;IN;37379.0;878990.0;34960261.0;689535.0;847665306.0;-5.0;37.0;15.0;14.0;12.0;6.0
03/01/2022;IN;58097.0;1478119.0;35018358.0;4905665.0;852570971.0;-3.0;47.0;11.0;10.0;4.0;8.0
04/01/2022;IN;90928.0;1388647.0;35109286.0;5217549.0;857788520.0;-4.0;45.0;9.0;8.0;2.0;9.0
05/01/2022;IN;117100.0;1488509.0;35226386.0;6677905.0;864466425.0;-7.0;39.0;0.0;6.0;4.0;10.0
06/01/2022;IN;141986.0;1513377.0;35368372.0;6622289.0;871088714.0;-6.0;41.0;4.0;5.0;3.0;11.0
07/01/2022;IN;159632.0;1651831.0;35528004.0;8536349.0;879625063.0;-5.0;49.0;4.0;7.0;3.0;11.0
08/01/2022;IN;179723.0;1563566.0;35707727.0;1305651.0;880930714.0;-18.0;28.0;-5.0;-3.0;-2.0;13.0
09/01/2022;IN;168063.0;1540827.0;35875790.0;5273368.0;886204082.0;-24.0;18.0;-4.0;-7.0;7.0;12.0
10/01/2022;IN;194720.0;1579928.0;36070510.0;3255737.0;889459819.0;-5.0;46.0;7.0;4.0;-1.0;11.0
11/01/2022;IN;247417.0;2119100.0;36317927.0;6392220.0;895852039.0;-7.0;41.0;5.0;3.0;-4.0;11.0
12/01/2022;IN;264202.0;;36582129.0;2858224.0;898710263.0;-6.0;46.0;4.0;6.0;-2.0;12.0
13/01/2022;IN;268833.0;;36850962.0;4328361.0;903038624.0;-5.0;49.0;8.0;8.0;-6.0;12.0
14/01/2022;IN;271202.0;1613740.0;37122164.0;1048141.0;904086765.0;-14.0;35.0;5.0;-3.0;-24.0;16.0
15/01/2022;IN;258089.0;1736014.0;37380253.0;3918584.0;908005349.0;-24.0;20.0;0.0;-8.0;-13.0;15.0
16/01/2022;IN;238018.0;1313444.0;37618271.0;2380694.0;910386043.0;-29.0;10.0;-2.0;-10.0;1.0;12.0
17/01/2022;IN;282970.0;1649143.0;37901241.0;2166091.0;912552134.0;-9.0;36.0;9.0;2.0;-6.0;12.0
18/01/2022;IN;317532.0;2010225.0;38218773.0;15777.0;912567911.0;-10.0;35.0;7.0;1.0;-7.0;13.0
19/01/2022;IN;347254.0;1935180.0;38566027.0;6491695.0;919059606.0;-6.0;41.0;6.0;2.0;-2.0;12.0
20/01/2022;IN;337704.0;2182108.0;38903731.0;3027610.0;922087216.0;-6.0;39.0;7.0;0.0;-3.0;13.0
21/01/2022;IN;333533.0;1960954.0;39237264.0;3412936.0;925500152.0;-7.0;44.0;6.0;1.0;-1.0;13.0
22/01/2022;IN;306064.0;2020688.0;39543328.0;2633157.0;928133309.0;-14.0;29.0;-1.0;-3.0;2.0;13.0
23/01/2022;IN;255874.0;1474753.0;39799202.0;1838313.0;929971622.0;-24.0;12.0;-2.0;-11.0;5.0;13.0
24/01/2022;IN;285914.0;1807100.0;40085116.0;388276.0;930359898.0;-6.0;40.0;10.0;0.0;-2.0;12.0
25/01/2022;IN;286384.0;1769745.0;40371500.0;2246613.0;932606511.0;-4.0;41.0;11.0;2.0;-4.0;12.0
26/01/2022;IN;251209.0;1594070.0;40622709.0;1862280.0;934468791.0;-2.0;41.0;16.0;-5.0;-36.0;17.0
27/01/2022;IN;235532.0;1582307.0;40858241.0;826058.0;935294849.0;-5.0;39.0;10.0;1.0;0.0;12.0
28/01/2022;IN;234281.0;2026150.0;41092522.0;1812178.0;937107027.0;-6.0;44.0;8.0;1.0;3.0;13.0
29/01/2022;IN;209918.0;1615993.0;41302440.0;1538644.0;938645671.0;-8.0;38.0;6.0;3.0;16.0;10.0
30/01/2022;IN;167059.0;1607115.0;41469499.0;2110035.0;940755706.0;-11.0;32.0;10.0;3.0;20.0;9.0
31/01/2022;IN;161386.0;1699380.0;41630885.0;2272008.0;943027714.0;-3.0;43.0;14.0;3.0;3.0;11.0
01/02/2022;IN;172433.0;1742793.0;41803318.0;1721706.0;944749420.0;-2.0;45.0;15.0;5.0;1.0;11.0
02/02/2022;IN;149394.0;1752628.0;41952712.0;1509707.0;946259127.0;2.0;51.0;14.0;10.0;5.0;10.0
03/02/2022;IN;127952.0;1611666.0;42080664.0;1082045.0;947341172.0;-1.0;44.0;12.0;7.0;3.0;11.0
04/02/2022;IN;107474.0;2127953.0;42188138.0;1376277.0;948717449.0;0.0;51.0;13.0;8.0;3.0;11.0
05/02/2022;IN;83876.0;2254908.0;42272014.0;1591526.0;950308975.0;0.0;45.0;18.0;13.0;10.0;7.0
06/02/2022;IN;67597.0;1374446.0;42339611.0;904202.0;951213177.0;-2.0;40.0;20.0;14.0;14.0;6.0
07/02/2022;IN;71365.0;1346534.0;42410976.0;50639.0;951263816.0;3.0;49.0;23.0;10.0;1.0;9.0
08/02/2022;IN;67084.0;1776629.0;42478060.0;1414463.0;952678279.0;3.0;49.0;22.0;12.0;2.0;8.0
09/02/2022;IN;58077.0;1511321.0;42536137.0;1578955.0;954257234.0;4.0;52.0;18.0;14.0;5.0;8.0
10/02/2022;IN;50407.0;1673976.0;42586544.0;56435.0;954313669.0;5.0;49.0;22.0;13.0;1.0;9.0
11/02/2022;IN;44877.0;1450532.0;42631421.0;2050316.0;956363985.0;5.0;54.0;21.0;15.0;5.0;8.0
12/02/2022;IN;34113.0;1415279.0;42665534.0;683896.0;957047881.0;2.0;48.0;18.0;14.0;9.0;8.0
13/02/2022;IN;27409.0;1067908.0;42692943.0;985165.0;958033046.0;3.0;45.0;25.0;19.0;19.0;6.0
14/02/2022;IN;30615.0;1229536.0;42723558.0;429270.0;958462316.0;10.0;52.0;27.0;14.0;3.0;8.0
15/02/2022;IN;30757.0;1251677.0;42754315.0;1139815.0;959602131.0;5.0;51.0;24.0;15.0;3.0;8.0
16/02/2022;IN;25920.0;1247481.0;42780235.0;489757.0;960091888.0;6.0;52.0;23.0;16.0;4.0;8.0
17/02/2022;IN;22270.0;1319327.0;42802505.0;930354.0;961022242.0;5.0;50.0;24.0;15.0;6.0;8.0
18/02/2022;IN;19968.0;1275693.0;42822473.0;671536.0;961693778.0;7.0;55.0;28.0;17.0;7.0;7.0
19/02/2022;IN;16051.0;1187766.0;42838524.0;589681.0;962283459.0;2.0;46.0;25.0;18.0;13.0;6.0
20/02/2022;IN;13405.0;831087.0;42851929.0;333307.0;962616766.0;1.0;40.0;28.0;20.0;19.0;5.0
21/02/2022;IN;15102.0;1084247.0;42867031.0;350547.0;962967313.0;4.0;48.0;27.0;15.0;8.0;7.0
22/02/2022;IN;14148.0;1183438.0;42881179.0;550167.0;963517480.0;4.0;48.0;29.0;15.0;7.0;7.0
23/02/2022;IN;13166.0;1155147.0;42894345.0;324324.0;963841804.0;4.0;48.0;26.0;17.0;12.0;8.0
24/02/2022;IN;11499.0;;42905844.0;462830.0;964304634.0;5.0;46.0;30.0;15.0;12.0;9.0
25/02/2022;IN;10273.0;;42916117.0;513864.0;964818498.0;7.0;51.0;29.0;17.0;14.0;9.0
26/02/2022;IN;8013.0;1022204.0;42924130.0;517670.0;965336168.0;2.0;45.0;26.0;18.0;20.0;8.0
27/02/2022;IN;6915.0;723828.0;42931045.0;195140.0;965531308.0;2.0;41.0;31.0;20.0;28.0;6.0
28/02/2022;IN;7554.0;901647.0;42938599.0;202272.0;965733580.0;7.0;56.0;38.0;19.0;11.0;7.0
01/03/2022;IN;6561.0;784059.0;42945160.0;189883.0;965923463.0;3.0;50.0;47.0;13.0;-16.0;12.0
02/03/2022;IN;6396.0;882953.0;42951556.0;201991.0;966125454.0;4.0;50.0;33.0;19.0;12.0;8.0
03/03/2022;IN;5921.0;923351.0;42957477.0;383042.0;966508496.0;6.0;51.0;41.0;20.0;14.0;8.0
04/03/2022;IN;5476.0;940905.0;42962953.0;301720.0;966810216.0;9.0;56.0;44.0;22.0;16.0;10.0
05/03/2022;IN;4362.0;909985.0;42967315.0;343645.0;967153861.0;5.0;50.0;39.0;23.0;29.0;8.0
06/03/2022;IN;3993.0;612926.0;42971308.0;125528.0;967279389.0;5.0;46.0;42.0;25.0;33.0;8.0
07/03/2022;IN;4575.0;873395.0;42975883.0;181543.0;967460932.0;7.0;51.0;50.0;20.0;16.0;10.0
08/03/2022;IN;4184.0;897904.0;42980067.0;264873.0;967725805.0;10.0;52.0;56.0;23.0;16.0;10.0
09/03/2022;IN;4194.0;873974.0;42984261.0;220993.0;967946798.0;9.0;53.0;54.0;24.0;21.0;10.0
10/03/2022;IN;3614.0;812365.0;42987875.0;207511.0;968154309.0;8.0;49.0;60.0;22.0;21.0;12.0
11/03/2022;IN;3116.0;863604.0;42990991.0;299842.0;968454151.0;11.0;54.0;59.0;26.0;24.0;12.0
12/03/2022;IN;2503.0;761737.0;42993494.0;140153.0;968594304.0;7.0;49.0;55.0;26.0;27.0;11.0
13/03/2022;IN;2568.0;532232.0;42996062.0;144066.0;968738370.0;8.0;46.0;57.0;31.0;43.0;10.0
14/03/2022;IN;2876.0;701773.0;42998938.0;190185.0;968928555.0;10.0;51.0;66.0;25.0;22.0;12.0
15/03/2022;IN;2539.0;752818.0;43001477.0;169232.0;969097787.0;11.0;52.0;66.0;27.0;19.0;12.0
16/03/2022;IN;2528.0;717330.0;43004005.0;183695.0;969281482.0;14.0;58.0;63.0;32.0;22.0;11.0
17/03/2022;IN;2075.0;633867.0;43006080.0;726874.0;970008356.0;14.0;60.0;68.0;30.0;12.0;12.0
18/03/2022;IN;1761.0;370514.0;43007841.0;515099.0;970523455.0;-8.0;20.0;54.0;-2.0;-37.0;24.0
19/03/2022;IN;1549.0;431973.0;43009390.0;543724.0;971067179.0;-1.0;34.0;51.0;15.0;9.0;14.0
20/03/2022;IN;1581.0;384499.0;43010971.0;360945.0;971428124.0;4.0;38.0;55.0;29.0;37.0;9.0
21/03/2022;IN;1778.0;568471.0;43012749.0;1380741.0;972808865.0;8.0;48.0;67.0;26.0;19.0;11.0
22/03/2022;IN;1938.0;677218.0;43014687.0;1530766.0;974339631.0;8.0;46.0;65.0;24.0;15.0;12.0
23/03/2022;IN;1685.0;661954.0;43016372.0;2624234.0;976963865.0;10.0;50.0;60.0;26.0;21.0;12.0
24/03/2022;IN;1660.0;691425.0;43018032.0;2273113.0;979236978.0;8.0;47.0;62.0;23.0;21.0;12.0
25/03/2022;IN;1421.0;658489.0;43019453.0;1198687.0;980435665.0;13.0;52.0;60.0;25.0;22.0;12.0
26/03/2022;IN;1270.0;620251.0;43020723.0;2252177.0;982687842.0;8.0;46.0;54.0;25.0;31.0;10.0
27/03/2022;IN;1259.0;432389.0;43021982.0;502938.0;983190780.0;8.0;42.0;55.0;29.0;45.0;9.0
28/03/2022;IN;1233.0;577559.0;43023215.0;860503.0;984051283.0;7.0;43.0;64.0;19.0;18.0;13.0
29/03/2022;IN;1225.0;624022.0;43024440.0;786860.0;984838143.0;7.0;43.0;63.0;20.0;16.0;13.0
30/03/2022;IN;1335.0;607987.0;43025775.0;2174722.0;987012865.0;11.0;50.0;59.0;25.0;23.0;12.0
31/03/2022;IN;1260.0;606036.0;43027035.0;1834110.0;988846975.0;10.0;50.0;61.0;24.0;23.0;12.0
01/04/2022;IN;1096.0;528021.0;43028131.0;673053.0;989520028.0;12.0;61.0;60.0;27.0;21.0;12.0
02/04/2022;IN;913.0;465904.0;43029044.0;;;2.0;46.0;53.0;19.0;15.0;14.0
03/04/2022;IN;795.0;314823.0;43029839.0;;;2.0;42.0;51.0;24.0;39.0;11.0
04/04/2022;IN;1086.0;466332.0;43030925.0;1517247.0;991037275.0;6.0;48.0;64.0;23.0;20.0;12.0
05/04/2022;IN;1033.0;481374.0;43031958.0;732547.0;991769822.0;8.0;50.0;64.0;24.0;17.0;12.0
06/04/2022;IN;1109.0;482039.0;43033067.0;958990.0;992728812.0;8.0;50.0;59.0;25.0;22.0;12.0
07/04/2022;IN;1150.0;453582.0;43034217.0;697536.0;993426348.0;7.0;50.0;61.0;23.0;21.0;12.0
08/04/2022;IN;1054.0;466362.0;43035271.0;550043.0;993976391.0;8.0;56.0;60.0;25.0;22.0;12.0
09/04/2022;IN;861.0;418345.0;43036132.0;666003.0;994642394.0;4.0;50.0;54.0;25.0;24.0;12.0
10/04/2022;IN;796.0;271211.0;43036928.0;297829.0;994940223.0;4.0;44.0;54.0;28.0;37.0;11.0
11/04/2022;IN;1088.0;406251.0;43038016.0;346955.0;995287178.0;10.0;53.0;68.0;26.0;21.0;11.0
12/04/2022;IN;1007.0;429323.0;43039023.0;810477.0;996097655.0;11.0;54.0;68.0;28.0;18.0;12.0
13/04/2022;IN;949.0;35855632.0;43039972.0;373800.0;996471455.0;16.0;57.0;65.0;34.0;21.0;11.0
14/04/2022;IN;975.0;367213.0;43040947.0;463345.0;996934800.0;20.0;54.0;72.0;26.0;-8.0;14.0
15/04/2022;IN;1150.0;300918.0;43042097.0;103507.0;997038307.0;19.0;57.0;73.0;23.0;-9.0;15.0
16/04/2022;IN;2183.0;365118.0;43044280.0;;;8.0;47.0;63.0;28.0;22.0;10.0
17/04/2022;IN;1247.0;261440.0;43045527.0;;;8.0;43.0;57.0;32.0;35.0;9.0
18/04/2022;IN;2067.0;401909.0;43047594.0;792807.0;997831114.0;12.0;51.0;69.0;28.0;19.0;11.0
19/04/2022;IN;2380.0;421183.0;43049974.0;564084.0;998395198.0;11.0;50.0;68.0;27.0;17.0;12.0
20/04/2022;IN;2451.0;449114.0;43052425.0;175616.0;998570814.0;12.0;51.0;63.0;28.0;20.0;11.0
21/04/2022;IN;2527.0;;43054952.0;403047.0;998973861.0;11.0;49.0;67.0;26.0;17.0;11.0
22/04/2022;IN;2593.0;;43057545.0;484393.0;999458254.0;11.0;55.0;64.0;27.0;20.0;12.0
23/04/2022;IN;2541.0;436532.0;43060086.0;;;6.0;47.0;56.0;26.0;26.0;11.0
24/04/2022;IN;2483.0;302115.0;43062569.0;893334.0;1000351588.0;7.0;45.0;56.0;30.0;38.0;10.0
25/04/2022;IN;2927.0;449197.0;43065496.0;186075.0;1000537663.0;10.0;51.0;69.0;26.0;20.0;12.0
26/04/2022;IN;3303.0;505065.0;43068799.0;559685.0;1001097348.0;10.0;51.0;67.0;26.0;18.0;12.0
27/04/2022;IN;3377.0;497669.0;43072176.0;525457.0;1001622805.0;11.0;52.0;63.0;27.0;21.0;11.0
28/04/2022;IN;3688.0;473635.0;43075864.0;465152.0;1002087957.0;9.0;49.0;64.0;24.0;20.0;12.0
29/04/2022;IN;3324.0;496640.0;43079188.0;720065.0;1002808022.0;12.0;55.0;62.0;26.0;21.0;13.0
30/04/2022;IN;3157.0;471087.0;43082345.0;354180.0;1003162202.0;7.0;51.0;56.0;29.0;34.0;10.0
01/05/2022;IN;2568.0;295588.0;43084913.0;464285.0;1003626487.0;9.0;51.0;58.0;32.0;36.0;10.0
02/05/2022;IN;3205.0;419552.0;43088118.0;162382.0;1003788869.0;19.0;65.0;79.0;29.0;12.0;12.0
03/05/2022;IN;3275.0;327327.0;43091393.0;303893.0;1004092762.0;17.0;53.0;83.0;22.0;-20.0;16.0
04/05/2022;IN;3545.0;423430.0;43094938.0;147952.0;1004240714.0;14.0;53.0;69.0;31.0;13.0;11.0
05/05/2022;IN;3805.0;465918.0;43098743.0;317597.0;1004558311.0;13.0;53.0;69.0;28.0;15.0;11.0
06/05/2022;IN;3451.0;487544.0;43102194.0;374564.0;1004932875.0;15.0;59.0;67.0;29.0;18.0;11.0
07/05/2022;IN;3207.0;360613.0;43105401.0;396934.0;1005329809.0;10.0;52.0;59.0;31.0;29.0;10.0
08/05/2022;IN;2288.0;336776.0;43107689.0;380282.0;1005710091.0;10.0;48.0;61.0;34.0;37.0;9.0
09/05/2022;IN;2897.0;484843.0;43110586.0;286347.0;1005996438.0;13.0;53.0;75.0;28.0;15.0;11.0
10/05/2022;IN;2827.0;472190.0;43113413.0;310012.0;1006306450.0;11.0;50.0;76.0;29.0;13.0;10.0
11/05/2022;IN;2841.0;471276.0;43116254.0;311057.0;1006617507.0;11.0;51.0;68.0;30.0;16.0;10.0
12/05/2022;IN;2858.0;486628.0;43119112.0;330098.0;1006947605.0;11.0;48.0;72.0;29.0;15.0;10.0
13/05/2022;IN;2487.0;486963.0;43121599.0;327728.0;1007275333.0;12.0;53.0;71.0;31.0;16.0;11.0
14/05/2022;IN;2202.0;;43123801.0;341147.0;1007616480.0;6.0;45.0;64.0;30.0;17.0;10.0
15/05/2022;IN;1569.0;;43125370.0;258827.0;1007875307.0;6.0;40.0;63.0;34.0;33.0;8.0
16/05/2022;IN;1829.0;357484.0;43127199.0;89720.0;1007965027.0;9.0;46.0;76.0;25.0;4.0;12.0
17/05/2022;IN;2364.0;434962.0;43129563.0;214677.0;1008179704.0;9.0;47.0;74.0;28.0;13.0;11.0
18/05/2022;IN;2259.0;477570.0;43131822.0;290075.0;1008469779.0;10.0;49.0;68.0;29.0;16.0;11.0
19/05/2022;IN;2323.0;451179.0;43134145.0;264768.0;1008734547.0;8.0;45.0;67.0;26.0;15.0;12.0
20/05/2022;IN;2226.0;499382.0;43136371.0;309614.0;1009044161.0;10.0;50.0;67.0;28.0;15.0;11.0
21/05/2022;IN;2022.0;442681.0;43138393.0;300889.0;1009345050.0;5.0;43.0;60.0;28.0;25.0;10.0
22/05/2022;IN;1675.0;294812.0;43140068.0;222748.0;1009567798.0;6.0;41.0;62.0;32.0;35.0;9.0
23/05/2022;IN;2124.0;407626.0;43142192.0;91274.0;1009659072.0;9.0;47.0;74.0;26.0;14.0;12.0
24/05/2022;IN;2628.0;458924.0;43144820.0;230772.0;1009889844.0;11.0;48.0;75.0;28.0;13.0;11.0
25/05/2022;IN;2710.0;452580.0;43147530.0;222300.0;1010112144.0;12.0;49.0;71.0;30.0;15.0;11.0
26/05/2022;IN;2685.0;465840.0;43150215.0;237113.0;1010349257.0;10.0;46.0;72.0;27.0;14.0;11.0
27/05/2022;IN;2828.0;447637.0;43153043.0;267336.0;1010616593.0;11.0;51.0;70.0;28.0;16.0;11.0
28/05/2022;IN;2706.0;474309.0;43155749.0;260048.0;1010876641.0;5.0;43.0;62.0;26.0;22.0;10.0
29/05/2022;IN;2338.0;278267.0;43158087.0;190110.0;1011066751.0;4.0;39.0;62.0;30.0;38.0;9.0
30/05/2022;IN;2745.0;363883.0;43160832.0;66755.0;1011133506.0;9.0;46.0;75.0;26.0;15.0;12.0
31/05/2022;IN;3712.0;455314.0;43164544.0;196413.0;1011329919.0;11.0;48.0;75.0;28.0;14.0;11.0
01/06/2022;IN;4041.0;441989.0;43168585.0;323634.0;1011653553.0;13.0;52.0;70.0;32.0;16.0;10.0
02/06/2022;IN;3962.0;425379.0;43172547.0;39676.0;1011693229.0;11.0;50.0;70.0;28.0;14.0;11.0
03/06/2022;IN;4270.0;445814.0;43176817.0;169251.0;1011862480.0;13.0;54.0;69.0;30.0;16.0;11.0
04/06/2022;IN;4518.0;413699.0;43181335.0;170249.0;1012032729.0;8.0;49.0;62.0;31.0;27.0;10.0
05/06/2022;IN;3714.0;278059.0;43185049.0;145455.0;1012178184.0;9.0;44.0;64.0;34.0;35.0;8.0
06/06/2022;IN;5233.0;307716.0;43190282.0;64040.0;1012242224.0;12.0;50.0;76.0;29.0;15.0;11.0
07/06/2022;IN;7240.0;313361.0;43197522.0;191252.0;1012433476.0;12.0;50.0;74.0;29.0;13.0;11.0
08/06/2022;IN;7584.0;340615.0;43205106.0;226939.0;1012660415.0;13.0;53.0;69.0;32.0;16.0;11.0
09/06/2022;IN;8329.0;335050.0;43213435.0;205686.0;1012866101.0;12.0;48.0;71.0;29.0;14.0;11.0
10/06/2022;IN;8582.0;344994.0;43222017.0;221205.0;1013087306.0;13.0;55.0;69.0;32.0;16.0;11.0
11/06/2022;IN;8084.0;316179.0;43230101.0;208933.0;1013296239.0;7.0;46.0;61.0;29.0;17.0;11.0
12/06/2022;IN;6594.0;249418.0;43236695.0;177325.0;1013473564.0;7.0;43.0;62.0;35.0;34.0;9.0
13/06/2022;IN;8822.0;321873.0;43245517.0;146098.0;1013619662.0;12.0;52.0;75.0;31.0;16.0;11.0
14/06/2022;IN;12213.0;440278.0;43257730.0;193962.0;1013813624.0;9.0;47.0;71.0;28.0;12.0;12.0
15/06/2022;IN;12847.0;519419.0;43270577.0;174743.0;1013988367.0;10.0;50.0;65.0;30.0;17.0;12.0
16/06/2022;IN;13216.0;519903.0;43283793.0;189676.0;1014178043.0;10.0;48.0;67.0;27.0;16.0;12.0
17/06/2022;IN;12899.0;484924.0;43296692.0;198357.0;1014376400.0;9.0;49.0;63.0;27.0;18.0;13.0
18/06/2022;IN;12781.0;446387.0;43309473.0;195252.0;1014571652.0;4.0;43.0;55.0;25.0;26.0;11.0
19/06/2022;IN;9923.0;296050.0;43319396.0;128425.0;1014700077.0;5.0;40.0;56.0;28.0;35.0;10.0
20/06/2022;IN;12249.0;388641.0;43331645.0;53475.0;1014753552.0;8.0;47.0;68.0;24.0;17.0;12.0
21/06/2022;IN;13313.0;;43344958.0;162594.0;1014916146.0;9.0;47.0;70.0;26.0;16.0;12.0
22/06/2022;IN;17336.0;;43362294.0;154936.0;1015071082.0;9.0;48.0;63.0;27.0;19.0;12.0
23/06/2022;IN;15940.0;;43378234.0;187012.0;1015258094.0;8.0;46.0;66.0;25.0;18.0;12.0
24/06/2022;IN;11739.0;;43389973.0;195639.0;1015453733.0;8.0;50.0;62.0;26.0;20.0;12.0
25/06/2022;IN;17073.0;;43407046.0;210291.0;1015664024.0;5.0;44.0;56.0;25.0;25.0;12.0
26/06/2022;IN;11793.0;;43418839.0;148719.0;1015812743.0;4.0;40.0;57.0;28.0;38.0;10.0
27/06/2022;IN;14506.0;;43433345.0;65193.0;1015877936.0;8.0;47.0;68.0;25.0;20.0;12.0
28/06/2022;IN;18819.0;;43452164.0;241521.0;1016119457.0;6.0;43.0;65.0;24.0;17.0;13.0
29/06/2022;IN;17070.0;;43469234.0;191551.0;1016311008.0;3.0;41.0;51.0;20.0;18.0;13.0
30/06/2022;IN;17092.0;;43486326.0;195274.0;1016506282.0;3.0;38.0;51.0;18.0;15.0;13.0
01/07/2022;IN;16103.0;;43502429.0;175633.0;1016681915.0;7.0;50.0;56.0;23.0;17.0;13.0
02/07/2022;IN;16135.0;;43518564.0;141133.0;1016823048.0;5.0;47.0;52.0;26.0;31.0;11.0
03/07/2022;IN;13086.0;;43531650.0;114867.0;1016937915.0;6.0;46.0;55.0;29.0;37.0;10.0
04/07/2022;IN;16159.0;;43547809.0;37919.0;1016975834.0;8.0;49.0;66.0;26.0;20.0;12.0
05/07/2022;IN;18930.0;;43566739.0;160927.0;1017136761.0;7.0;47.0;63.0;25.0;17.0;13.0
06/07/2022;IN;18815.0;;43585554.0;142043.0;1017278804.0;9.0;51.0;60.0;27.0;20.0;12.0
07/07/2022;IN;18840.0;;43604394.0;170528.0;1017449332.0;9.0;47.0;60.0;24.0;20.0;12.0
08/07/2022;IN;18257.0;;43622651.0;223709.0;1017673041.0;8.0;52.0;58.0;26.0;20.0;13.0
09/07/2022;IN;16678.0;;43639329.0;;;4.0;48.0;52.0;24.0;19.0;13.0
10/07/2022;IN;13615.0;;43652944.0;323604.0;1017996645.0;-2.0;36.0;51.0;22.0;26.0;12.0
11/07/2022;IN;16906.0;;43669850.0;143722.0;1018140367.0;5.0;44.0;64.0;22.0;13.0;13.0
12/07/2022;IN;20139.0;;43689989.0;132954.0;1018273321.0;5.0;45.0;62.0;23.0;14.0;13.0
13/07/2022;IN;20038.0;;43710027.0;213854.0;1018487175.0;4.0;44.0;57.0;23.0;18.0;13.0
14/07/2022;IN;20044.0;;43730071.0;194515.0;1018681690.0;5.0;44.0;57.0;21.0;19.0;13.0
15/07/2022;IN;20528.0;;43750599.0;215290.0;1018896980.0;6.0;48.0;58.0;23.0;22.0;14.0
16/07/2022;IN;16935.0;;43767534.0;;;3.0;43.0;50.0;25.0;32.0;12.0
17/07/2022;IN;15528.0;;43783062.0;;;4.0;42.0;52.0;27.0;37.0;12.0
18/07/2022;IN;20557.0;;43803619.0;279952.0;1019176932.0;5.0;46.0;64.0;23.0;21.0;13.0
19/07/2022;IN;21566.0;;43825185.0;108886.0;1019285818.0;8.0;47.0;67.0;26.0;20.0;16.0
20/07/2022;IN;21880.0;;43847065.0;159128.0;1019444946.0;7.0;46.0;57.0;26.0;24.0;13.0
21/07/2022;IN;21411.0;;43868476.0;178730.0;1019623676.0;7.0;45.0;60.0;23.0;22.0;14.0
22/07/2022;IN;20279.0;;43888755.0;237501.0;1019861177.0;7.0;48.0;57.0;25.0;24.0;13.0
23/07/2022;IN;16866.0;;43905621.0;186270.0;1020047447.0;4.0;44.0;53.0;25.0;28.0;13.0
24/07/2022;IN;14830.0;;43920451.0;154055.0;1020201502.0;-4.0;30.0;42.0;18.0;32.0;12.0
25/07/2022;IN;18313.0;;43938764.0;109217.0;1020310719.0;5.0;44.0;59.0;21.0;19.0;15.0
26/07/2022;IN;20557.0;;43959321.0;153484.0;1020464203.0;8.0;47.0;64.0;24.0;19.0;14.0
27/07/2022;IN;20409.0;;43979730.0;154171.0;1020618374.0;11.0;51.0;59.0;26.0;25.0;13.0
28/07/2022;IN;20408.0;;44000138.0;181886.0;1020800260.0;10.0;48.0;62.0;23.0;21.0;14.0
29/07/2022;IN;19673.0;;44019811.0;224821.0;1021025081.0;10.0;53.0;59.0;25.0;26.0;13.0
30/07/2022;IN;16464.0;;44036275.0;170304.0;1021195385.0;9.0;50.0;54.0;27.0;37.0;11.0
31/07/2022;IN;13734.0;;44050009.0;131798.0;1021327183.0;8.0;46.0;55.0;29.0;43.0;11.0
01/08/2022;IN;17135.0;;44067144.0;38025.0;1021365208.0;11.0;54.0;69.0;26.0;23.0;13.0
02/08/2022;IN;19893.0;;44087037.0;134823.0;1021500031.0;11.0;53.0;66.0;26.0;20.0;13.0
03/08/2022;IN;20551.0;;44107588.0;;;12.0;55.0;59.0;27.0;24.0;13.0
04/08/2022;IN;19406.0;;44126994.0;268770.0;1021768801.0;12.0;56.0;62.0;27.0;23.0;13.0
05/08/2022;IN;18738.0;;44145732.0;202185.0;1021970986.0;11.0;56.0;59.0;26.0;22.0;14.0
06/08/2022;IN;16167.0;;44161899.0;163183.0;1022134169.0;10.0;53.0;55.0;29.0;35.0;11.0
07/08/2022;IN;12751.0;;44174650.0;148562.0;1022282731.0;8.0;47.0;53.0;29.0;38.0;11.0
08/08/2022;IN;16047.0;;44190697.0;140253.0;1022422984.0;12.0;55.0;70.0;27.0;21.0;13.0
09/08/2022;IN;16299.0;;44206996.0;130120.0;1022553104.0;14.0;56.0;66.0;22.0;-1.0;16.0
10/08/2022;IN;16561.0;;44223557.0;67149.0;1022620253.0;20.0;67.0;67.0;40.0;24.0;10.0
11/08/2022;IN;15815.0;;44239372.0;102302.0;1022722555.0;18.0;61.0;73.0;34.0;-5.0;13.0
12/08/2022;IN;14092.0;;44253464.0;92074.0;1022814629.0;16.0;59.0;69.0;34.0;13.0;11.0
13/08/2022;IN;14917.0;;44268381.0;96540.0;1022911169.0;12.0;52.0;63.0;33.0;22.0;10.0
14/08/2022;IN;8813.0;;44277194.0;99156.0;1023010325.0;10.0;44.0;62.0;34.0;42.0;10.0
15/08/2022;IN;9062.0;;44286256.0;44454.0;1023054779.0;19.0;50.0;93.0;22.0;-25.0;21.0
16/08/2022;IN;12608.0;;44298864.0;21398.0;1023076177.0;14.0;56.0;70.0;32.0;17.0;14.0
17/08/2022;IN;15754.0;;44314618.0;89962.0;1023166139.0;18.0;63.0;71.0;35.0;27.0;14.0
18/08/2022;IN;13272.0;;44327890.0;117201.0;1023283340.0;19.0;62.0;75.0;33.0;23.0;15.0
19/08/2022;IN;11539.0;;44339429.0;123882.0;1023407222.0;16.0;63.0;71.0;24.0;4.0;20.0
20/08/2022;IN;9531.0;;44348960.0;55400.0;1023462622.0;11.0;52.0;62.0;30.0;32.0;15.0
21/08/2022;IN;8586.0;;44357546.0;106355.0;1023568977.0;12.0;49.0;62.0;35.0;43.0;13.0
22/08/2022;IN;10649.0;;44368195.0;97116.0;1023666093.0;14.0;55.0;73.0;30.0;26.0;16.0
23/08/2022;IN;10725.0;;44378920.0;97211.0;1023763304.0;15.0;56.0;72.0;29.0;24.0;16.0
24/08/2022;IN;10256.0;;44389176.0;106038.0;1023869342.0;15.0;57.0;66.0;31.0;29.0;16.0
25/08/2022;IN;9520.0;;44398696.0;107069.0;1023976411.0;16.0;57.0;69.0;29.0;28.0;15.0
26/08/2022;IN;9436.0;;44408132.0;136266.0;1024112677.0;15.0;62.0;67.0;30.0;29.0;16.0
27/08/2022;IN;7591.0;;44415723.0;103519.0;1024216196.0;10.0;54.0;61.0;29.0;34.0;15.0
28/08/2022;IN;5439.0;;44421162.0;98123.0;1024314319.0;11.0;52.0;60.0;31.0;47.0;14.0
29/08/2022;IN;7231.0;;44428393.0;48761.0;1024363080.0;16.0;61.0;73.0;31.0;26.0;15.0
30/08/2022;IN;7946.0;;44436339.0;88809.0;1024451889.0;20.0;68.0;74.0;33.0;22.0;14.0
31/08/2022;IN;6168.0;;44442507.0;64238.0;1024516127.0;14.0;56.0;66.0;22.0;-2.0;18.0
01/09/2022;IN;7211.0;;44449718.0;59316.0;1024575443.0;13.0;55.0;65.0;26.0;22.0;12.0
02/09/2022;IN;6817.0;;44456535.0;98812.0;1024674255.0;15.0;64.0;65.0;29.0;26.0;12.0
03/09/2022;IN;5910.0;;44462445.0;83634.0;1024757889.0;11.0;57.0;60.0;31.0;37.0;11.0
04/09/2022;IN;4417.0;;44466862.0;73476.0;1024831365.0;9.0;52.0;60.0;32.0;42.0;11.0
05/09/2022;IN;5379.0;;44472241.0;66362.0;1024897727.0;17.0;59.0;75.0;30.0;23.0;12.0
06/09/2022;IN;6395.0;;44478636.0;58916.0;1024956643.0;16.0;59.0;74.0;31.0;22.0;12.0
07/09/2022;IN;6093.0;;44484729.0;68762.0;1025025405.0;16.0;59.0;68.0;33.0;27.0;12.0
08/09/2022;IN;5554.0;;44490283.0;91230.0;1025116635.0;15.0;56.0;71.0;29.0;22.0;13.0
09/09/2022;IN;5076.0;;44495359.0;84366.0;1025201001.0;17.0;62.0;75.0;29.0;17.0;14.0
10/09/2022;IN;5221.0;;44500580.0;68210.0;1025269211.0;10.0;52.0;59.0;26.0;26.0;13.0
11/09/2022;IN;4369.0;;44504949.0;61419.0;1025330630.0;10.0;49.0;55.0;29.0;46.0;12.0
12/09/2022;IN;5108.0;;44510057.0;61675.0;1025392305.0;14.0;56.0;68.0;28.0;29.0;13.0
13/09/2022;IN;6422.0;;44516479.0;72751.0;1025465056.0;;;;;;
01/01/2020;NG;0.0;;0.0;;;;;;;;
02/01/2020;NG;1.0;;1.0;;;;;;;;
03/01/2020;NG;0.0;;1.0;;;;;;;;
04/01/2020;NG;0.0;;1.0;;;;;;;;
05/01/2020;NG;0.0;;1.0;;;;;;;;
06/01/2020;NG;0.0;;1.0;;;;;;;;
07/01/2020;NG;0.0;;1.0;;;;;;;;
08/01/2020;NG;0.0;;1.0;;;;;;;;
09/01/2020;NG;0.0;;1.0;;;;;;;;
10/01/2020;NG;0.0;;1.0;;;;;;;;
11/01/2020;NG;0.0;;1.0;;;;;;;;
12/01/2020;NG;0.0;;1.0;;;;;;;;
13/01/2020;NG;0.0;;1.0;;;;;;;;
14/01/2020;NG;0.0;;1.0;;;;;;;;
15/01/2020;NG;0.0;;1.0;;;;;;;;
16/01/2020;NG;0.0;;1.0;;;;;;;;
17/01/2020;NG;0.0;;1.0;;;;;;;;
18/01/2020;NG;0.0;;1.0;;;;;;;;
19/01/2020;NG;0.0;;1.0;;;;;;;;
20/01/2020;NG;0.0;;1.0;;;;;;;;
21/01/2020;NG;0.0;;1.0;;;;;;;;
22/01/2020;NG;0.0;;1.0;;;;;;;;
23/01/2020;NG;0.0;;1.0;;;;;;;;
24/01/2020;NG;0.0;;1.0;;;;;;;;
25/01/2020;NG;0.0;;1.0;;;;;;;;
26/01/2020;NG;0.0;;1.0;;;;;;;;
27/01/2020;NG;0.0;;1.0;;;;;;;;
28/01/2020;NG;0.0;;1.0;;;;;;;;
29/01/2020;NG;0.0;;1.0;;;;;;;;
30/01/2020;NG;0.0;;1.0;;;;;;;;
31/01/2020;NG;0.0;;1.0;;;;;;;;
01/02/2020;NG;0.0;;1.0;;;;;;;;
02/02/2020;NG;0.0;;1.0;;;;;;;;
03/02/2020;NG;0.0;;1.0;;;;;;;;
04/02/2020;NG;0.0;;1.0;;;;;;;;
05/02/2020;NG;0.0;;1.0;;;;;;;;
06/02/2020;NG;0.0;;1.0;;;;;;;;
07/02/2020;NG;0.0;;1.0;;;;;;;;
08/02/2020;NG;0.0;;1.0;;;;;;;;
09/02/2020;NG;0.0;;1.0;;;;;;;;
10/02/2020;NG;0.0;;1.0;;;;;;;;
11/02/2020;NG;0.0;;1.0;;;;;;;;
12/02/2020;NG;0.0;;1.0;;;;;;;;
13/02/2020;NG;0.0;;1.0;;;;;;;;
14/02/2020;NG;0.0;;1.0;;;;;;;;
15/02/2020;NG;0.0;;1.0;;;3.0;1.0;7.0;3.0;5.0;0.0
16/02/2020;NG;0.0;;1.0;;;2.0;-1.0;5.0;0.0;3.0;0.0
17/02/2020;NG;0.0;;1.0;;;0.0;-2.0;2.0;0.0;3.0;1.0
18/02/2020;NG;0.0;;1.0;;;0.0;-5.0;0.0;0.0;2.0;0.0
19/02/2020;NG;0.0;;1.0;;;-2.0;-4.0;0.0;-2.0;1.0;1.0
20/02/2020;NG;0.0;;1.0;;;-2.0;-3.0;0.0;-1.0;-1.0;1.0
21/02/2020;NG;0.0;;1.0;;;-1.0;-4.0;3.0;-1.0;1.0;1.0
22/02/2020;NG;0.0;;1.0;;;1.0;-3.0;1.0;-2.0;2.0;0.0
23/02/2020;NG;0.0;;1.0;;;-1.0;-5.0;-1.0;-1.0;0.0;0.0
24/02/2020;NG;0.0;;1.0;;;-3.0;-5.0;-2.0;-2.0;2.0;1.0
25/02/2020;NG;0.0;;1.0;;;0.0;-5.0;1.0;1.0;2.0;0.0
26/02/2020;NG;0.0;;1.0;;;-2.0;-3.0;0.0;0.0;2.0;0.0
27/02/2020;NG;0.0;;1.0;;;1.0;0.0;3.0;1.0;3.0;1.0
28/02/2020;NG;0.0;;1.0;;;1.0;1.0;2.0;2.0;4.0;1.0
29/02/2020;NG;0.0;;1.0;;;1.0;1.0;2.0;2.0;2.0;0.0
01/03/2020;NG;0.0;;1.0;;;1.0;1.0;1.0;1.0;3.0;0.0
02/03/2020;NG;0.0;;1.0;;;-1.0;-2.0;-1.0;-1.0;3.0;1.0
03/03/2020;NG;0.0;;1.0;;;1.0;-2.0;2.0;2.0;2.0;0.0
04/03/2020;NG;0.0;;1.0;;;1.0;0.0;0.0;0.0;2.0;0.0
05/03/2020;NG;0.0;;1.0;;;3.0;1.0;5.0;4.0;3.0;0.0
06/03/2020;NG;0.0;;1.0;;;1.0;0.0;8.0;2.0;5.0;1.0
07/03/2020;NG;0.0;;1.0;;;4.0;3.0;5.0;5.0;5.0;-1.0
08/03/2020;NG;1.0;;2.0;;;2.0;0.0;3.0;1.0;4.0;0.0
09/03/2020;NG;0.0;;2.0;;;1.0;-1.0;4.0;2.0;3.0;0.0
10/03/2020;NG;0.0;;2.0;;;1.0;-2.0;8.0;4.0;2.0;0.0
11/03/2020;NG;0.0;;2.0;;;-1.0;-2.0;6.0;0.0;1.0;1.0
12/03/2020;NG;0.0;;2.0;;;0.0;-1.0;9.0;2.0;1.0;1.0
13/03/2020;NG;0.0;;2.0;;;0.0;0.0;8.0;2.0;3.0;1.0
14/03/2020;NG;0.0;;2.0;;;1.0;0.0;6.0;2.0;2.0;0.0
15/03/2020;NG;0.0;;2.0;;;0.0;-3.0;7.0;-2.0;1.0;1.0
16/03/2020;NG;0.0;;2.0;;;-2.0;-3.0;3.0;1.0;0.0;1.0
17/03/2020;NG;1.0;;3.0;;;-1.0;-4.0;4.0;1.0;0.0;1.0
18/03/2020;NG;6.0;;9.0;;;-3.0;0.0;3.0;-2.0;0.0;1.0
19/03/2020;NG;4.0;;13.0;;;-1.0;4.0;-2.0;-2.0;0.0;1.0
20/03/2020;NG;13.0;;26.0;;;-3.0;4.0;-2.0;0.0;2.0;2.0
21/03/2020;NG;6.0;;32.0;;;-6.0;0.0;-7.0;-3.0;1.0;2.0
22/03/2020;NG;7.0;;39.0;;;-15.0;-6.0;-12.0;-11.0;-3.0;6.0
23/03/2020;NG;4.0;;43.0;;;-12.0;-1.0;-14.0;-11.0;-10.0;7.0
24/03/2020;NG;7.0;;50.0;;;-19.0;-5.0;-20.0;-16.0;-20.0;11.0
25/03/2020;NG;14.0;;64.0;;;-18.0;4.0;-17.0;-9.0;-25.0;11.0
26/03/2020;NG;16.0;;80.0;;;-30.0;-12.0;-27.0;-26.0;-34.0;16.0
27/03/2020;NG;17.0;;97.0;;;-38.0;-20.0;-30.0;-32.0;-35.0;19.0
28/03/2020;NG;14.0;;111.0;;;-40.0;-26.0;-31.0;-34.0;-19.0;13.0
29/03/2020;NG;25.0;;136.0;;;-39.0;-25.0;-24.0;-34.0;-11.0;15.0
30/03/2020;NG;15.0;;151.0;;;-25.0;-5.0;-27.0;-24.0;-42.0;18.0
31/03/2020;NG;23.0;;174.0;;;-54.0;-43.0;-45.0;-55.0;-55.0;28.0
01/04/2020;NG;10.0;;184.0;;;-56.0;-44.0;-47.0;-55.0;-56.0;29.0
02/04/2020;NG;25.0;;209.0;;;-53.0;-38.0;-42.0;-52.0;-54.0;28.0
03/04/2020;NG;5.0;;214.0;;;-56.0;-42.0;-45.0;-52.0;-52.0;30.0
04/04/2020;NG;18.0;;232.0;;;-54.0;-43.0;-43.0;-51.0;-30.0;20.0
05/04/2020;NG;6.0;;238.0;;;-49.0;-36.0;-34.0;-46.0;-14.0;19.0
06/04/2020;NG;16.0;;254.0;;;-53.0;-40.0;-45.0;-53.0;-54.0;29.0
07/04/2020;NG;22.0;;276.0;;;-50.0;-37.0;-44.0;-50.0;-53.0;26.0
08/04/2020;NG;12.0;;288.0;;;-54.0;-39.0;-46.0;-54.0;-54.0;27.0
09/04/2020;NG;17.0;;305.0;;;-54.0;-39.0;-45.0;-52.0;-53.0;28.0
10/04/2020;NG;13.0;;318.0;;;-57.0;-41.0;-46.0;-54.0;-56.0;31.0
11/04/2020;NG;5.0;;323.0;;;-52.0;-35.0;-41.0;-48.0;-27.0;19.0
12/04/2020;NG;20.0;;343.0;;;-51.0;-37.0;-35.0;-49.0;-14.0;19.0
13/04/2020;NG;30.0;;373.0;;;-57.0;-45.0;-48.0;-58.0;-62.0;33.0
14/04/2020;NG;34.0;;407.0;;;-55.0;-43.0;-47.0;-55.0;-53.0;29.0
15/04/2020;NG;35.0;;442.0;;;-53.0;-37.0;-47.0;-55.0;-52.0;29.0
16/04/2020;NG;51.0;504.0;493.0;;;-54.0;-39.0;-46.0;-54.0;-51.0;29.0
17/04/2020;NG;48.0;;541.0;;;-55.0;-42.0;-46.0;-54.0;-49.0;31.0
18/04/2020;NG;86.0;;627.0;;;-54.0;-45.0;-46.0;-52.0;-26.0;21.0
19/04/2020;NG;38.0;;665.0;;;-54.0;-46.0;-42.0;-53.0;-13.0;21.0
20/04/2020;NG;117.0;;782.0;;;-55.0;-45.0;-49.0;-56.0;-52.0;31.0
21/04/2020;NG;91.0;;873.0;;;-55.0;-47.0;-50.0;-56.0;-53.0;30.0
22/04/2020;NG;108.0;;981.0;;;-54.0;-42.0;-48.0;-57.0;-52.0;29.0
23/04/2020;NG;114.0;;1095.0;;;-56.0;-44.0;-49.0;-55.0;-51.0;30.0
24/04/2020;NG;87.0;;1182.0;;;-57.0;-45.0;-49.0;-55.0;-48.0;32.0
25/04/2020;NG;91.0;;1273.0;;;-55.0;-44.0;-47.0;-52.0;-26.0;22.0
26/04/2020;NG;64.0;;1337.0;;;-56.0;-48.0;-43.0;-54.0;-13.0;22.0
27/04/2020;NG;195.0;;1532.0;;;-56.0;-45.0;-49.0;-55.0;-51.0;31.0
28/04/2020;NG;196.0;824.0;1728.0;;;-58.0;-48.0;-49.0;-55.0;-52.0;28.0
29/04/2020;NG;204.0;;1932.0;;;-53.0;-42.0;-48.0;-54.0;-51.0;30.0
30/04/2020;NG;238.0;;2170.0;;;-56.0;-45.0;-51.0;-54.0;-50.0;30.0
01/05/2020;NG;218.0;;2388.0;;;-57.0;-45.0;-53.0;-54.0;-52.0;32.0
02/05/2020;NG;170.0;;2558.0;;;-53.0;-43.0;-51.0;-51.0;-21.0;21.0
03/05/2020;NG;244.0;1948.0;2802.0;;;-54.0;-46.0;-48.0;-52.0;-10.0;21.0
04/05/2020;NG;148.0;976.0;2950.0;;;-41.0;-32.0;-44.0;-38.0;-38.0;24.0
05/05/2020;NG;195.0;1696.0;3145.0;;;-44.0;-35.0;-46.0;-40.0;-41.0;25.0
06/05/2020;NG;381.0;1284.0;3526.0;;;-37.0;-26.0;-41.0;-33.0;-37.0;23.0
07/05/2020;NG;386.0;1343.0;3912.0;;;-45.0;-33.0;-45.0;-39.0;-40.0;25.0
08/05/2020;NG;239.0;;4151.0;;;-42.0;-32.0;-42.0;-33.0;-34.0;25.0
09/05/2020;NG;248.0;;4399.0;;;-44.0;-32.0;-44.0;-36.0;-15.0;17.0
10/05/2020;NG;242.0;;4641.0;;;-49.0;-40.0;-43.0;-44.0;-7.0;20.0
11/05/2020;NG;146.0;1340.0;4787.0;;;-38.0;-29.0;-41.0;-32.0;-36.0;23.0
12/05/2020;NG;184.0;990.0;4971.0;;;-40.0;-30.0;-44.0;-35.0;-38.0;23.0
13/05/2020;NG;191.0;1249.0;5162.0;;;-35.0;-24.0;-41.0;-31.0;-34.0;21.0
14/05/2020;NG;288.0;;5450.0;;;-41.0;-29.0;-44.0;-36.0;-36.0;21.0
15/05/2020;NG;171.0;;5621.0;;;-38.0;-26.0;-41.0;-30.0;-29.0;22.0
16/05/2020;NG;338.0;1028.0;5959.0;;;-38.0;-27.0;-41.0;-33.0;-8.0;15.0
17/05/2020;NG;216.0;1375.0;6175.0;;;-44.0;-34.0;-42.0;-40.0;-2.0;17.0
18/05/2020;NG;226.0;1554.0;6401.0;;;-36.0;-28.0;-41.0;-30.0;-33.0;22.0
19/05/2020;NG;276.0;1332.0;6677.0;;;-42.0;-34.0;-45.0;-37.0;-38.0;24.0
20/05/2020;NG;339.0;;7016.0;;;-35.0;-25.0;-38.0;-28.0;-33.0;21.0
21/05/2020;NG;245.0;;7261.0;;;-37.0;-26.0;-41.0;-32.0;-34.0;22.0
22/05/2020;NG;265.0;1421.0;7526.0;;;-34.0;-22.0;-38.0;-25.0;-27.0;20.0
23/05/2020;NG;313.0;1130.0;7839.0;;;-37.0;-25.0;-41.0;-31.0;-8.0;15.0
24/05/2020;NG;229.0;1225.0;8068.0;;;-40.0;-30.0;-35.0;-36.0;-2.0;15.0
25/05/2020;NG;276.0;1120.0;8344.0;;;-39.0;-29.0;-41.0;-40.0;-50.0;26.0
26/05/2020;NG;389.0;1741.0;8733.0;;;-39.0;-29.0;-43.0;-37.0;-48.0;24.0
27/05/2020;NG;182.0;1422.0;8915.0;;;-29.0;-19.0;-36.0;-25.0;-29.0;18.0
28/05/2020;NG;387.0;8760.0;9302.0;;;-36.0;-27.0;-39.0;-34.0;-32.0;22.0
29/05/2020;NG;553.0;2099.0;9855.0;;;-29.0;-19.0;-35.0;-21.0;-23.0;19.0
30/05/2020;NG;307.0;;10162.0;;;-35.0;-26.0;-40.0;-28.0;-6.0;14.0
31/05/2020;NG;416.0;;10578.0;;;-36.0;-26.0;-36.0;-32.0;5.0;14.0
01/06/2020;NG;241.0;2003.0;10819.0;;;-28.0;-21.0;-35.0;-23.0;-26.0;19.0
02/06/2020;NG;347.0;3916.0;11166.0;;;-32.0;-24.0;-38.0;-29.0;-30.0;19.0
03/06/2020;NG;350.0;1535.0;11516.0;;;-25.0;-15.0;-32.0;-21.0;-24.0;16.0
04/06/2020;NG;328.0;1728.0;11844.0;;;-28.0;-18.0;-34.0;-23.0;-25.0;18.0
05/06/2020;NG;389.0;1935.0;12233.0;;;-26.0;-15.0;-31.0;-18.0;-19.0;17.0
06/06/2020;NG;253.0;1803.0;12486.0;;;-31.0;-21.0;-36.0;-24.0;-2.0;12.0
07/06/2020;NG;315.0;1442.0;12801.0;;;-32.0;-22.0;-31.0;-29.0;8.0;13.0
08/06/2020;NG;663.0;1704.0;13464.0;;;-24.0;-17.0;-31.0;-19.0;-23.0;16.0
09/06/2020;NG;409.0;2987.0;13873.0;;;-29.0;-22.0;-35.0;-25.0;-26.0;18.0
10/06/2020;NG;681.0;2440.0;14554.0;;;-23.0;-14.0;-29.0;-21.0;-22.0;16.0
11/06/2020;NG;627.0;;15181.0;;;-26.0;-16.0;-33.0;-21.0;-24.0;17.0
12/06/2020;NG;501.0;;15682.0;;;-27.0;-16.0;-32.0;-23.0;-34.0;21.0
13/06/2020;NG;403.0;2460.0;16085.0;;;-28.0;-19.0;-33.0;-23.0;1.0;12.0
14/06/2020;NG;573.0;1399.0;16658.0;;;-31.0;-22.0;-30.0;-29.0;9.0;13.0
15/06/2020;NG;490.0;2079.0;17148.0;;;-21.0;-15.0;-29.0;-20.0;-22.0;16.0
16/06/2020;NG;587.0;;17735.0;;;-24.0;-17.0;-32.0;-20.0;-24.0;16.0
17/06/2020;NG;745.0;;18480.0;;;-25.0;-17.0;-32.0;-23.0;-23.0;17.0
18/06/2020;NG;667.0;2542.0;19147.0;;;-31.0;-24.0;-35.0;-31.0;-27.0;20.0
19/06/2020;NG;661.0;2504.0;19808.0;;;-23.0;-13.0;-27.0;-17.0;-17.0;15.0
20/06/2020;NG;436.0;2523.0;20244.0;;;-27.0;-19.0;-32.0;-24.0;1.0;12.0
21/06/2020;NG;675.0;2185.0;20919.0;;;-29.0;-20.0;-29.0;-27.0;9.0;12.0
22/06/2020;NG;452.0;1809.0;21371.0;;;-23.0;-17.0;-31.0;-22.0;-23.0;17.0
23/06/2020;NG;649.0;2539.0;22020.0;;;-22.0;-15.0;-30.0;-19.0;-25.0;16.0
24/06/2020;NG;594.0;2047.0;22614.0;;;-21.0;-12.0;-28.0;-18.0;-22.0;15.0
25/06/2020;NG;684.0;;23298.0;;;-22.0;-13.0;-30.0;-20.0;-23.0;16.0
26/06/2020;NG;779.0;;24077.0;;;-20.0;-11.0;-26.0;-17.0;-17.0;15.0
27/06/2020;NG;490.0;3006.0;24567.0;;;-22.0;-13.0;-29.0;-18.0;0.0;10.0
28/06/2020;NG;566.0;2140.0;25133.0;;;-29.0;-21.0;-29.0;-32.0;4.0;13.0
29/06/2020;NG;561.0;1953.0;25694.0;;;-15.0;-8.0;-24.0;-13.0;-21.0;14.0
30/06/2020;NG;790.0;4205.0;26484.0;;;-19.0;-11.0;-28.0;-17.0;-24.0;16.0
01/07/2020;NG;626.0;3063.0;27110.0;;;-15.0;-6.0;-23.0;-12.0;-20.0;14.0
02/07/2020;NG;454.0;3308.0;27564.0;;;-17.0;-7.0;-26.0;-14.0;-21.0;15.0
03/07/2020;NG;603.0;3355.0;28167.0;;;-17.0;-6.0;-23.0;-10.0;-15.0;14.0
04/07/2020;NG;544.0;2933.0;28711.0;;;-23.0;-14.0;-26.0;-20.0;0.0;11.0
05/07/2020;NG;575.0;1831.0;29286.0;;;-23.0;-13.0;-23.0;-21.0;7.0;11.0
06/07/2020;NG;503.0;;29789.0;;;-13.0;-5.0;-21.0;-8.0;-20.0;13.0
07/07/2020;NG;460.0;;30249.0;;;-17.0;-9.0;-28.0;-15.0;-23.0;15.0
08/07/2020;NG;499.0;2302.0;30748.0;;;-18.0;-8.0;-24.0;-12.0;-20.0;14.0
09/07/2020;NG;575.0;3725.0;31323.0;;;-19.0;-8.0;-26.0;-14.0;-21.0;15.0
10/07/2020;NG;664.0;2609.0;31987.0;;;-18.0;-7.0;-21.0;-6.0;-16.0;14.0
11/07/2020;NG;571.0;2983.0;32558.0;;;-19.0;-8.0;-25.0;-11.0;3.0;9.0
12/07/2020;NG;595.0;2046.0;33153.0;;;-22.0;-13.0;-23.0;-17.0;7.0;11.0
13/07/2020;NG;463.0;;33616.0;;;-12.0;-3.0;-21.0;-7.0;-18.0;13.0
14/07/2020;NG;643.0;;34259.0;;;-18.0;-10.0;-27.0;-11.0;-22.0;14.0
15/07/2020;NG;595.0;3081.0;34854.0;;;-16.0;-5.0;-23.0;-8.0;-19.0;14.0
16/07/2020;NG;600.0;4325.0;35454.0;;;-18.0;-7.0;-26.0;-10.0;-20.0;15.0
17/07/2020;NG;653.0;3024.0;36107.0;;;-16.0;-6.0;-22.0;-5.0;-14.0;14.0
18/07/2020;NG;556.0;2755.0;36663.0;;;-18.0;-8.0;-26.0;-11.0;4.0;9.0
19/07/2020;NG;562.0;;37225.0;;;-22.0;-13.0;-22.0;-16.0;7.0;11.0
20/07/2020;NG;576.0;;37801.0;;;-14.0;-6.0;-23.0;-7.0;-18.0;13.0
21/07/2020;NG;543.0;29602.0;38344.0;;;-17.0;-9.0;-26.0;-10.0;-21.0;14.0
22/07/2020;NG;604.0;4068.0;38948.0;;;-16.0;-5.0;-23.0;-8.0;-18.0;13.0
23/07/2020;NG;591.0;4145.0;39539.0;;;-18.0;-8.0;-26.0;-10.0;-20.0;14.0
24/07/2020;NG;438.0;3478.0;39977.0;;;-16.0;-5.0;-19.0;-6.0;-14.0;13.0
25/07/2020;NG;555.0;3063.0;40532.0;;;-18.0;-7.0;-24.0;-9.0;1.0;9.0
26/07/2020;NG;648.0;5263.0;41180.0;;;-20.0;-9.0;-21.0;-13.0;6.0;10.0
27/07/2020;NG;624.0;4906.0;41804.0;;;-11.0;-1.0;-19.0;-4.0;-19.0;13.0
28/07/2020;NG;404.0;3305.0;42208.0;;;-13.0;-3.0;-21.0;-6.0;-21.0;13.0
29/07/2020;NG;481.0;3622.0;42689.0;;;-9.0;6.0;-15.0;2.0;-20.0;10.0
30/07/2020;NG;462.0;;43151.0;;;-16.0;3.0;-20.0;-5.0;-41.0;16.0
31/07/2020;NG;386.0;;43537.0;;;-27.0;-15.0;-25.0;-19.0;-46.0;18.0
01/08/2020;NG;304.0;1441.0;43841.0;;;-22.0;-13.0;-21.0;-16.0;-12.0;9.0
02/08/2020;NG;288.0;1601.0;44129.0;;;-20.0;-11.0;-14.0;-13.0;-3.0;9.0
03/08/2020;NG;304.0;15088.0;44433.0;;;-11.0;-2.0;-15.0;-6.0;-22.0;12.0
04/08/2020;NG;457.0;;44890.0;;;-13.0;-3.0;-17.0;-4.0;-22.0;12.0
05/08/2020;NG;354.0;;45244.0;;;-11.0;1.0;-11.0;-1.0;-20.0;12.0
06/08/2020;NG;443.0;3835.0;45687.0;;;-16.0;-3.0;-17.0;-4.0;-21.0;13.0
07/08/2020;NG;453.0;3903.0;46140.0;;;-10.0;1.0;-7.0;1.0;-12.0;9.0
08/08/2020;NG;437.0;2864.0;46577.0;;;-11.0;-1.0;-11.0;2.0;5.0;5.0
09/08/2020;NG;290.0;2355.0;46867.0;;;-14.0;-4.0;-8.0;-3.0;9.0;6.0
10/08/2020;NG;423.0;;47290.0;;;-7.0;2.0;-7.0;2.0;-15.0;9.0
11/08/2020;NG;453.0;;47743.0;;;-11.0;-2.0;-13.0;-2.0;-18.0;10.0
12/08/2020;NG;373.0;3337.0;48116.0;;;-9.0;2.0;-8.0;1.0;-16.0;9.0
13/08/2020;NG;329.0;2976.0;48445.0;;;-12.0;0.0;-13.0;1.0;-17.0;10.0
14/08/2020;NG;325.0;;48770.0;;;-10.0;1.0;-6.0;3.0;-12.0;9.0
15/08/2020;NG;298.0;;49068.0;;;-10.0;0.0;-11.0;2.0;6.0;4.0
16/08/2020;NG;417.0;2036.0;49485.0;;;-12.0;-2.0;-9.0;0.0;9.0;5.0
17/08/2020;NG;410.0;2571.0;49895.0;;;-9.0;0.0;-9.0;2.0;-14.0;8.0
18/08/2020;NG;593.0;8135.0;50488.0;;;-12.0;-3.0;-15.0;0.0;-16.0;9.0
19/08/2020;NG;476.0;2913.0;50964.0;;;-11.0;0.0;-10.0;0.0;-14.0;9.0
20/08/2020;NG;340.0;3660.0;51304.0;;;-13.0;-1.0;-16.0;-1.0;-16.0;10.0
21/08/2020;NG;601.0;4173.0;51905.0;;;-12.0;-2.0;-10.0;1.0;-11.0;11.0
22/08/2020;NG;322.0;3946.0;52227.0;;;-12.0;-2.0;-15.0;1.0;6.0;6.0
23/08/2020;NG;321.0;1519.0;52548.0;;;-13.0;-4.0;-11.0;-2.0;10.0;6.0
24/08/2020;NG;252.0;3588.0;52800.0;;;-10.0;-1.0;-12.0;-1.0;-13.0;10.0
25/08/2020;NG;221.0;5216.0;53021.0;;;-10.0;-2.0;-13.0;0.0;-16.0;10.0
26/08/2020;NG;296.0;3156.0;53317.0;;;-11.0;0.0;-11.0;1.0;-13.0;9.0
27/08/2020;NG;160.0;3022.0;53477.0;;;-10.0;1.0;-12.0;0.0;-15.0;10.0
28/08/2020;NG;250.0;3780.0;53727.0;;;-11.0;-1.0;-9.0;2.0;-11.0;10.0
29/08/2020;NG;138.0;3766.0;53865.0;;;-11.0;-2.0;-14.0;3.0;4.0;6.0
30/08/2020;NG;143.0;1277.0;54008.0;;;-11.0;-3.0;-8.0;1.0;7.0;6.0
31/08/2020;NG;239.0;;54247.0;;;-8.0;0.0;-10.0;0.0;-13.0;10.0
01/09/2020;NG;216.0;;54463.0;;;-11.0;-3.0;-15.0;0.0;-17.0;11.0
02/09/2020;NG;125.0;2188.0;54588.0;;;-9.0;2.0;-10.0;1.0;-14.0;10.0
03/09/2020;NG;155.0;;54743.0;;;-10.0;0.0;-18.0;1.0;-15.0;12.0
04/09/2020;NG;162.0;;54905.0;;;-9.0;1.0;-9.0;4.0;-10.0;12.0
05/09/2020;NG;100.0;3145.0;55005.0;;;-11.0;-2.0;-16.0;6.0;4.0;8.0
06/09/2020;NG;155.0;3643.0;55160.0;;;-11.0;-2.0;-9.0;1.0;6.0;7.0
07/09/2020;NG;296.0;2617.0;55456.0;;;-6.0;2.0;-10.0;3.0;-13.0;11.0
08/09/2020;NG;176.0;3909.0;55632.0;;;-9.0;-2.0;-16.0;3.0;-16.0;12.0
09/09/2020;NG;197.0;2494.0;55829.0;;;-15.0;-7.0;-14.0;-7.0;-16.0;15.0
10/09/2020;NG;188.0;3025.0;56017.0;;;-8.0;0.0;-14.0;2.0;-16.0;14.0
11/09/2020;NG;160.0;1904.0;56177.0;;;-7.0;2.0;-5.0;9.0;-10.0;13.0
12/09/2020;NG;79.0;2113.0;56256.0;;;-11.0;-3.0;-14.0;5.0;2.0;10.0
13/09/2020;NG;132.0;1827.0;56388.0;;;-12.0;-5.0;-10.0;0.0;4.0;10.0
14/09/2020;NG;90.0;1912.0;56478.0;;;-8.0;-2.0;-11.0;3.0;-12.0;14.0
15/09/2020;NG;126.0;;56604.0;;;-13.0;-8.0;-19.0;-2.0;-17.0;17.0
16/09/2020;NG;131.0;;56735.0;;;-9.0;-1.0;-10.0;5.0;-14.0;15.0
17/09/2020;NG;221.0;;56956.0;;;-8.0;0.0;-14.0;5.0;-15.0;15.0
18/09/2020;NG;189.0;;57145.0;;;-9.0;2.0;-7.0;10.0;-9.0;14.0
19/09/2020;NG;97.0;;57242.0;;;-12.0;-2.0;-15.0;6.0;3.0;11.0
20/09/2020;NG;195.0;;57437.0;;;-13.0;-5.0;-11.0;1.0;4.0;12.0
21/09/2020;NG;176.0;;57613.0;;;-10.0;-2.0;-12.0;6.0;-14.0;15.0
22/09/2020;NG;111.0;;57724.0;;;-13.0;-2.0;-14.0;6.0;-17.0;15.0
23/09/2020;NG;125.0;;57849.0;;;-14.0;2.0;-11.0;9.0;-16.0;15.0
24/09/2020;NG;213.0;;58062.0;;;-16.0;0.0;-16.0;6.0;-18.0;17.0
25/09/2020;NG;136.0;7968.0;58198.0;;;-12.0;4.0;-8.0;14.0;-11.0;15.0
26/09/2020;NG;126.0;;58324.0;;;-16.0;-1.0;-15.0;11.0;-3.0;12.0
27/09/2020;NG;136.0;;58460.0;;;-17.0;-1.0;-5.0;10.0;-3.0;12.0
28/09/2020;NG;187.0;2549.0;58647.0;;;-14.0;0.0;-15.0;8.0;-15.0;16.0
29/09/2020;NG;201.0;;58848.0;;;-15.0;0.0;-19.0;11.0;-18.0;15.0
30/09/2020;NG;153.0;;59001.0;;;-13.0;1.0;-15.0;10.0;-20.0;10.0
01/10/2020;NG;126.0;;59127.0;;;-19.0;-5.0;-28.0;-4.0;-50.0;13.0
02/10/2020;NG;160.0;;59287.0;;;-15.0;-1.0;-15.0;9.0;-17.0;5.0
03/10/2020;NG;58.0;11968.0;59345.0;;;-18.0;-4.0;-22.0;8.0;-13.0;3.0
04/10/2020;NG;120.0;3930.0;59465.0;;;-20.0;-7.0;-16.0;1.0;-17.0;2.0
05/10/2020;NG;118.0;;59583.0;;;-14.0;-3.0;-19.0;7.0;-22.0;5.0
06/10/2020;NG;155.0;;59738.0;;;-19.0;-10.0;-27.0;2.0;-25.0;7.0
07/10/2020;NG;103.0;1949.0;59841.0;;;-13.0;0.0;-17.0;7.0;-18.0;6.0
08/10/2020;NG;151.0;;59992.0;;;-13.0;1.0;-21.0;5.0;-17.0;10.0
09/10/2020;NG;111.0;;60103.0;;;-12.0;2.0;-12.0;7.0;-10.0;10.0
10/10/2020;NG;163.0;1675.0;60266.0;;;-15.0;-2.0;-19.0;5.0;-4.0;8.0
11/10/2020;NG;164.0;969.0;60430.0;;;-15.0;-3.0;-12.0;3.0;-6.0;8.0
12/10/2020;NG;225.0;4307.0;60655.0;;;-12.0;1.0;-15.0;8.0;-16.0;10.0
13/10/2020;NG;179.0;6623.0;60834.0;;;-15.0;-3.0;-23.0;2.0;-19.0;12.0
14/10/2020;NG;148.0;2921.0;60982.0;;;-17.0;0.0;-23.0;5.0;-17.0;13.0
15/10/2020;NG;212.0;4848.0;61194.0;;;-14.0;4.0;-23.0;9.0;-17.0;13.0
16/10/2020;NG;113.0;3479.0;61307.0;;;-14.0;4.0;-17.0;14.0;-12.0;12.0
17/10/2020;NG;133.0;2657.0;61440.0;;;-20.0;-1.0;-22.0;11.0;-4.0;9.0
18/10/2020;NG;118.0;;61558.0;;;-21.0;-4.0;-19.0;6.0;-5.0;10.0
19/10/2020;NG;72.0;;61630.0;;;-22.0;-5.0;-25.0;3.0;-20.0;16.0
20/10/2020;NG;37.0;4648.0;61667.0;;;-33.0;-17.0;-36.0;-22.0;-32.0;22.0
21/10/2020;NG;138.0;;61805.0;;;-52.0;-44.0;-52.0;-62.0;-52.0;29.0
22/10/2020;NG;77.0;;61882.0;;;-50.0;-43.0;-50.0;-63.0;-54.0;28.0
23/10/2020;NG;48.0;;61930.0;;;-50.0;-41.0;-48.0;-59.0;-51.0;29.0
24/10/2020;NG;62.0;;61992.0;;;-40.0;-28.0;-41.0;-39.0;-26.0;16.0
25/10/2020;NG;119.0;8543.0;62111.0;;;-38.0;-25.0;-34.0;-34.0;-19.0;13.0
26/10/2020;NG;113.0;2326.0;62224.0;;;-25.0;-13.0;-32.0;-17.0;-29.0;16.0
27/10/2020;NG;147.0;3270.0;62371.0;;;-22.0;-10.0;-28.0;-7.0;-27.0;13.0
28/10/2020;NG;150.0;3008.0;62521.0;;;-20.0;-6.0;-25.0;-2.0;-23.0;12.0
29/10/2020;NG;170.0;;62691.0;;;-21.0;-5.0;-29.0;-8.0;-45.0;19.0
30/10/2020;NG;162.0;;62853.0;;;-19.0;-4.0;-22.0;2.0;-18.0;11.0
31/10/2020;NG;111.0;2090.0;62964.0;;;-18.0;-6.0;-20.0;6.0;-10.0;8.0
01/11/2020;NG;72.0;;63036.0;;;-19.0;-7.0;-18.0;3.0;-12.0;7.0
02/11/2020;NG;137.0;;63173.0;;;-14.0;-3.0;-23.0;5.0;-18.0;10.0
03/11/2020;NG;155.0;;63328.0;;;-12.0;-2.0;-22.0;9.0;-18.0;9.0
04/11/2020;NG;180.0;4454.0;63508.0;;;-14.0;-2.0;-20.0;7.0;-17.0;10.0
05/11/2020;NG;223.0;;63731.0;;;-12.0;-1.0;-19.0;8.0;-17.0;10.0
06/11/2020;NG;59.0;;63790.0;;;-13.0;-1.0;-18.0;10.0;-13.0;10.0
07/11/2020;NG;300.0;4796.0;64090.0;;;-13.0;-2.0;-15.0;11.0;-6.0;7.0
08/11/2020;NG;94.0;1557.0;64184.0;;;-16.0;-8.0;-14.0;6.0;-9.0;7.0
09/11/2020;NG;152.0;;64336.0;;;-13.0;-3.0;-20.0;6.0;-16.0;10.0
10/11/2020;NG;180.0;;64516.0;;;-11.0;-3.0;-20.0;9.0;-17.0;10.0
11/11/2020;NG;212.0;;64728.0;;;-12.0;-2.0;-18.0;7.0;-16.0;10.0
12/11/2020;NG;156.0;;64884.0;;;-10.0;0.0;-17.0;9.0;-15.0;9.0
13/11/2020;NG;112.0;;64996.0;;;-11.0;0.0;-13.0;10.0;-13.0;9.0
14/11/2020;NG;152.0;;65148.0;;;-11.0;-4.0;-15.0;9.0;-7.0;5.0
15/11/2020;NG;157.0;;65305.0;;;-14.0;-8.0;-13.0;7.0;-10.0;7.0
16/11/2020;NG;152.0;;65457.0;;;-12.0;-4.0;-18.0;7.0;-15.0;10.0
17/11/2020;NG;236.0;;65693.0;;;-12.0;-4.0;-17.0;9.0;-16.0;10.0
18/11/2020;NG;146.0;3278.0;65839.0;;;-13.0;-4.0;-17.0;6.0;-15.0;10.0
19/11/2020;NG;143.0;3334.0;65982.0;;;-12.0;-1.0;-15.0;8.0;-14.0;9.0
20/11/2020;NG;246.0;11088.0;66228.0;;;-11.0;0.0;-14.0;10.0;-11.0;9.0
21/11/2020;NG;155.0;4082.0;66383.0;;;-10.0;-2.0;-14.0;11.0;-5.0;6.0
22/11/2020;NG;56.0;;66439.0;;;-14.0;-7.0;-13.0;6.0;-9.0;7.0
23/11/2020;NG;168.0;;66607.0;;;-12.0;-2.0;-18.0;8.0;-13.0;9.0
24/11/2020;NG;198.0;;66805.0;;;-11.0;-2.0;-15.0;13.0;-14.0;9.0
25/11/2020;NG;169.0;;66974.0;;;-11.0;0.0;-16.0;10.0;-13.0;9.0
26/11/2020;NG;246.0;;67220.0;;;-8.0;4.0;-15.0;13.0;-13.0;9.0
27/11/2020;NG;110.0;;67330.0;;;-8.0;4.0;-9.0;15.0;-10.0;8.0
28/11/2020;NG;82.0;;67412.0;;;-7.0;2.0;-11.0;16.0;-5.0;5.0
29/11/2020;NG;145.0;;67557.0;;;-10.0;-2.0;-8.0;13.0;-7.0;5.0
30/11/2020;NG;281.0;;67838.0;;;-8.0;2.0;-15.0;11.0;-11.0;8.0
01/12/2020;NG;122.0;;67960.0;;;-5.0;4.0;-14.0;18.0;-11.0;8.0
02/12/2020;NG;343.0;;68303.0;;;-6.0;6.0;-13.0;17.0;-10.0;9.0
03/12/2020;NG;324.0;;68627.0;;;-4.0;7.0;-12.0;18.0;-10.0;8.0
04/12/2020;NG;310.0;;68937.0;;;-3.0;9.0;-7.0;22.0;-7.0;7.0
05/12/2020;NG;318.0;;69255.0;;;-5.0;3.0;-10.0;13.0;-4.0;5.0
06/12/2020;NG;390.0;;69645.0;;;-5.0;1.0;-5.0;17.0;-5.0;5.0
07/12/2020;NG;550.0;14292.0;70195.0;;;-6.0;4.0;-13.0;15.0;-11.0;8.0
08/12/2020;NG;474.0;4318.0;70669.0;;;-7.0;2.0;-13.0;17.0;-11.0;8.0
09/12/2020;NG;675.0;7512.0;71344.0;;;-10.0;3.0;-10.0;16.0;-11.0;10.0
10/12/2020;NG;796.0;4012.0;72140.0;;;-8.0;7.0;-7.0;20.0;-11.0;12.0
11/12/2020;NG;617.0;4578.0;72757.0;;;-8.0;8.0;-4.0;22.0;-9.0;11.0
12/12/2020;NG;418.0;7125.0;73175.0;;;-7.0;5.0;0.0;27.0;-2.0;7.0
13/12/2020;NG;199.0;2736.0;73374.0;;;-12.0;0.0;5.0;23.0;-5.0;9.0
14/12/2020;NG;758.0;;74132.0;;;-8.0;6.0;-9.0;18.0;-12.0;13.0
15/12/2020;NG;930.0;;75062.0;;;-6.0;7.0;-6.0;25.0;-13.0;12.0
16/12/2020;NG;1145.0;4747.0;76207.0;;;-9.0;8.0;-7.0;20.0;-12.0;12.0
17/12/2020;NG;806.0;5258.0;77013.0;;;-5.0;11.0;-5.0;23.0;-12.0;12.0
18/12/2020;NG;920.0;5255.0;77933.0;;;-5.0;11.0;-1.0;26.0;-11.0;11.0
19/12/2020;NG;501.0;;78434.0;;;-3.0;11.0;3.0;32.0;-2.0;6.0
20/12/2020;NG;356.0;;78790.0;;;-8.0;6.0;9.0;28.0;-4.0;8.0
21/12/2020;NG;999.0;10210.0;79789.0;;;-3.0;13.0;-6.0;21.0;-19.0;13.0
22/12/2020;NG;1133.0;;80922.0;;;-2.0;15.0;-5.0;26.0;-22.0;12.0
23/12/2020;NG;1042.0;;81964.0;;;-2.0;21.0;-4.0;27.0;-24.0;13.0
24/12/2020;NG;783.0;;82747.0;;;3.0;34.0;-4.0;35.0;-31.0;12.0
25/12/2020;NG;829.0;;83576.0;;;-30.0;-16.0;-21.0;-12.0;-65.0;25.0
26/12/2020;NG;838.0;;84414.0;;;-18.0;-7.0;-11.0;4.0;-29.0;13.0
27/12/2020;NG;397.0;;84811.0;;;-10.0;2.0;6.0;16.0;-13.0;10.0
28/12/2020;NG;749.0;5385.0;85560.0;;;-14.0;1.0;-14.0;3.0;-53.0;23.0
29/12/2020;NG;1016.0;890.0;86576.0;;;-12.0;1.0;-11.0;11.0;-37.0;17.0
30/12/2020;NG;934.0;9446.0;87510.0;;;-13.0;3.0;-11.0;9.0;-36.0;19.0
31/12/2020;NG;1077.0;;88587.0;;;-9.0;15.0;-9.0;19.0;-38.0;16.0
01/01/2021;NG;576.0;;89163.0;;;-36.0;-27.0;-22.0;-23.0;-68.0;29.0
02/01/2021;NG;917.0;2454.0;90080.0;;;-24.0;-12.0;-15.0;-6.0;-31.0;17.0
03/01/2021;NG;1204.0;3482.0;91284.0;;;-15.0;-4.0;2.0;11.0;-10.0;10.0
04/01/2021;NG;1421.0;21135.0;92705.0;;;-17.0;-3.0;-16.0;-1.0;-32.0;19.0
05/01/2021;NG;1664.0;;94369.0;;;-16.0;-3.0;-15.0;3.0;-29.0;18.0
06/01/2021;NG;1565.0;;95934.0;;;-16.0;0.0;-14.0;2.0;-25.0;19.0
07/01/2021;NG;1544.0;6669.0;97478.0;;;-13.0;2.0;-13.0;4.0;-24.0;18.0
08/01/2021;NG;1585.0;6477.0;99063.0;;;-13.0;2.0;-11.0;5.0;-19.0;18.0
09/01/2021;NG;1024.0;7499.0;100087.0;;;-13.0;0.0;-13.0;6.0;-4.0;11.0
10/01/2021;NG;1244.0;8298.0;101331.0;;;-12.0;-2.0;-5.0;7.0;-2.0;11.0
11/01/2021;NG;1270.0;;102601.0;;;-8.0;3.0;-12.0;6.0;-17.0;16.0
12/01/2021;NG;1398.0;;103999.0;;;-10.0;0.0;-14.0;6.0;-18.0;16.0
13/01/2021;NG;1479.0;;105478.0;;;-13.0;-2.0;-16.0;0.0;-18.0;15.0
14/01/2021;NG;1867.0;5612.0;107345.0;;;-13.0;-1.0;-18.0;-1.0;-20.0;15.0
15/01/2021;NG;1598.0;6376.0;108943.0;;;-15.0;-3.0;-17.0;-2.0;-19.0;15.0
16/01/2021;NG;1444.0;6615.0;110387.0;;;-18.0;-6.0;-21.0;-1.0;-10.0;12.0
17/01/2021;NG;1617.0;18096.0;112004.0;;;-15.0;-8.0;-12.0;0.0;-7.0;12.0
18/01/2021;NG;1301.0;19632.0;113305.0;;;-12.0;-2.0;-17.0;2.0;-19.0;15.0
19/01/2021;NG;1386.0;6892.0;114691.0;;;-12.0;-4.0;-17.0;3.0;-20.0;14.0
20/01/2021;NG;1962.0;4355.0;116653.0;;;-13.0;-3.0;-17.0;-1.0;-17.0;16.0
21/01/2021;NG;1485.0;22066.0;118138.0;;;-11.0;-2.0;-17.0;1.0;-17.0;16.0
22/01/2021;NG;2464.0;16051.0;120602.0;;;-12.0;-2.0;-14.0;2.0;-13.0;15.0
23/01/2021;NG;964.0;17304.0;121566.0;;;-13.0;-2.0;-16.0;4.0;-3.0;12.0
24/01/2021;NG;1430.0;11989.0;122996.0;;;-13.0;-6.0;-9.0;2.0;-5.0;13.0
25/01/2021;NG;1303.0;;124299.0;;;-8.0;0.0;-14.0;5.0;-15.0;14.0
26/01/2021;NG;1861.0;;126160.0;;;-9.0;-2.0;-14.0;5.0;-16.0;14.0
27/01/2021;NG;864.0;;127024.0;;;-10.0;-1.0;-14.0;3.0;-15.0;15.0
28/01/2021;NG;1650.0;;128674.0;;;-7.0;2.0;-10.0;7.0;-15.0;14.0
29/01/2021;NG;1883.0;;130557.0;;;-7.0;3.0;-9.0;9.0;-13.0;11.0
30/01/2021;NG;685.0;;131242.0;;;-8.0;3.0;-9.0;12.0;-8.0;7.0
31/01/2021;NG;676.0;;131918.0;;;-10.0;0.0;-7.0;10.0;-10.0;8.0
01/02/2021;NG;1634.0;;133552.0;;;-5.0;5.0;-12.0;9.0;-17.0;10.0
02/02/2021;NG;1138.0;;134690.0;;;-5.0;4.0;-9.0;12.0;-18.0;10.0
03/02/2021;NG;1340.0;;136030.0;;;-9.0;3.0;-11.0;7.0;-17.0;11.0
04/02/2021;NG;1624.0;;137654.0;;;-9.0;4.0;-10.0;8.0;-18.0;11.0
05/02/2021;NG;1588.0;;139242.0;;;-9.0;4.0;-5.0;9.0;-15.0;10.0
06/02/2021;NG;506.0;;139748.0;;;-10.0;2.0;-6.0;11.0;-9.0;8.0
07/02/2021;NG;643.0;;140391.0;;;-15.0;-6.0;-1.0;4.0;-12.0;9.0
08/02/2021;NG;1056.0;;141447.0;;;-9.0;4.0;-11.0;10.0;-19.0;10.0
09/02/2021;NG;1131.0;;142578.0;;;-7.0;4.0;-10.0;11.0;-19.0;10.0
10/02/2021;NG;938.0;;143516.0;;;-9.0;3.0;-12.0;8.0;-17.0;11.0
11/02/2021;NG;1005.0;;144521.0;;;-8.0;5.0;-15.0;7.0;-17.0;11.0
12/02/2021;NG;1143.0;;145664.0;;;-9.0;4.0;-16.0;7.0;-15.0;9.0
13/02/2021;NG;690.0;;146354.0;;;-9.0;3.0;-19.0;6.0;-11.0;7.0
14/02/2021;NG;574.0;;146928.0;;;3.0;6.0;-9.0;6.0;-11.0;7.0
15/02/2021;NG;1368.0;;148296.0;;;-9.0;1.0;-22.0;3.0;-17.0;10.0
16/02/2021;NG;1073.0;;149369.0;;;-8.0;0.0;-22.0;7.0;-18.0;10.0
17/02/2021;NG;877.0;;150246.0;;;-10.0;2.0;-20.0;6.0;-15.0;10.0
18/02/2021;NG;662.0;;150908.0;;;-8.0;4.0;-20.0;6.0;-15.0;10.0
19/02/2021;NG;645.0;;151553.0;;;-10.0;2.0;-21.0;3.0;-13.0;11.0
20/02/2021;NG;521.0;;152074.0;;;-9.0;5.0;-17.0;8.0;-6.0;8.0
21/02/2021;NG;542.0;;152616.0;;;-12.0;-1.0;-14.0;2.0;-9.0;9.0
22/02/2021;NG;571.0;;153187.0;;;-7.0;4.0;-19.0;7.0;-13.0;11.0
23/02/2021;NG;655.0;;153842.0;;;-5.0;4.0;-18.0;9.0;-13.0;10.0
24/02/2021;NG;634.0;;154476.0;;;-7.0;5.0;-18.0;6.0;-12.0;11.0
25/02/2021;NG;600.0;;155076.0;;;-5.0;7.0;-18.0;9.0;-13.0;11.0
26/02/2021;NG;341.0;;155417.0;;;-5.0;9.0;-15.0;11.0;-11.0;10.0
27/02/2021;NG;240.0;;155657.0;;;-5.0;9.0;-14.0;12.0;-6.0;7.0
28/02/2021;NG;360.0;;156017.0;;;-7.0;4.0;-11.0;7.0;-8.0;7.0
01/03/2021;NG;479.0;;156496.0;;;-3.0;9.0;-18.0;11.0;-11.0;9.0
02/03/2021;NG;467.0;;156963.0;;;-2.0;9.0;-18.0;13.0;-12.0;9.0
03/03/2021;NG;708.0;;157671.0;;;-2.0;10.0;-17.0;12.0;-11.0;10.0
04/03/2021;NG;371.0;;158042.0;;0.0;0.0;12.0;-17.0;12.0;-12.0;10.0
05/03/2021;NG;195.0;;158237.0;;;-1.0;13.0;-13.0;14.0;-9.0;9.0
06/03/2021;NG;269.0;;158506.0;;;-3.0;10.0;-14.0;13.0;-5.0;7.0
07/03/2021;NG;400.0;;158906.0;;;-5.0;6.0;-10.0;7.0;-6.0;7.0
08/03/2021;NG;346.0;;159252.0;;;0.0;11.0;-17.0;12.0;-10.0;9.0
09/03/2021;NG;394.0;;159646.0;;;-1.0;9.0;-16.0;13.0;-11.0;9.0
10/03/2021;NG;287.0;;159933.0;;;-3.0;9.0;-16.0;11.0;-10.0;10.0
11/03/2021;NG;399.0;;160332.0;;;-1.0;10.0;-14.0;13.0;-10.0;9.0
12/03/2021;NG;205.0;;160537.0;;;-4.0;9.0;-11.0;18.0;-7.0;8.0
13/03/2021;NG;120.0;;160657.0;;;-6.0;7.0;-12.0;11.0;-4.0;6.0
14/03/2021;NG;238.0;;160895.0;;;-8.0;3.0;-8.0;3.0;-6.0;8.0
15/03/2021;NG;179.0;;161074.0;8000.0;8000.0;-1.0;10.0;-13.0;13.0;-8.0;9.0
16/03/2021;NG;187.0;;161261.0;;;-1.0;9.0;-13.0;15.0;-9.0;9.0
17/03/2021;NG;148.0;;161409.0;;;-4.0;9.0;-13.0;11.0;-7.0;10.0
18/03/2021;NG;130.0;;161539.0;;;-3.0;10.0;-14.0;12.0;-8.0;10.0
19/03/2021;NG;112.0;;161651.0;;;-2.0;13.0;-9.0;16.0;-4.0;9.0
20/03/2021;NG;86.0;;161737.0;;;-3.0;11.0;-9.0;16.0;0.0;6.0
21/03/2021;NG;131.0;;161868.0;;;-8.0;6.0;-7.0;8.0;-4.0;7.0
22/03/2021;NG;214.0;;162082.0;;;-2.0;10.0;-13.0;14.0;-7.0;9.0
23/03/2021;NG;96.0;;162178.0;;;-3.0;7.0;-14.0;14.0;-9.0;9.0
24/03/2021;NG;0.0;;162178.0;269458.0;277458.0;-3.0;10.0;-13.0;14.0;-8.0;10.0
25/03/2021;NG;210.0;;162388.0;;;1.0;14.0;-11.0;17.0;-7.0;8.0
26/03/2021;NG;101.0;;162489.0;;;1.0;16.0;-6.0;20.0;-4.0;7.0
27/03/2021;NG;104.0;;162593.0;;;0.0;14.0;-6.0;19.0;-3.0;5.0
28/03/2021;NG;48.0;;162641.0;236168.0;513626.0;-4.0;9.0;-5.0;11.0;-5.0;6.0
29/03/2021;NG;121.0;;162762.0;;;2.0;15.0;-11.0;16.0;-7.0;8.0
30/03/2021;NG;129.0;;162891.0;;;3.0;15.0;-11.0;20.0;-8.0;8.0
31/03/2021;NG;106.0;;162997.0;204786.0;718412.0;5.0;20.0;-9.0;22.0;-8.0;8.0
01/04/2021;NG;66.0;;163063.0;100453.0;818865.0;9.0;25.0;-6.0;26.0;-9.0;6.0
02/04/2021;NG;50.0;;163113.0;;;-2.0;20.0;-11.0;12.0;-41.0;15.0
03/04/2021;NG;82.0;;163195.0;;;2.0;19.0;-7.0;16.0;-9.0;5.0
04/04/2021;NG;135.0;;163330.0;;;3.0;13.0;0.0;10.0;-12.0;4.0
05/04/2021;NG;58.0;;163388.0;;;-5.0;7.0;-20.0;-3.0;-57.0;20.0
06/04/2021;NG;110.0;;163498.0;145522.0;964387.0;2.0;14.0;-14.0;19.0;-13.0;8.0
07/04/2021;NG;83.0;;163581.0;;;1.0;15.0;-12.0;16.0;-13.0;9.0
08/04/2021;NG;71.0;;163652.0;;;2.0;17.0;-12.0;16.0;-12.0;9.0
09/04/2021;NG;84.0;;163736.0;;;2.0;19.0;-9.0;18.0;-10.0;9.0
10/04/2021;NG;57.0;;163793.0;;;1.0;15.0;-9.0;16.0;-5.0;5.0
11/04/2021;NG;44.0;;163837.0;;;-3.0;9.0;-6.0;11.0;-8.0;7.0
12/04/2021;NG;74.0;;163911.0;;;4.0;19.0;-12.0;17.0;-10.0;9.0
13/04/2021;NG;89.0;;164000.0;;;-1.0;14.0;-15.0;15.0;-11.0;10.0
14/04/2021;NG;80.0;;164080.0;79350.0;1043737.0;-2.0;15.0;-15.0;14.0;-10.0;10.0
15/04/2021;NG;67.0;;164147.0;7359.0;1051096.0;1.0;16.0;-15.0;13.0;-9.0;10.0
16/04/2021;NG;60.0;;164207.0;30452.0;1081548.0;-1.0;17.0;-12.0;15.0;-6.0;10.0
17/04/2021;NG;26.0;;164233.0;;;-5.0;9.0;-14.0;10.0;-4.0;9.0
18/04/2021;NG;70.0;;164303.0;15179.0;1096727.0;-10.0;3.0;-13.0;-1.0;-8.0;11.0
19/04/2021;NG;120.0;;164423.0;5100.0;1101827.0;2.0;16.0;-15.0;15.0;-7.0;11.0
20/04/2021;NG;65.0;;164488.0;12581.0;1114408.0;1.0;14.0;-14.0;18.0;-8.0;10.0
21/04/2021;NG;100.0;;164588.0;18917.0;1133325.0;-1.0;15.0;-15.0;15.0;-7.0;11.0
22/04/2021;NG;45.0;;164633.0;14843.0;1148168.0;-1.0;15.0;-16.0;14.0;-7.0;12.0
23/04/2021;NG;51.0;;164684.0;10414.0;1158582.0;1.0;18.0;-10.0;18.0;-3.0;10.0
24/04/2021;NG;35.0;;164719.0;9255.0;1167837.0;1.0;17.0;-9.0;18.0;1.0;8.0
25/04/2021;NG;37.0;;164756.0;3678.0;1171515.0;-3.0;10.0;-7.0;11.0;-3.0;8.0
26/04/2021;NG;156.0;;164912.0;3770.0;1175285.0;2.0;17.0;-15.0;16.0;-5.0;11.0
27/04/2021;NG;81.0;;164993.0;6656.0;1181941.0;2.0;15.0;-13.0;19.0;-6.0;10.0
28/04/2021;NG;62.0;;165055.0;9622.0;1191563.0;1.0;17.0;-13.0;18.0;-6.0;11.0
29/04/2021;NG;55.0;;165110.0;;;4.0;21.0;-13.0;21.0;-5.0;10.0
30/04/2021;NG;43.0;;165153.0;;;4.0;23.0;-9.0;23.0;-1.0;9.0
01/05/2021;NG;28.0;;165181.0;30546.0;1222109.0;4.0;23.0;-9.0;21.0;2.0;6.0
02/05/2021;NG;18.0;;165199.0;7624.0;1229733.0;-1.0;13.0;-6.0;12.0;-3.0;8.0
03/05/2021;NG;34.0;;165233.0;7082.0;1236815.0;-2.0;19.0;-21.0;5.0;-43.0;22.0
04/05/2021;NG;52.0;;165285.0;10030.0;1246845.0;6.0;21.0;-12.0;26.0;-3.0;8.0
05/05/2021;NG;28.0;;165313.0;19897.0;1266742.0;4.0;22.0;-12.0;22.0;-4.0;9.0
06/05/2021;NG;39.0;;165352.0;23031.0;1289773.0;5.0;23.0;-12.0;21.0;-3.0;10.0
07/05/2021;NG;30.0;;165382.0;326014.0;1615787.0;3.0;22.0;-7.0;23.0;1.0;9.0
08/05/2021;NG;37.0;;165419.0;37505.0;1653292.0;1.0;18.0;-10.0;18.0;4.0;8.0
09/05/2021;NG;49.0;;165468.0;12406.0;1665698.0;-4.0;11.0;-7.0;11.0;-2.0;9.0
10/05/2021;NG;47.0;;165515.0;31545.0;1697243.0;7.0;23.0;-10.0;23.0;-4.0;9.0
11/05/2021;NG;44.0;;165559.0;16063.0;1713306.0;10.0;26.0;-7.0;30.0;-5.0;8.0
12/05/2021;NG;53.0;;165612.0;34936.0;1748242.0;-2.0;22.0;-19.0;9.0;-42.0;21.0
13/05/2021;NG;49.0;;165661.0;15310.0;1763552.0;-4.0;11.0;-17.0;-1.0;-52.0;20.0
14/05/2021;NG;41.0;;165702.0;3936.0;1767488.0;2.0;20.0;-8.0;17.0;-14.0;12.0
15/05/2021;NG;7.0;;165709.0;27064.0;1794552.0;3.0;18.0;-4.0;17.0;-5.0;8.0
16/05/2021;NG;69.0;;165778.0;17243.0;1811795.0;3.0;15.0;3.0;17.0;-3.0;7.0
17/05/2021;NG;29.0;;165807.0;11300.0;1823095.0;9.0;25.0;-5.0;28.0;-2.0;9.0
18/05/2021;NG;45.0;;165852.0;19342.0;1842437.0;9.0;22.0;-5.0;29.0;-2.0;9.0
19/05/2021;NG;49.0;;165901.0;38351.0;1880788.0;6.0;23.0;-5.0;23.0;-1.0;10.0
20/05/2021;NG;43.0;;165944.0;14006.0;1894794.0;9.0;27.0;-3.0;21.0;0.0;10.0
21/05/2021;NG;35.0;;165979.0;16460.0;1911254.0;9.0;27.0;2.0;28.0;4.0;9.0
22/05/2021;NG;40.0;;166019.0;15887.0;1927141.0;3.0;16.0;-3.0;20.0;3.0;9.0
23/05/2021;NG;42.0;;166061.0;2096.0;1929237.0;2.0;15.0;7.0;17.0;4.0;8.0
24/05/2021;NG;37.0;;166098.0;;;8.0;25.0;-5.0;23.0;1.0;10.0
25/05/2021;NG;48.0;;166146.0;1685.0;1930922.0;9.0;24.0;-2.0;26.0;1.0;9.0
26/05/2021;NG;45.0;;166191.0;7689.0;1938611.0;10.0;26.0;-2.0;24.0;1.0;9.0
27/05/2021;NG;63.0;;166254.0;6662.0;1945273.0;18.0;33.0;1.0;24.0;-3.0;10.0
28/05/2021;NG;31.0;;166285.0;5025.0;1950298.0;15.0;34.0;7.0;30.0;6.0;7.0
29/05/2021;NG;30.0;;166315.0;2396.0;1952694.0;15.0;28.0;8.0;31.0;5.0;6.0
30/05/2021;NG;203.0;;166518.0;2958.0;1955652.0;7.0;20.0;12.0;21.0;1.0;8.0
31/05/2021;NG;17.0;;166535.0;946.0;1956598.0;9.0;22.0;-2.0;23.0;-2.0;12.0
01/06/2021;NG;25.0;;166560.0;3895.0;1960493.0;14.0;29.0;1.0;25.0;1.0;10.0
02/06/2021;NG;122.0;;166682.0;1390.0;1961883.0;18.0;35.0;5.0;31.0;4.0;9.0
03/06/2021;NG;48.0;;166730.0;;;20.0;36.0;5.0;32.0;5.0;9.0
04/06/2021;NG;26.0;;166756.0;2212.0;1964095.0;14.0;31.0;6.0;30.0;5.0;11.0
05/06/2021;NG;11.0;;166767.0;;;15.0;30.0;9.0;32.0;7.0;6.0
06/06/2021;NG;49.0;;166816.0;;;10.0;23.0;15.0;25.0;3.0;6.0
07/06/2021;NG;102.0;;166918.0;;;17.0;33.0;4.0;29.0;5.0;8.0
08/06/2021;NG;64.0;;166982.0;;;14.0;26.0;1.0;28.0;2.0;10.0
09/06/2021;NG;45.0;;167027.0;;;14.0;30.0;2.0;31.0;2.0;9.0
10/06/2021;NG;24.0;;167051.0;;;19.0;36.0;3.0;33.0;3.0;9.0
11/06/2021;NG;8.0;;167059.0;;;17.0;39.0;8.0;37.0;4.0;9.0
12/06/2021;NG;7.0;;167066.0;;;-14.0;-2.0;-20.0;-16.0;-16.0;18.0
13/06/2021;NG;12.0;;167078.0;;;10.0;21.0;11.0;18.0;1.0;9.0
14/06/2021;NG;17.0;;167095.0;;;12.0;31.0;-5.0;14.0;-39.0;20.0
15/06/2021;NG;8.0;;167103.0;14713.0;1978808.0;15.0;27.0;1.0;32.0;4.0;7.0
16/06/2021;NG;39.0;;167142.0;;;15.0;30.0;3.0;31.0;2.0;8.0
17/06/2021;NG;13.0;;167155.0;;;19.0;33.0;3.0;29.0;3.0;8.0
18/06/2021;NG;0.0;;167155.0;;;16.0;32.0;7.0;31.0;7.0;9.0
19/06/2021;NG;0.0;;167155.0;;;14.0;27.0;3.0;31.0;9.0;6.0
20/06/2021;NG;0.0;;167155.0;;;3.0;13.0;3.0;12.0;-2.0;9.0
21/06/2021;NG;176.0;;167331.0;;;12.0;26.0;-1.0;27.0;1.0;8.0
22/06/2021;NG;44.0;;167375.0;;;12.0;23.0;0.0;29.0;0.0;8.0
23/06/2021;NG;26.0;;167401.0;;;13.0;27.0;0.0;27.0;2.0;9.0
24/06/2021;NG;29.0;;167430.0;120760.0;2099568.0;18.0;33.0;3.0;29.0;3.0;8.0
25/06/2021;NG;35.0;;167465.0;;;18.0;34.0;8.0;33.0;7.0;8.0
26/06/2021;NG;2.0;;167467.0;;;10.0;21.0;-1.0;20.0;2.0;9.0
27/06/2021;NG;65.0;;167532.0;;;12.0;23.0;12.0;25.0;3.0;7.0
28/06/2021;NG;11.0;;167543.0;142094.0;2241662.0;15.0;29.0;-1.0;27.0;3.0;7.0
29/06/2021;NG;75.0;;167618.0;;;15.0;26.0;0.0;27.0;2.0;8.0
30/06/2021;NG;74.0;;167692.0;;;17.0;31.0;2.0;29.0;4.0;8.0
01/07/2021;NG;40.0;;167732.0;;;21.0;36.0;5.0;32.0;6.0;9.0
02/07/2021;NG;71.0;;167803.0;;;21.0;37.0;8.0;35.0;10.0;9.0
03/07/2021;NG;56.0;;167859.0;;;13.0;27.0;2.0;26.0;7.0;9.0
04/07/2021;NG;50.0;;167909.0;;;15.0;29.0;14.0;28.0;3.0;7.0
05/07/2021;NG;91.0;;168000.0;234975.0;2476637.0;22.0;36.0;5.0;33.0;7.0;8.0
06/07/2021;NG;110.0;;168110.0;;;22.0;33.0;5.0;38.0;6.0;8.0
07/07/2021;NG;146.0;;168256.0;;;21.0;34.0;4.0;32.0;5.0;9.0
08/07/2021;NG;186.0;;168442.0;;;21.0;35.0;4.0;31.0;6.0;9.0
09/07/2021;NG;98.0;;168540.0;;;20.0;36.0;8.0;35.0;10.0;10.0
10/07/2021;NG;12.0;;168552.0;;;19.0;33.0;7.0;37.0;10.0;7.0
11/07/2021;NG;161.0;;168713.0;;;12.0;23.0;12.0;29.0;4.0;8.0
12/07/2021;NG;154.0;;168867.0;57568.0;2534205.0;17.0;31.0;2.0;33.0;5.0;10.0
13/07/2021;NG;48.0;;168915.0;;;21.0;33.0;6.0;35.0;5.0;9.0
14/07/2021;NG;159.0;;169074.0;;;19.0;32.0;4.0;29.0;5.0;9.0
15/07/2021;NG;132.0;;169206.0;;;22.0;36.0;7.0;36.0;6.0;9.0
16/07/2021;NG;123.0;;169329.0;;;15.0;30.0;9.0;32.0;7.0;10.0
17/07/2021;NG;203.0;;169532.0;;;19.0;35.0;9.0;40.0;9.0;6.0
18/07/2021;NG;146.0;;169678.0;;;15.0;30.0;17.0;31.0;3.0;7.0
19/07/2021;NG;206.0;;169884.0;;;27.0;49.0;11.0;40.0;-4.0;9.0
20/07/2021;NG;238.0;;170122.0;;;5.0;16.0;-4.0;9.0;-54.0;19.0
21/07/2021;NG;184.0;;170306.0;;;6.0;21.0;-5.0;9.0;-51.0;20.0
22/07/2021;NG;317.0;;170623.0;;;19.0;33.0;6.0;28.0;-5.0;10.0
23/07/2021;NG;272.0;;170895.0;;;21.0;39.0;12.0;35.0;1.0;10.0
24/07/2021;NG;216.0;;171111.0;;;-3.0;7.0;-9.0;-12.0;-14.0;17.0
25/07/2021;NG;213.0;;171324.0;;;13.0;24.0;17.0;31.0;1.0;7.0
26/07/2021;NG;404.0;;171728.0;;;19.0;33.0;5.0;31.0;1.0;11.0
27/07/2021;NG;535.0;;172263.0;;;23.0;34.0;9.0;35.0;2.0;10.0
28/07/2021;NG;558.0;;172821.0;;;22.0;35.0;11.0;32.0;3.0;10.0
29/07/2021;NG;590.0;;173411.0;;;26.0;39.0;13.0;33.0;4.0;10.0
30/07/2021;NG;497.0;;173908.0;;;24.0;39.0;17.0;37.0;7.0;10.0
31/07/2021;NG;407.0;;174315.0;;;23.0;36.0;16.0;39.0;9.0;6.0
01/08/2021;NG;444.0;;174759.0;;;15.0;25.0;20.0;30.0;3.0;8.0
02/08/2021;NG;505.0;;175264.0;;;23.0;36.0;12.0;32.0;4.0;10.0
03/08/2021;NG;747.0;;176011.0;;;24.0;35.0;13.0;33.0;1.0;10.0
04/08/2021;NG;566.0;;176577.0;;;20.0;34.0;10.0;29.0;1.0;11.0
05/08/2021;NG;565.0;;177142.0;;;23.0;36.0;11.0;29.0;1.0;11.0
06/08/2021;NG;473.0;;177615.0;;;23.0;37.0;17.0;34.0;6.0;10.0
07/08/2021;NG;471.0;;178086.0;;;19.0;30.0;13.0;33.0;9.0;8.0
08/08/2021;NG;422.0;;178508.0;;;14.0;26.0;23.0;31.0;3.0;9.0
09/08/2021;NG;610.0;;179118.0;16185.0;2550390.0;18.0;28.0;7.0;28.0;-3.0;13.0
10/08/2021;NG;790.0;;179908.0;;;23.0;33.0;11.0;33.0;1.0;11.0
11/08/2021;NG;753.0;;180661.0;;;20.0;32.0;9.0;31.0;2.0;11.0
12/08/2021;NG;636.0;;181297.0;;;24.0;36.0;12.0;32.0;3.0;11.0
13/08/2021;NG;665.0;;181962.0;;;21.0;36.0;15.0;34.0;6.0;11.0
14/08/2021;NG;541.0;;182503.0;;;21.0;31.0;15.0;37.0;10.0;7.0
15/08/2021;NG;584.0;;183087.0;;;12.0;24.0;19.0;27.0;3.0;9.0
16/08/2021;NG;357.0;;183444.0;;;15.0;26.0;5.0;27.0;-2.0;13.0
17/08/2021;NG;1149.0;;184593.0;;;20.0;31.0;8.0;32.0;0.0;11.0
18/08/2021;NG;674.0;;185267.0;;;17.0;32.0;5.0;29.0;3.0;12.0
19/08/2021;NG;304.0;;185571.0;;;20.0;33.0;6.0;31.0;3.0;12.0
20/08/2021;NG;1064.0;;186635.0;;;19.0;33.0;12.0;32.0;5.0;12.0
21/08/2021;NG;388.0;;187023.0;;;16.0;26.0;9.0;28.0;8.0;9.0
22/08/2021;NG;565.0;;187588.0;;;10.0;20.0;12.0;23.0;3.0;10.0
23/08/2021;NG;655.0;;188243.0;;;15.0;26.0;0.0;25.0;0.0;13.0
24/08/2021;NG;637.0;;188880.0;;;20.0;30.0;6.0;30.0;2.0;11.0
25/08/2021;NG;835.0;;189715.0;;;18.0;30.0;6.0;28.0;2.0;12.0
26/08/2021;NG;618.0;;190333.0;;;22.0;35.0;7.0;32.0;2.0;11.0
27/08/2021;NG;650.0;;190983.0;;;21.0;35.0;12.0;33.0;5.0;11.0
28/08/2021;NG;362.0;;191345.0;205813.0;2756203.0;18.0;28.0;9.0;33.0;7.0;9.0
29/08/2021;NG;460.0;;191805.0;;;12.0;23.0;16.0;27.0;3.0;9.0
30/08/2021;NG;626.0;;192431.0;;;19.0;29.0;3.0;27.0;-1.0;13.0
31/08/2021;NG;582.0;;193013.0;238730.0;2994933.0;25.0;35.0;11.0;35.0;3.0;10.0
01/09/2021;NG;631.0;;193644.0;;;20.0;33.0;7.0;33.0;2.0;11.0
02/09/2021;NG;444.0;;194088.0;;;21.0;33.0;8.0;25.0;0.0;13.0
03/09/2021;NG;964.0;;195052.0;;;17.0;29.0;10.0;25.0;2.0;14.0
04/09/2021;NG;459.0;;195511.0;;;19.0;33.0;15.0;36.0;9.0;9.0
05/09/2021;NG;379.0;;195890.0;466780.0;3461713.0;14.0;26.0;20.0;28.0;3.0;9.0
06/09/2021;NG;597.0;;196487.0;139145.0;3600858.0;20.0;30.0;7.0;29.0;-1.0;13.0
07/09/2021;NG;559.0;;197046.0;;;24.0;34.0;11.0;36.0;1.0;11.0
08/09/2021;NG;727.0;;197773.0;;;24.0;37.0;12.0;34.0;3.0;11.0
09/09/2021;NG;466.0;;198239.0;;;21.0;31.0;8.0;31.0;0.0;13.0
10/09/2021;NG;547.0;;198786.0;;;22.0;36.0;16.0;37.0;7.0;11.0
11/09/2021;NG;365.0;;199151.0;;;21.0;33.0;15.0;37.0;12.0;8.0
12/09/2021;NG;387.0;;199538.0;423846.0;4024704.0;14.0;25.0;20.0;30.0;5.0;9.0
13/09/2021;NG;519.0;;200057.0;;;12.0;21.0;0.0;19.0;-3.0;15.0
14/09/2021;NG;299.0;;200356.0;;;21.0;28.0;10.0;34.0;-1.0;12.0
15/09/2021;NG;601.0;;200957.0;121324.0;4146028.0;22.0;34.0;12.0;32.0;3.0;10.0
16/09/2021;NG;337.0;;201294.0;;;23.0;35.0;11.0;34.0;3.0;10.0
17/09/2021;NG;336.0;;201630.0;;;23.0;36.0;16.0;36.0;7.0;11.0
18/09/2021;NG;168.0;;201798.0;;;20.0;31.0;14.0;34.0;12.0;8.0
19/09/2021;NG;393.0;;202191.0;269479.0;4415507.0;14.0;24.0;19.0;26.0;7.0;9.0
20/09/2021;NG;513.0;;202704.0;;;19.0;28.0;6.0;28.0;2.0;11.0
21/09/2021;NG;377.0;;203081.0;;;20.0;27.0;8.0;30.0;3.0;11.0
22/09/2021;NG;433.0;;203514.0;58665.0;4474172.0;15.0;25.0;3.0;23.0;4.0;13.0
23/09/2021;NG;477.0;;203991.0;;;25.0;37.0;13.0;34.0;8.0;10.0
24/09/2021;NG;210.0;;204201.0;;;22.0;34.0;14.0;35.0;10.0;10.0
25/09/2021;NG;255.0;;204456.0;211354.0;4685526.0;15.0;25.0;10.0;27.0;9.0;9.0
26/09/2021;NG;296.0;;204752.0;;;13.0;24.0;18.0;26.0;7.0;9.0
27/09/2021;NG;295.0;;205047.0;;;18.0;28.0;4.0;27.0;4.0;11.0
28/09/2021;NG;437.0;;205484.0;;;21.0;30.0;9.0;33.0;5.0;9.0
29/09/2021;NG;295.0;;205779.0;;;20.0;31.0;9.0;32.0;5.0;10.0
30/09/2021;NG;161.0;;205940.0;105417.0;4790943.0;28.0;40.0;14.0;38.0;6.0;8.0
01/10/2021;NG;124.0;;206064.0;;;15.0;27.0;7.0;21.0;-37.0;21.0
02/10/2021;NG;74.0;;206138.0;;;22.0;31.0;13.0;32.0;9.0;8.0
03/10/2021;NG;141.0;;206279.0;;;14.0;22.0;17.0;28.0;5.0;8.0
04/10/2021;NG;282.0;;206561.0;;;21.0;29.0;7.0;32.0;3.0;10.0
05/10/2021;NG;359.0;;206920.0;;;25.0;33.0;11.0;36.0;4.0;9.0
06/10/2021;NG;290.0;;207210.0;;;24.0;34.0;10.0;33.0;6.0;10.0
07/10/2021;NG;269.0;;207479.0;173042.0;4963985.0;29.0;40.0;12.0;37.0;8.0;9.0
08/10/2021;NG;139.0;;207618.0;;;28.0;41.0;18.0;39.0;12.0;9.0
09/10/2021;NG;77.0;;207695.0;;;18.0;26.0;9.0;30.0;10.0;8.0
10/10/2021;NG;284.0;;207979.0;;;19.0;28.0;24.0;30.0;6.0;8.0
11/10/2021;NG;174.0;;208153.0;;;22.0;31.0;8.0;31.0;5.0;11.0
12/10/2021;NG;251.0;;208404.0;;;27.0;34.0;11.0;36.0;7.0;9.0
13/10/2021;NG;226.0;;208630.0;;;24.0;32.0;11.0;34.0;8.0;10.0
14/10/2021;NG;167.0;;208797.0;154437.0;5118422.0;28.0;35.0;12.0;35.0;9.0;9.0
15/10/2021;NG;376.0;;209173.0;;;27.0;35.0;16.0;38.0;12.0;9.0
16/10/2021;NG;125.0;;209298.0;;;24.0;30.0;15.0;36.0;14.0;8.0
17/10/2021;NG;89.0;;209387.0;;;18.0;23.0;22.0;30.0;7.0;9.0
18/10/2021;NG;159.0;;209546.0;230151.0;5348573.0;22.0;27.0;7.0;31.0;4.0;11.0
19/10/2021;NG;167.0;;209713.0;;;20.0;28.0;4.0;21.0;-35.0;21.0
20/10/2021;NG;247.0;;209960.0;;;25.0;33.0;11.0;34.0;8.0;10.0
21/10/2021;NG;176.0;;210136.0;79347.0;5427920.0;24.0;28.0;10.0;33.0;4.0;12.0
22/10/2021;NG;159.0;;210295.0;;;25.0;34.0;15.0;38.0;12.0;10.0
23/10/2021;NG;0.0;;210295.0;98383.0;5526303.0;23.0;29.0;17.0;35.0;14.0;8.0
24/10/2021;NG;876.0;;211171.0;;;20.0;25.0;22.0;27.0;9.0;9.0
25/10/2021;NG;159.0;;211330.0;;;22.0;27.0;5.0;27.0;4.0;12.0
26/10/2021;NG;166.0;;211496.0;;;29.0;33.0;13.0;38.0;7.0;9.0
27/10/2021;NG;182.0;;211678.0;;;28.0;35.0;14.0;35.0;8.0;9.0
28/10/2021;NG;120.0;;211798.0;81510.0;5607813.0;30.0;37.0;16.0;35.0;7.0;9.0
29/10/2021;NG;89.0;;211887.0;;;31.0;39.0;21.0;40.0;11.0;9.0
30/10/2021;NG;74.0;;211961.0;;;29.0;34.0;19.0;40.0;13.0;7.0
31/10/2021;NG;90.0;;212051.0;85487.0;5693300.0;24.0;29.0;27.0;33.0;8.0;8.0
01/11/2021;NG;99.0;;212150.0;;;25.0;31.0;10.0;31.0;4.0;11.0
02/11/2021;NG;209.0;;212359.0;;;30.0;35.0;16.0;37.0;6.0;9.0
03/11/2021;NG;87.0;;212446.0;;;31.0;40.0;17.0;36.0;7.0;10.0
04/11/2021;NG;65.0;;212511.0;47964.0;5741264.0;35.0;43.0;17.0;38.0;7.0;10.0
05/11/2021;NG;116.0;;212627.0;;;27.0;33.0;16.0;36.0;5.0;13.0
06/11/2021;NG;86.0;;212713.0;;;29.0;32.0;19.0;37.0;10.0;8.0
07/11/2021;NG;52.0;;212765.0;;;22.0;27.0;24.0;30.0;8.0;9.0
08/11/2021;NG;64.0;;212829.0;;;27.0;31.0;12.0;35.0;6.0;11.0
09/11/2021;NG;65.0;;212894.0;;;33.0;36.0;17.0;41.0;8.0;9.0
10/11/2021;NG;53.0;;212947.0;35415.0;5776679.0;27.0;31.0;11.0;34.0;5.0;11.0
11/11/2021;NG;129.0;;213076.0;46334.0;5823013.0;32.0;36.0;16.0;36.0;8.0;9.0
12/11/2021;NG;51.0;;213127.0;;;32.0;40.0;20.0;39.0;12.0;9.0
13/11/2021;NG;20.0;;213147.0;;;30.0;35.0;19.0;38.0;14.0;7.0
14/11/2021;NG;30.0;;213177.0;;;23.0;29.0;25.0;30.0;8.0;9.0
15/11/2021;NG;144.0;;213321.0;;;28.0;32.0;12.0;32.0;7.0;11.0
16/11/2021;NG;82.0;;213403.0;;;32.0;36.0;18.0;37.0;8.0;9.0
17/11/2021;NG;61.0;;213464.0;;;31.0;37.0;17.0;35.0;9.0;9.0
18/11/2021;NG;23.0;;213487.0;124309.0;5947322.0;32.0;38.0;17.0;33.0;9.0;9.0
19/11/2021;NG;45.0;;213532.0;;;31.0;39.0;22.0;37.0;13.0;9.0
20/11/2021;NG;57.0;;213589.0;;;30.0;33.0;24.0;36.0;15.0;7.0
21/11/2021;NG;36.0;;213625.0;132573.0;6079895.0;23.0;28.0;25.0;28.0;9.0;9.0
22/11/2021;NG;52.0;;213677.0;;;27.0;33.0;12.0;31.0;8.0;11.0
23/11/2021;NG;141.0;;213818.0;;;32.0;36.0;17.0;38.0;10.0;9.0
24/11/2021;NG;65.0;;213883.0;103949.0;6183844.0;31.0;38.0;18.0;37.0;10.0;10.0
25/11/2021;NG;41.0;;213924.0;146123.0;6329967.0;34.0;42.0;23.0;39.0;10.0;9.0
26/11/2021;NG;58.0;;213982.0;;;36.0;44.0;30.0;43.0;13.0;8.0
27/11/2021;NG;110.0;;214092.0;;;35.0;37.0;31.0;41.0;13.0;6.0
28/11/2021;NG;21.0;;214113.0;;;27.0;32.0;37.0;36.0;11.0;8.0
29/11/2021;NG;105.0;;214218.0;;;31.0;38.0;20.0;36.0;9.0;11.0
30/11/2021;NG;52.0;;214270.0;;;34.0;40.0;24.0;40.0;10.0;9.0
01/12/2021;NG;47.0;;214317.0;;;36.0;45.0;27.0;42.0;13.0;9.0
02/12/2021;NG;196.0;;214513.0;194615.0;6524582.0;38.0;47.0;27.0;43.0;13.0;9.0
03/12/2021;NG;54.0;;214567.0;607250.0;7131832.0;39.0;49.0;34.0;47.0;17.0;8.0
04/12/2021;NG;55.0;;214622.0;;;38.0;43.0;37.0;48.0;18.0;6.0
05/12/2021;NG;167.0;;214789.0;;;30.0;34.0;39.0;38.0;13.0;8.0
06/12/2021;NG;107.0;;214896.0;;;33.0;40.0;22.0;38.0;10.0;10.0
07/12/2021;NG;268.0;;215164.0;;;35.0;41.0;27.0;43.0;13.0;9.0
08/12/2021;NG;754.0;;215918.0;;;35.0;43.0;25.0;39.0;14.0;9.0
09/12/2021;NG;533.0;;216451.0;218611.0;7350443.0;35.0;43.0;23.0;37.0;14.0;10.0
10/12/2021;NG;612.0;;217063.0;;;35.0;44.0;31.0;41.0;17.0;9.0
11/12/2021;NG;418.0;;217481.0;;;36.0;40.0;33.0;43.0;22.0;5.0
12/12/2021;NG;385.0;;217866.0;543625.0;7894068.0;29.0;35.0;41.0;34.0;18.0;7.0
13/12/2021;NG;730.0;;218596.0;;;32.0;41.0;20.0;34.0;11.0;11.0
14/12/2021;NG;1424.0;;220020.0;;;36.0;43.0;26.0;41.0;11.0;10.0
15/12/2021;NG;1051.0;;221071.0;287045.0;8181113.0;35.0;45.0;26.0;41.0;10.0;10.0
16/12/2021;NG;1584.0;;222655.0;;;40.0;49.0;26.0;41.0;9.0;10.0
17/12/2021;NG;828.0;;223483.0;;;41.0;52.0;32.0;48.0;12.0;10.0
18/12/2021;NG;404.0;;223887.0;;;42.0;47.0;37.0;51.0;19.0;5.0
19/12/2021;NG;1368.0;;225255.0;;;35.0;40.0;41.0;43.0;14.0;6.0
20/12/2021;NG;2123.0;;227378.0;629942.0;8811055.0;41.0;52.0;25.0;41.0;1.0;12.0
21/12/2021;NG;4035.0;;231413.0;;;45.0;55.0;32.0;50.0;0.0;11.0
22/12/2021;NG;1940.0;;233353.0;431681.0;9242736.0;47.0;61.0;33.0;52.0;-2.0;11.0
23/12/2021;NG;1356.0;;234709.0;;;52.0;70.0;37.0;57.0;-7.0;10.0
24/12/2021;NG;1305.0;;236014.0;;;49.0;78.0;38.0;58.0;-13.0;10.0
25/12/2021;NG;1547.0;;237561.0;;;11.0;15.0;14.0;11.0;-33.0;12.0
26/12/2021;NG;859.0;;238420.0;;;39.0;39.0;48.0;31.0;0.0;6.0
27/12/2021;NG;599.0;;239019.0;522993.0;9765729.0;30.0;36.0;20.0;17.0;-51.0;20.0
28/12/2021;NG;1355.0;;240374.0;;;28.0;33.0;20.0;20.0;-46.0;19.0
29/12/2021;NG;1139.0;;241513.0;;;30.0;40.0;20.0;30.0;-23.0;15.0
30/12/2021;NG;828.0;;242341.0;95582.0;9861311.0;36.0;47.0;23.0;34.0;-23.0;14.0
31/12/2021;NG;536.0;;242877.0;449165.0;10310476.0;34.0;56.0;29.0;44.0;-22.0;11.0
01/01/2022;NG;573.0;;243450.0;;;3.0;4.0;9.0;-3.0;-38.0;15.0
02/01/2022;NG;670.0;;244120.0;;;32.0;34.0;40.0;25.0;-1.0;7.0
03/01/2022;NG;428.0;;244548.0;;;20.0;29.0;11.0;10.0;-53.0;24.0
04/01/2022;NG;856.0;;245404.0;;;27.0;37.0;16.0;29.0;-15.0;15.0
05/01/2022;NG;791.0;;246195.0;;;28.0;41.0;18.0;30.0;-9.0;15.0
06/01/2022;NG;814.0;;247009.0;379488.0;10689964.0;32.0;44.0;20.0;31.0;-4.0;14.0
07/01/2022;NG;766.0;;247775.0;;;28.0;42.0;25.0;32.0;1.0;14.0
08/01/2022;NG;537.0;;248312.0;;;28.0;37.0;25.0;34.0;14.0;10.0
09/01/2022;NG;420.0;;248732.0;1048808.0;11738772.0;25.0;33.0;35.0;31.0;17.0;10.0
10/01/2022;NG;422.0;;249154.0;;;31.0;39.0;19.0;34.0;8.0;12.0
11/01/2022;NG;432.0;;249586.0;;;32.0;37.0;23.0;36.0;11.0;11.0
12/01/2022;NG;423.0;;250009.0;330031.0;12068803.0;31.0;38.0;23.0;34.0;14.0;12.0
13/01/2022;NG;352.0;;250361.0;;;34.0;42.0;25.0;36.0;15.0;12.0
14/01/2022;NG;267.0;;250628.0;322581.0;12391384.0;33.0;42.0;30.0;39.0;22.0;12.0
15/01/2022;NG;301.0;;250929.0;;;32.0;37.0;31.0;37.0;30.0;11.0
16/01/2022;NG;249.0;;251178.0;330905.0;12722289.0;30.0;34.0;42.0;32.0;29.0;12.0
17/01/2022;NG;163.0;;251341.0;;;34.0;37.0;24.0;34.0;16.0;14.0
18/01/2022;NG;230.0;;251571.0;441440.0;13163729.0;31.0;31.0;24.0;35.0;14.0;14.0
19/01/2022;NG;123.0;;251694.0;;;33.0;34.0;25.0;32.0;18.0;15.0
20/01/2022;NG;236.0;;251930.0;;;37.0;42.0;27.0;33.0;22.0;15.0
21/01/2022;NG;29.0;;251959.0;;;38.0;43.0;36.0;39.0;28.0;14.0
22/01/2022;NG;228.0;;252187.0;608729.0;13772458.0;36.0;40.0;33.0;37.0;37.0;13.0
23/01/2022;NG;241.0;;252428.0;149352.0;13921810.0;29.0;31.0;38.0;28.0;34.0;14.0
24/01/2022;NG;250.0;;252678.0;;;35.0;36.0;27.0;33.0;21.0;15.0
25/01/2022;NG;75.0;;252753.0;;;38.0;40.0;31.0;39.0;23.0;13.0
26/01/2022;NG;0.0;;252753.0;;;37.0;43.0;31.0;38.0;24.0;13.0
27/01/2022;NG;0.0;;252753.0;;;40.0;46.0;33.0;39.0;25.0;13.0
28/01/2022;NG;267.0;;253020.0;;;38.0;45.0;37.0;41.0;29.0;13.0
29/01/2022;NG;3.0;;253023.0;912749.0;14834559.0;37.0;41.0;34.0;38.0;34.0;12.0
30/01/2022;NG;158.0;;253181.0;;;33.0;35.0;42.0;32.0;33.0;13.0
31/01/2022;NG;159.0;;253340.0;;;37.0;41.0;28.0;34.0;24.0;14.0
01/02/2022;NG;65.0;;253405.0;;;42.0;45.0;34.0;41.0;27.0;13.0
02/02/2022;NG;0.0;;253405.0;;;42.0;48.0;36.0;41.0;28.0;13.0
03/02/2022;NG;135.0;;253540.0;;;45.0;51.0;37.0;41.0;28.0;13.0
04/02/2022;NG;145.0;;253685.0;;;43.0;50.0;40.0;44.0;32.0;12.0
05/02/2022;NG;42.0;;253727.0;;;42.0;45.0;38.0;42.0;37.0;11.0
06/02/2022;NG;53.0;;253780.0;;;36.0;38.0;45.0;33.0;36.0;12.0
07/02/2022;NG;58.0;;253838.0;;;40.0;43.0;32.0;38.0;25.0;14.0
08/02/2022;NG;37.0;;253875.0;;;42.0;44.0;37.0;44.0;27.0;12.0
09/02/2022;NG;0.0;;253875.0;;;39.0;44.0;36.0;39.0;27.0;13.0
10/02/2022;NG;0.0;;253875.0;;;43.0;48.0;36.0;39.0;27.0;13.0
11/02/2022;NG;95.0;;253970.0;;;43.0;49.0;43.0;45.0;32.0;12.0
12/02/2022;NG;46.0;;254016.0;;;34.0;37.0;30.0;38.0;32.0;14.0
13/02/2022;NG;75.0;;254091.0;;;40.0;41.0;48.0;37.0;37.0;12.0
14/02/2022;NG;33.0;;254124.0;;;56.0;50.0;38.0;39.0;25.0;13.0
15/02/2022;NG;13.0;;254137.0;;;39.0;39.0;35.0;39.0;25.0;12.0
16/02/2022;NG;45.0;;254182.0;;;32.0;33.0;26.0;33.0;20.0;16.0
17/02/2022;NG;39.0;;254221.0;;;39.0;43.0;33.0;36.0;23.0;15.0
18/02/2022;NG;22.0;;254243.0;;;40.0;45.0;41.0;38.0;28.0;14.0
19/02/2022;NG;50.0;;254293.0;;;40.0;41.0;39.0;38.0;38.0;12.0
20/02/2022;NG;0.0;;254293.0;;;38.0;38.0;45.0;34.0;36.0;14.0
21/02/2022;NG;32.0;;254325.0;2298820.0;17133379.0;38.0;40.0;29.0;33.0;24.0;15.0
22/02/2022;NG;27.0;;254352.0;;;42.0;42.0;41.0;40.0;27.0;13.0
23/02/2022;NG;76.0;;254428.0;;;41.0;43.0;40.0;38.0;26.0;15.0
24/02/2022;NG;0.0;;254428.0;;;47.0;48.0;45.0;42.0;26.0;15.0
25/02/2022;NG;73.0;;254501.0;;;46.0;48.0;51.0;45.0;30.0;16.0
26/02/2022;NG;24.0;;254525.0;;;44.0;42.0;47.0;43.0;37.0;13.0
27/02/2022;NG;35.0;;254560.0;602606.0;17735985.0;43.0;42.0;55.0;42.0;39.0;14.0
28/02/2022;NG;10.0;;254570.0;;;43.0;42.0;41.0;42.0;25.0;15.0
01/03/2022;NG;28.0;;254598.0;;;44.0;45.0;47.0;47.0;27.0;14.0
02/03/2022;NG;8.0;;254606.0;;;45.0;48.0;46.0;46.0;28.0;14.0
03/03/2022;NG;31.0;;254637.0;;;55.0;55.0;58.0;49.0;32.0;15.0
04/03/2022;NG;0.0;;254637.0;;;56.0;57.0;62.0;51.0;37.0;18.0
05/03/2022;NG;0.0;;254637.0;;;56.0;53.0;60.0;50.0;48.0;15.0
06/03/2022;NG;20.0;;254657.0;668599.0;18404584.0;58.0;54.0;72.0;49.0;52.0;17.0
07/03/2022;NG;120.0;;254777.0;;;58.0;50.0;57.0;46.0;31.0;19.0
08/03/2022;NG;0.0;;254777.0;;;65.0;54.0;66.0;54.0;36.0;19.0
09/03/2022;NG;84.0;;254861.0;;;65.0;56.0;70.0;52.0;39.0;20.0
10/03/2022;NG;33.0;;254894.0;;;71.0;61.0;76.0;56.0;42.0;21.0
11/03/2022;NG;51.0;;254945.0;;;67.0;60.0;79.0;58.0;46.0;23.0
12/03/2022;NG;8.0;;254953.0;;;66.0;58.0;78.0;58.0;60.0;20.0
13/03/2022;NG;36.0;;254989.0;791661.0;19196245.0;79.0;69.0;99.0;64.0;70.0;22.0
14/03/2022;NG;12.0;;255001.0;;;68.0;55.0;74.0;54.0;39.0;24.0
15/03/2022;NG;0.0;;255001.0;;;70.0;55.0;77.0;59.0;40.0;22.0
16/03/2022;NG;91.0;;255092.0;;;66.0;55.0;70.0;55.0;39.0;22.0
17/03/2022;NG;11.0;;255103.0;;;71.0;61.0;73.0;57.0;41.0;22.0
18/03/2022;NG;0.0;;255103.0;688536.0;19884781.0;67.0;61.0;78.0;58.0;46.0;22.0
19/03/2022;NG;0.0;;255103.0;;;68.0;57.0;78.0;57.0;59.0;20.0
20/03/2022;NG;0.0;;255103.0;;;78.0;67.0;99.0;63.0;68.0;22.0
21/03/2022;NG;87.0;;255190.0;;;67.0;54.0;74.0;52.0;38.0;24.0
22/03/2022;NG;54.0;;255244.0;;;69.0;56.0;77.0;58.0;39.0;22.0
23/03/2022;NG;0.0;;255244.0;;;67.0;57.0;76.0;56.0;40.0;23.0
24/03/2022;NG;0.0;;255244.0;;;71.0;61.0;77.0;57.0;41.0;22.0
25/03/2022;NG;52.0;;255296.0;;;68.0;62.0;81.0;59.0;45.0;22.0
26/03/2022;NG;0.0;;255296.0;;;69.0;60.0;78.0;58.0;56.0;19.0
27/03/2022;NG;45.0;;255341.0;1164973.0;21049754.0;82.0;72.0;101.0;65.0;66.0;21.0
28/03/2022;NG;0.0;;255341.0;;;66.0;54.0;73.0;52.0;37.0;25.0
29/03/2022;NG;74.0;;255415.0;;;72.0;57.0;77.0;57.0;38.0;23.0
30/03/2022;NG;0.0;;255415.0;;;68.0;59.0;75.0;56.0;39.0;23.0
31/03/2022;NG;53.0;;255468.0;;;74.0;66.0;78.0;57.0;40.0;22.0
01/04/2022;NG;0.0;;255468.0;;;72.0;70.0;84.0;61.0;48.0;22.0
02/04/2022;NG;0.0;;255468.0;;;66.0;64.0;76.0;59.0;59.0;21.0
03/04/2022;NG;48.0;;255516.0;;;76.0;71.0;96.0;60.0;68.0;23.0
04/04/2022;NG;0.0;;255516.0;;;66.0;56.0;73.0;52.0;35.0;26.0
05/04/2022;NG;59.0;;255575.0;;;69.0;58.0;77.0;58.0;38.0;23.0
06/04/2022;NG;0.0;;255575.0;;;65.0;58.0;72.0;52.0;36.0;25.0
07/04/2022;NG;31.0;;255606.0;1525641.0;22575395.0;69.0;63.0;74.0;55.0;38.0;24.0
08/04/2022;NG;0.0;;255606.0;;;60.0;56.0;70.0;53.0;36.0;26.0
09/04/2022;NG;0.0;;255606.0;;;61.0;56.0;70.0;53.0;55.0;21.0
10/04/2022;NG;27.0;;255633.0;;;78.0;72.0;94.0;62.0;68.0;22.0
11/04/2022;NG;0.0;;255633.0;;;68.0;57.0;72.0;53.0;31.0;26.0
12/04/2022;NG;13.0;;255646.0;;;69.0;57.0;74.0;56.0;32.0;25.0
13/04/2022;NG;0.0;;255646.0;;;69.0;63.0;73.0;58.0;33.0;25.0
14/04/2022;NG;2.0;;255648.0;;;76.0;70.0;76.0;62.0;32.0;23.0
15/04/2022;NG;0.0;;255648.0;;;59.0;62.0;68.0;46.0;-8.0;33.0
16/04/2022;NG;0.0;;255648.0;;;65.0;63.0;72.0;53.0;50.0;22.0
17/04/2022;NG;0.0;;255648.0;;;76.0;67.0;90.0;52.0;56.0;23.0
18/04/2022;NG;22.0;;255670.0;;;54.0;42.0;56.0;24.0;-32.0;39.0
19/04/2022;NG;9.0;;255679.0;;;66.0;57.0;72.0;56.0;26.0;24.0
20/04/2022;NG;0.0;;255679.0;;;63.0;57.0;67.0;51.0;28.0;26.0
21/04/2022;NG;6.0;;255685.0;;;65.0;60.0;70.0;51.0;29.0;26.0
22/04/2022;NG;0.0;;255685.0;;;62.0;61.0;73.0;52.0;36.0;26.0
23/04/2022;NG;0.0;;255685.0;;;62.0;58.0;69.0;53.0;57.0;22.0
24/04/2022;NG;0.0;;255685.0;;;68.0;62.0;84.0;50.0;63.0;25.0
25/04/2022;NG;0.0;;255685.0;;;63.0;54.0;67.0;50.0;30.0;27.0
26/04/2022;NG;31.0;;255716.0;2481268.0;25056663.0;69.0;59.0;73.0;56.0;33.0;25.0
27/04/2022;NG;0.0;;255716.0;;;63.0;58.0;69.0;54.0;33.0;25.0
28/04/2022;NG;0.0;;255716.0;;;70.0;65.0;74.0;55.0;33.0;24.0
29/04/2022;NG;0.0;;255716.0;;;64.0;64.0;75.0;57.0;38.0;25.0
30/04/2022;NG;37.0;;255753.0;;;73.0;71.0;82.0;67.0;59.0;19.0
01/05/2022;NG;13.0;;255766.0;598325.0;25654988.0;84.0;80.0;98.0;65.0;68.0;22.0
02/05/2022;NG;0.0;;255766.0;;;65.0;52.0;66.0;31.0;-33.0;36.0
03/05/2022;NG;0.0;;255766.0;;;68.0;57.0;69.0;43.0;-23.0;32.0
04/05/2022;NG;0.0;;255766.0;;;67.0;61.0;70.0;55.0;23.0;24.0
05/05/2022;NG;0.0;;255766.0;;;73.0;67.0;73.0;57.0;30.0;22.0
06/05/2022;NG;0.0;;255766.0;;;63.0;60.0;71.0;47.0;31.0;26.0
07/05/2022;NG;0.0;;255766.0;;;71.0;65.0;75.0;62.0;56.0;18.0
08/05/2022;NG;36.0;;255802.0;1746633.0;27401621.0;79.0;73.0;92.0;63.0;65.0;21.0
09/05/2022;NG;0.0;;255802.0;;;64.0;55.0;68.0;52.0;31.0;23.0
10/05/2022;NG;34.0;;255836.0;;;69.0;62.0;73.0;60.0;34.0;21.0
11/05/2022;NG;0.0;;255836.0;;;66.0;60.0;70.0;54.0;36.0;21.0
12/05/2022;NG;23.0;;255859.0;;;70.0;64.0;75.0;55.0;38.0;21.0
13/05/2022;NG;0.0;;255859.0;;;64.0;62.0;77.0;58.0;45.0;23.0
14/05/2022;NG;0.0;;255859.0;;;68.0;61.0;78.0;60.0;61.0;20.0
15/05/2022;NG;30.0;;255889.0;0.0;27401621.0;77.0;71.0;96.0;64.0;69.0;22.0
16/05/2022;NG;0.0;;255889.0;;;64.0;55.0;72.0;55.0;34.0;24.0
17/05/2022;NG;35.0;;255924.0;;;64.0;53.0;72.0;55.0;33.0;25.0
18/05/2022;NG;0.0;;255924.0;;;60.0;54.0;70.0;52.0;33.0;25.0
19/05/2022;NG;13.0;;255937.0;;;67.0;64.0;75.0;54.0;38.0;23.0
20/05/2022;NG;0.0;;255937.0;;;64.0;64.0;78.0;57.0;45.0;23.0
21/05/2022;NG;0.0;;255937.0;;;61.0;57.0;72.0;51.0;58.0;21.0
22/05/2022;NG;35.0;;255972.0;0.0;27401621.0;75.0;72.0;94.0;60.0;69.0;23.0
23/05/2022;NG;0.0;;255972.0;;;63.0;56.0;73.0;52.0;35.0;25.0
24/05/2022;NG;32.0;;256004.0;;;70.0;63.0;79.0;61.0;38.0;22.0
25/05/2022;NG;0.0;;256004.0;;;65.0;63.0;76.0;58.0;38.0;23.0
26/05/2022;NG;24.0;;256028.0;;;67.0;63.0;75.0;55.0;36.0;23.0
27/05/2022;NG;0.0;;256028.0;;;72.0;71.0;84.0;61.0;38.0;23.0
28/05/2022;NG;51.0;;256079.0;;;72.0;65.0;82.0;62.0;59.0;19.0
29/05/2022;NG;0.0;;256079.0;;;80.0;76.0;100.0;64.0;69.0;21.0
30/05/2022;NG;0.0;;256079.0;;;64.0;58.0;74.0;53.0;36.0;25.0
31/05/2022;NG;34.0;;256113.0;;;69.0;62.0;78.0;62.0;40.0;23.0
01/06/2022;NG;0.0;;256113.0;;;68.0;67.0;77.0;58.0;40.0;23.0
02/06/2022;NG;35.0;;256148.0;;;71.0;71.0;79.0;61.0;42.0;22.0
03/06/2022;NG;0.0;;256148.0;;;66.0;68.0;83.0;60.0;46.0;23.0
04/06/2022;NG;0.0;;256148.0;;;68.0;67.0;80.0;64.0;62.0;19.0
05/06/2022;NG;79.0;;256227.0;0.0;27401621.0;77.0;75.0;97.0;64.0;70.0;21.0
06/06/2022;NG;0.0;;256227.0;;;67.0;59.0;77.0;58.0;36.0;24.0
07/06/2022;NG;37.0;;256264.0;;;69.0;62.0;80.0;62.0;39.0;23.0
08/06/2022;NG;0.0;;256264.0;;;66.0;65.0;77.0;59.0;39.0;23.0
09/06/2022;NG;88.0;;256352.0;;;68.0;67.0;77.0;58.0;38.0;24.0
10/06/2022;NG;0.0;;256352.0;;;65.0;67.0;83.0;60.0;44.0;24.0
11/06/2022;NG;0.0;;256352.0;;;62.0;60.0;77.0;58.0;60.0;21.0
12/06/2022;NG;0.0;;256352.0;;;78.0;75.0;100.0;59.0;68.0;22.0
13/06/2022;NG;0.0;;256352.0;;;60.0;57.0;65.0;39.0;-14.0;36.0
14/06/2022;NG;115.0;;256467.0;;;66.0;60.0;80.0;62.0;41.0;22.0
15/06/2022;NG;0.0;;256467.0;;;61.0;59.0;74.0;55.0;39.0;25.0
16/06/2022;NG;106.0;;256573.0;;;64.0;63.0;77.0;57.0;39.0;25.0
17/06/2022;NG;0.0;;256573.0;;;60.0;62.0;81.0;57.0;44.0;26.0
18/06/2022;NG;0.0;;256573.0;;;61.0;60.0;77.0;56.0;62.0;22.0
19/06/2022;NG;138.0;;256711.0;939145.0;28340766.0;76.0;74.0;98.0;63.0;70.0;23.0
20/06/2022;NG;0.0;;256711.0;;;64.0;58.0;79.0;58.0;36.0;25.0
21/06/2022;NG;0.0;;256711.0;;;60.0;55.0;77.0;60.0;38.0;25.0
22/06/2022;NG;0.0;;256711.0;;;63.0;62.0;76.0;60.0;40.0;24.0
23/06/2022;NG;247.0;;256958.0;;;67.0;67.0;77.0;59.0;41.0;24.0
24/06/2022;NG;0.0;;256958.0;;;59.0;62.0;77.0;54.0;44.0;26.0
25/06/2022;NG;0.0;;256958.0;;;66.0;65.0;79.0;62.0;62.0;21.0
26/06/2022;NG;0.0;;256958.0;;;72.0;71.0;93.0;61.0;67.0;24.0
27/06/2022;NG;0.0;;256958.0;;;64.0;60.0;75.0;56.0;37.0;26.0
28/06/2022;NG;332.0;;257290.0;;;62.0;54.0;74.0;56.0;34.0;25.0
29/06/2022;NG;0.0;;257290.0;;;62.0;62.0;75.0;57.0;39.0;24.0
30/06/2022;NG;347.0;;257637.0;;;63.0;63.0;74.0;53.0;39.0;25.0
01/07/2022;NG;0.0;;257637.0;;;67.0;71.0;84.0;63.0;47.0;23.0
02/07/2022;NG;323.0;;257960.0;;;69.0;71.0;81.0;66.0;65.0;20.0
03/07/2022;NG;0.0;;257960.0;;;78.0;78.0;100.0;67.0;72.0;22.0
04/07/2022;NG;0.0;;257960.0;;;65.0;61.0;78.0;60.0;37.0;25.0
05/07/2022;NG;0.0;;257960.0;;;69.0;64.0;81.0;63.0;38.0;24.0
06/07/2022;NG;0.0;;257960.0;;;70.0;72.0;84.0;69.0;39.0;22.0
07/07/2022;NG;557.0;;258517.0;;;74.0;76.0;83.0;70.0;38.0;22.0
08/07/2022;NG;0.0;;258517.0;;;61.0;72.0;81.0;62.0;36.0;25.0
09/07/2022;NG;0.0;;258517.0;;;48.0;47.0;63.0;38.0;23.0;26.0
10/07/2022;NG;357.0;;258874.0;7972827.0;36313593.0;73.0;70.0;95.0;58.0;47.0;23.0
11/07/2022;NG;0.0;;258874.0;;;57.0;52.0;61.0;28.0;-30.0;38.0
12/07/2022;NG;60.0;;258934.0;;;54.0;52.0;61.0;37.0;-19.0;36.0
13/07/2022;NG;0.0;;258934.0;;;65.0;67.0;78.0;63.0;33.0;24.0
14/07/2022;NG;73.0;;259007.0;;;69.0;71.0;78.0;60.0;36.0;25.0
15/07/2022;NG;0.0;;259007.0;;;59.0;62.0;75.0;54.0;42.0;28.0
16/07/2022;NG;0.0;;259007.0;;;63.0;63.0;73.0;58.0;60.0;23.0
17/07/2022;NG;478.0;;259485.0;235913.0;36549506.0;72.0;71.0;92.0;61.0;67.0;25.0
18/07/2022;NG;0.0;;259485.0;;;66.0;62.0;80.0;57.0;36.0;29.0
19/07/2022;NG;0.0;;259485.0;;;65.0;62.0;77.0;60.0;38.0;35.0
20/07/2022;NG;0.0;;259485.0;;;63.0;64.0;74.0;58.0;39.0;26.0
21/07/2022;NG;0.0;;259485.0;;;67.0;69.0;76.0;58.0;41.0;25.0
22/07/2022;NG;0.0;;259485.0;;;55.0;66.0;78.0;58.0;45.0;27.0
23/07/2022;NG;0.0;;259485.0;;;51.0;64.0;77.0;61.0;64.0;21.0
24/07/2022;NG;0.0;;259485.0;;;32.0;41.0;56.0;33.0;41.0;25.0
25/07/2022;NG;1279.0;;260764.0;;;41.0;50.0;61.0;45.0;30.0;32.0
26/07/2022;NG;213.0;;260977.0;;;57.0;65.0;81.0;59.0;37.0;26.0
27/07/2022;NG;0.0;;260977.0;;;53.0;65.0;75.0;56.0;36.0;27.0
28/07/2022;NG;0.0;;260977.0;;;58.0;71.0;78.0;58.0;36.0;26.0
29/07/2022;NG;0.0;;260977.0;;;56.0;73.0;84.0;62.0;42.0;26.0
30/07/2022;NG;0.0;;260977.0;;;56.0;68.0;79.0;63.0;60.0;22.0
31/07/2022;NG;496.0;;261473.0;;;67.0;81.0;101.0;68.0;70.0;24.0
01/08/2022;NG;0.0;;261473.0;;;57.0;67.0;76.0;56.0;31.0;29.0
02/08/2022;NG;0.0;;261473.0;;;60.0;69.0;79.0;64.0;37.0;27.0
03/08/2022;NG;0.0;;261473.0;;;61.0;73.0;81.0;61.0;38.0;27.0
04/08/2022;NG;412.0;;261885.0;;;66.0;80.0;85.0;63.0;40.0;26.0
05/08/2022;NG;0.0;;261885.0;;;62.0;79.0;90.0;64.0;45.0;26.0
06/08/2022;NG;0.0;;261885.0;;;62.0;76.0;87.0;66.0;66.0;22.0
07/08/2022;NG;0.0;;261885.0;;;69.0;82.0;106.0;68.0;72.0;24.0
08/08/2022;NG;0.0;;261885.0;;;60.0;69.0;82.0;56.0;33.0;29.0
09/08/2022;NG;517.0;;262402.0;;;64.0;71.0;86.0;63.0;37.0;26.0
10/08/2022;NG;0.0;;262402.0;;;60.0;71.0;81.0;61.0;37.0;26.0
11/08/2022;NG;118.0;;262520.0;;;59.0;72.0;78.0;59.0;37.0;27.0
12/08/2022;NG;0.0;;262520.0;;;55.0;72.0;84.0;59.0;42.0;27.0
13/08/2022;NG;0.0;;262520.0;;;55.0;68.0;80.0;62.0;65.0;23.0
14/08/2022;NG;144.0;;262664.0;3471943.0;40021449.0;61.0;74.0;94.0;65.0;70.0;27.0
15/08/2022;NG;0.0;;262664.0;;;58.0;65.0;79.0;55.0;33.0;34.0
16/08/2022;NG;84.0;;262748.0;;;67.0;73.0;87.0;66.0;38.0;29.0
17/08/2022;NG;0.0;;262748.0;;;65.0;77.0;88.0;65.0;39.0;30.0
18/08/2022;NG;164.0;;262912.0;;;62.0;73.0;81.0;60.0;38.0;31.0
19/08/2022;NG;0.0;;262912.0;;;57.0;72.0;87.0;60.0;42.0;33.0
20/08/2022;NG;0.0;;262912.0;;;65.0;76.0;92.0;69.0;69.0;26.0
21/08/2022;NG;178.0;;263090.0;1082319.0;41103768.0;74.0;87.0;111.0;71.0;78.0;28.0
22/08/2022;NG;0.0;;263090.0;;;61.0;69.0;83.0;57.0;35.0;34.0
23/08/2022;NG;232.0;;263322.0;;;67.0;73.0;88.0;65.0;38.0;32.0
24/08/2022;NG;0.0;;263322.0;;;64.0;76.0;85.0;65.0;39.0;32.0
25/08/2022;NG;85.0;;263407.0;;;67.0;79.0;87.0;64.0;39.0;31.0
26/08/2022;NG;0.0;;263407.0;;;61.0;76.0;90.0;63.0;43.0;32.0
27/08/2022;NG;0.0;;263407.0;;;61.0;72.0;86.0;65.0;64.0;27.0
28/08/2022;NG;119.0;;263526.0;;;72.0;85.0;107.0;71.0;75.0;27.0
29/08/2022;NG;0.0;;263526.0;;;59.0;68.0;78.0;56.0;34.0;33.0
30/08/2022;NG;168.0;;263694.0;;;66.0;72.0;83.0;62.0;39.0;29.0
31/08/2022;NG;0.0;;263694.0;;;60.0;73.0;78.0;59.0;38.0;29.0
01/09/2022;NG;173.0;;263867.0;;;67.0;81.0;83.0;63.0;40.0;26.0
02/09/2022;NG;0.0;;263867.0;;;63.0;81.0;87.0;64.0;46.0;27.0
03/09/2022;NG;0.0;;263867.0;;;67.0;83.0;89.0;69.0;70.0;22.0
04/09/2022;NG;147.0;;264014.0;2713727.0;43817495.0;71.0;85.0;100.0;66.0;77.0;24.0
05/09/2022;NG;0.0;;264014.0;;;64.0;74.0;82.0;62.0;37.0;27.0
06/09/2022;NG;285.0;;264299.0;;;65.0;73.0;84.0;67.0;41.0;26.0
07/09/2022;NG;0.0;;264299.0;;;64.0;77.0;85.0;65.0;42.0;26.0
08/09/2022;NG;151.0;;264450.0;;;67.0;80.0;83.0;61.0;43.0;26.0
09/09/2022;NG;0.0;;264450.0;;;63.0;80.0;87.0;65.0;50.0;27.0
10/09/2022;NG;0.0;;264450.0;;;62.0;77.0;84.0;67.0;71.0;23.0
11/09/2022;NG;167.0;;264617.0;;;67.0;82.0;97.0;63.0;80.0;25.0
12/09/2022;NG;0.0;;264617.0;;;58.0;68.0;77.0;55.0;37.0;29.0
13/09/2022;NG;0.0;;264617.0;;;;;;;;
01/01/2020;US;0.0;;0.0;;;;;;;;
02/01/2020;US;0.0;;0.0;;;;;;;;
03/01/2020;US;0.0;;0.0;;;;;;;;
04/01/2020;US;0.0;;0.0;;;;;;;;
05/01/2020;US;0.0;;0.0;;;;;;;;
06/01/2020;US;0.0;;0.0;;;;;;;;
07/01/2020;US;0.0;;0.0;;;;;;;;
08/01/2020;US;0.0;;0.0;;;;;;;;
09/01/2020;US;0.0;;0.0;;;;;;;;
10/01/2020;US;0.0;;0.0;;;;;;;;
11/01/2020;US;0.0;;0.0;;;;;;;;
12/01/2020;US;0.0;;0.0;;;;;;;;
13/01/2020;US;0.0;;0.0;;;;;;;;
14/01/2020;US;0.0;;0.0;;;;;;;;
15/01/2020;US;0.0;;0.0;;;;;;;;
16/01/2020;US;0.0;;0.0;;;;;;;;
17/01/2020;US;0.0;;0.0;;;;;;;;
18/01/2020;US;1.0;;1.0;;;;;;;;
19/01/2020;US;0.0;;1.0;;;;;;;;
20/01/2020;US;0.0;;1.0;;;;;;;;
21/01/2020;US;0.0;;1.0;;;;;;;;
22/01/2020;US;4.0;;4.0;;;;;;;;
23/01/2020;US;2.0;;6.0;;;;;;;;
24/01/2020;US;1.0;;7.0;;;;;;;;
25/01/2020;US;0.0;;7.0;;;;;;;;
26/01/2020;US;1.0;;8.0;;;;;;;;
27/01/2020;US;0.0;;8.0;;;;;;;;
28/01/2020;US;0.0;;8.0;;;;;;;;
29/01/2020;US;0.0;;8.0;;;;;;;;
30/01/2020;US;0.0;;8.0;;;;;;;;
31/01/2020;US;1.0;;9.0;;;;;;;;
01/02/2020;US;1.0;;10.0;;;;;;;;
02/02/2020;US;3.0;;13.0;;;;;;;;
03/02/2020;US;4.0;;17.0;;;;;;;;
04/02/2020;US;2.0;;19.0;;;;;;;;
05/02/2020;US;0.0;;19.0;;;;;;;;
06/02/2020;US;0.0;;19.0;;;;;;;;
07/02/2020;US;1.0;;20.0;;;;;;;;
08/02/2020;US;0.0;;20.0;;;;;;;;
09/02/2020;US;0.0;;20.0;;;;;;;;
10/02/2020;US;0.0;;20.0;;;;;;;;
11/02/2020;US;0.0;;20.0;;;;;;;;
12/02/2020;US;2.0;;22.0;;;;;;;;
13/02/2020;US;1.0;;23.0;;;;;;;;
14/02/2020;US;1.0;;24.0;;;;;;;;
15/02/2020;US;0.0;;24.0;;;6.0;2.0;15.0;3.0;2.0;-1.0
16/02/2020;US;0.0;;24.0;;;7.0;1.0;16.0;2.0;0.0;-1.0
17/02/2020;US;2.0;;26.0;;;6.0;0.0;28.0;-9.0;-24.0;5.0
18/02/2020;US;5.0;;31.0;;;0.0;-1.0;6.0;1.0;0.0;1.0
19/02/2020;US;3.0;;34.0;;;2.0;0.0;8.0;1.0;1.0;0.0
20/02/2020;US;1.0;;35.0;;;1.0;0.0;4.0;0.0;0.0;1.0
21/02/2020;US;5.0;;40.0;;;2.0;-2.0;4.0;1.0;0.0;0.0
22/02/2020;US;8.0;;48.0;;;7.0;3.0;23.0;5.0;4.0;-1.0
23/02/2020;US;0.0;;48.0;;;7.0;3.0;23.0;5.0;2.0;-1.0
24/02/2020;US;4.0;;52.0;;;2.0;1.0;9.0;1.0;3.0;0.0
25/02/2020;US;4.0;;56.0;;;4.0;1.0;9.0;2.0;2.0;0.0
26/02/2020;US;8.0;;64.0;;;7.0;2.0;5.0;3.0;2.0;-1.0
27/02/2020;US;5.0;;69.0;;;8.0;3.0;12.0;4.0;2.0;0.0
28/02/2020;US;4.0;;73.0;;;8.0;3.0;10.0;5.0;2.0;-1.0
29/02/2020;US;9.0;348.0;82.0;;;12.0;7.0;21.0;7.0;4.0;-2.0
01/03/2020;US;18.0;515.0;100.0;;;13.0;9.0;18.0;7.0;3.0;-1.0
02/03/2020;US;34.0;617.0;134.0;;;7.0;6.0;10.0;2.0;3.0;-1.0
03/03/2020;US;51.0;889.0;185.0;;;11.0;10.0;20.0;3.0;2.0;-1.0
04/03/2020;US;70.0;1203.0;255.0;;;8.0;6.0;17.0;2.0;3.0;-1.0
05/03/2020;US;77.0;1523.0;332.0;;;8.0;7.0;21.0;2.0;3.0;-1.0
06/03/2020;US;125.0;1772.0;457.0;;;5.0;3.0;12.0;2.0;2.0;-1.0
07/03/2020;US;143.0;1638.0;600.0;;;10.0;8.0;29.0;7.0;5.0;-1.0
08/03/2020;US;206.0;2397.0;806.0;;;10.0;7.0;40.0;5.0;2.0;-1.0
09/03/2020;US;384.0;3480.0;1190.0;;;6.0;6.0;31.0;-1.0;0.0;0.0
10/03/2020;US;476.0;4832.0;1666.0;;;6.0;7.0;18.0;-3.0;-2.0;1.0
11/03/2020;US;472.0;8891.0;2138.0;;;8.0;10.0;26.0;-2.0;-1.0;0.0
12/03/2020;US;665.0;11728.0;2803.0;;;6.0;23.0;19.0;-6.0;-3.0;1.0
13/03/2020;US;799.0;13047.0;3602.0;;;2.0;26.0;4.0;-10.0;-7.0;3.0
14/03/2020;US;864.0;14442.0;4466.0;;;-6.0;18.0;3.0;-10.0;-1.0;3.0
15/03/2020;US;1542.0;27328.0;6008.0;;;-9.0;12.0;5.0;-13.0;-7.0;3.0
16/03/2020;US;1723.0;39849.0;7731.0;;;-8.0;21.0;-1.0;-22.0;-20.0;8.0
17/03/2020;US;2179.0;50396.0;9910.0;;;-18.0;14.0;8.0;-26.0;-27.0;11.0
18/03/2020;US;2769.0;60667.0;12679.0;;;-24.0;8.0;6.0;-30.0;-31.0;13.0
19/03/2020;US;3656.0;76323.0;16335.0;;;-28.0;7.0;2.0;-36.0;-33.0;15.0
20/03/2020;US;4568.0;75805.0;20903.0;;;-32.0;5.0;-2.0;-37.0;-36.0;16.0
21/03/2020;US;5437.0;73938.0;26340.0;;;-40.0;-2.0;-3.0;-36.0;-24.0;12.0
22/03/2020;US;6844.0;79863.0;33184.0;;;-44.0;-13.0;-12.0;-44.0;-31.0;11.0
23/03/2020;US;8047.0;104605.0;41231.0;;;-38.0;-10.0;-23.0;-47.0;-41.0;17.0
24/03/2020;US;8813.0;114711.0;50044.0;;;-39.0;-12.0;-10.0;-46.0;-45.0;19.0
25/03/2020;US;10507.0;129285.0;60551.0;;;-40.0;-15.0;-7.0;-47.0;-46.0;19.0
26/03/2020;US;14048.0;135850.0;74599.0;;;-40.0;-14.0;3.0;-48.0;-47.0;20.0
27/03/2020;US;15319.0;121756.0;89918.0;;;-42.0;-16.0;-7.0;-49.0;-46.0;21.0
28/03/2020;US;15734.0;110263.0;105652.0;;;-48.0;-19.0;-25.0;-49.0;-34.0;15.0
29/03/2020;US;21188.0;123493.0;126840.0;;;-47.0;-22.0;-19.0;-51.0;-38.0;12.0
30/03/2020;US;11761.0;142286.0;138601.0;;;-40.0;-18.0;-15.0;-50.0;-48.0;19.0
31/03/2020;US;20131.0;153137.0;158732.0;;;-40.0;-16.0;-16.0;-49.0;-49.0;20.0
01/04/2020;US;22232.0;161795.0;180964.0;;;-37.0;-11.0;-7.0;-48.0;-49.0;20.0
02/04/2020;US;24432.0;169304.0;205396.0;;;-40.0;-11.0;-9.0;-51.0;-50.0;21.0
03/04/2020;US;26234.0;147758.0;231630.0;;;-42.0;-12.0;-21.0;-51.0;-50.0;22.0
04/04/2020;US;26640.0;138656.0;258270.0;;;-48.0;-15.0;-24.0;-50.0;-37.0;15.0
05/04/2020;US;21246.0;143107.0;279516.0;;;-49.0;-20.0;-20.0;-54.0;-40.0;13.0
06/04/2020;US;24590.0;179993.0;304106.0;;;-42.0;-16.0;-10.0;-52.0;-50.0;20.0
07/04/2020;US;25313.0;168334.0;329419.0;;;-42.0;-14.0;-2.0;-51.0;-51.0;21.0
08/04/2020;US;27732.0;174076.0;357151.0;;;-42.0;-15.0;-6.0;-51.0;-51.0;21.0
09/04/2020;US;28619.0;172118.0;385770.0;;;-43.0;-13.0;-21.0;-54.0;-52.0;22.0
10/04/2020;US;26948.0;210493.0;412718.0;;;-43.0;-13.0;-21.0;-54.0;-56.0;24.0
11/04/2020;US;26861.0;111575.0;439579.0;;;-45.0;-7.0;-16.0;-49.0;-38.0;14.0
12/04/2020;US;22503.0;114211.0;462082.0;;;-63.0;-39.0;-36.0;-56.0;-45.0;13.0
13/04/2020;US;21117.0;162586.0;483199.0;;;-45.0;-22.0;-31.0;-55.0;-51.0;21.0
14/04/2020;US;22123.0;172412.0;505322.0;;;-40.0;-16.0;-15.0;-50.0;-50.0;20.0
15/04/2020;US;21812.0;184293.0;527134.0;;;-36.0;-13.0;-16.0;-49.0;-49.0;20.0
16/04/2020;US;27478.0;198617.0;554612.0;;;-39.0;-13.0;-14.0;-50.0;-49.0;21.0
17/04/2020;US;26331.0;167368.0;580943.0;;;-42.0;-17.0;-22.0;-51.0;-48.0;22.0
18/04/2020;US;24061.0;134423.0;605004.0;;;-45.0;-15.0;-20.0;-47.0;-33.0;14.0
19/04/2020;US;23331.0;160545.0;628335.0;;;-45.0;-19.0;-10.0;-50.0;-37.0;11.0
20/04/2020;US;23865.0;221320.0;652200.0;;;-39.0;-16.0;-7.0;-49.0;-48.0;19.0
21/04/2020;US;22868.0;235936.0;675068.0;;;-38.0;-14.0;-8.0;-49.0;-49.0;20.0
22/04/2020;US;27335.0;233372.0;702403.0;;;-38.0;-14.0;-9.0;-48.0;-49.0;20.0
23/04/2020;US;29956.0;259672.0;732359.0;;;-40.0;-14.0;-14.0;-50.0;-49.0;21.0
24/04/2020;US;31456.0;219677.0;763815.0;;;-40.0;-16.0;-14.0;-50.0;-48.0;21.0
25/04/2020;US;29918.0;171690.0;793733.0;;;-41.0;-11.0;2.0;-42.0;-32.0;12.0
26/04/2020;US;24039.0;225931.0;817772.0;;;-42.0;-16.0;-11.0;-48.0;-36.0;11.0
27/04/2020;US;22376.0;269839.0;840148.0;;;-35.0;-13.0;-4.0;-48.0;-46.0;18.0
28/04/2020;US;22712.0;294899.0;862860.0;;;-34.0;-10.0;6.0;-45.0;-48.0;12.0
29/04/2020;US;24725.0;322681.0;887585.0;;;-34.0;-11.0;-7.0;-46.0;-47.0;19.0
30/04/2020;US;28654.0;336832.0;916239.0;;;-34.0;-9.0;-7.0;-47.0;-47.0;19.0
01/05/2020;US;29663.0;268454.0;945902.0;;;-32.0;-7.0;7.0;-43.0;-45.0;18.0
02/05/2020;US;26247.0;207704.0;972149.0;;;-34.0;-4.0;28.0;-35.0;-29.0;10.0
03/05/2020;US;24824.0;250773.0;996973.0;;;-34.0;-8.0;22.0;-40.0;-31.0;8.0
04/05/2020;US;20424.0;319458.0;1017397.0;;;-29.0;-7.0;5.0;-44.0;-44.0;16.0
05/05/2020;US;22079.0;359761.0;1039476.0;;;-28.0;-3.0;5.0;-43.0;-45.0;17.0
06/05/2020;US;23888.0;362735.0;1063364.0;;;-29.0;-6.0;6.0;-43.0;-44.0;17.0
07/05/2020;US;27807.0;403763.0;1091171.0;;;-29.0;-3.0;21.0;-42.0;-44.0;17.0
08/05/2020;US;26657.0;335787.0;1117828.0;;;-32.0;-5.0;-2.0;-43.0;-43.0;18.0
09/05/2020;US;24663.0;249079.0;1142491.0;;;-30.0;7.0;9.0;-35.0;-26.0;9.0
10/05/2020;US;20547.0;319938.0;1163038.0;;;-30.0;1.0;6.0;-37.0;-27.0;7.0
11/05/2020;US;19045.0;422065.0;1182083.0;;;-31.0;-11.0;-3.0;-44.0;-42.0;16.0
12/05/2020;US;23664.0;450444.0;1205747.0;;;-28.0;-6.0;10.0;-41.0;-43.0;16.0
13/05/2020;US;16219.0;450399.0;1221966.0;;;-26.0;-5.0;18.0;-40.0;-42.0;16.0
14/05/2020;US;33237.0;445678.0;1255203.0;;;-28.0;-5.0;17.0;-42.0;-43.0;17.0
15/05/2020;US;25448.0;366141.0;1280651.0;;;-29.0;-7.0;21.0;-40.0;-42.0;16.0
16/05/2020;US;24650.0;304469.0;1305301.0;;;-30.0;-3.0;32.0;-34.0;-24.0;9.0
17/05/2020;US;19084.0;353140.0;1324385.0;;;-30.0;-8.0;17.0;-39.0;-25.0;8.0
18/05/2020;US;22502.0;434082.0;1346887.0;;;-26.0;-8.0;2.0;-43.0;-40.0;15.0
19/05/2020;US;21331.0;463006.0;1368218.0;;;-24.0;-4.0;15.0;-40.0;-41.0;15.0
20/05/2020;US;23125.0;459823.0;1391343.0;;;-22.0;-3.0;23.0;-38.0;-41.0;15.0
21/05/2020;US;24776.0;492610.0;1416119.0;;;-22.0;-1.0;31.0;-37.0;-41.0;15.0
22/05/2020;US;24889.0;390392.0;1441008.0;;;-24.0;-2.0;31.0;-36.0;-41.0;15.0
23/05/2020;US;20100.0;346924.0;1461108.0;;;-27.0;0.0;43.0;-30.0;-21.0;7.0
24/05/2020;US;20591.0;329120.0;1481699.0;;;-25.0;-2.0;57.0;-33.0;-24.0;5.0
25/05/2020;US;19063.0;461503.0;1500762.0;;;-28.0;-8.0;60.0;-48.0;-72.0;20.0
26/05/2020;US;16342.0;553789.0;1517104.0;;;-22.0;-3.0;28.0;-37.0;-39.0;14.0
27/05/2020;US;19307.0;536765.0;1536411.0;;;-21.0;-4.0;32.0;-37.0;-38.0;14.0
28/05/2020;US;23117.0;547321.0;1559528.0;;;-21.0;-2.0;26.0;-37.0;-38.0;14.0
29/05/2020;US;22958.0;454174.0;1582486.0;;;-23.0;-5.0;29.0;-36.0;-37.0;14.0
30/05/2020;US;23395.0;373561.0;1605881.0;;;-24.0;-1.0;48.0;-26.0;-12.0;6.0
31/05/2020;US;20610.0;439452.0;1626491.0;;;-23.0;-4.0;47.0;-30.0;-16.0;5.0
01/06/2020;US;16889.0;522297.0;1643380.0;;;-18.0;-2.0;28.0;-36.0;-37.0;12.0
02/06/2020;US;20572.0;582629.0;1663952.0;;;-18.0;0.0;35.0;-36.0;-37.0;13.0
03/06/2020;US;20323.0;618808.0;1684275.0;;;-16.0;1.0;33.0;-35.0;-37.0;13.0
04/06/2020;US;20040.0;573428.0;1704315.0;;;-18.0;1.0;40.0;-35.0;-37.0;13.0
05/06/2020;US;24183.0;464583.0;1728498.0;;;-20.0;-2.0;34.0;-34.0;-36.0;13.0
06/06/2020;US;23179.0;405716.0;1751677.0;;;-21.0;1.0;51.0;-25.0;-13.0;5.0
07/06/2020;US;17328.0;449419.0;1769005.0;;;-19.0;-2.0;53.0;-28.0;-16.0;4.0
08/06/2020;US;17820.0;560586.0;1786825.0;;;-16.0;-2.0;39.0;-34.0;-36.0;11.0
09/06/2020;US;18373.0;629040.0;1805198.0;;;-16.0;-1.0;36.0;-34.0;-36.0;12.0
10/06/2020;US;21771.0;615060.0;1826969.0;;;-14.0;-1.0;40.0;-33.0;-36.0;12.0
11/06/2020;US;22581.0;616758.0;1849550.0;;;-15.0;0.0;49.0;-33.0;-36.0;12.0
12/06/2020;US;28055.0;531849.0;1877605.0;;;-17.0;-1.0;57.0;-30.0;-35.0;11.0
13/06/2020;US;26042.0;413204.0;1903647.0;;;-18.0;2.0;74.0;-20.0;-10.0;4.0
14/06/2020;US;20106.0;506635.0;1923753.0;;;-16.0;-2.0;68.0;-23.0;-13.0;3.0
15/06/2020;US;20452.0;673173.0;1944205.0;;;-14.0;-2.0;45.0;-32.0;-35.0;11.0
16/06/2020;US;24593.0;706181.0;1968798.0;;;-13.0;1.0;57.0;-31.0;-36.0;11.0
17/06/2020;US;25488.0;702203.0;1994286.0;;;-12.0;0.0;58.0;-31.0;-36.0;11.0
18/06/2020;US;28194.0;704527.0;2022480.0;;;-13.0;1.0;59.0;-31.0;-36.0;11.0
19/06/2020;US;32868.0;584336.0;2055348.0;;;-15.0;0.0;60.0;-28.0;-36.0;9.0
20/06/2020;US;32982.0;421474.0;2088330.0;;;-17.0;6.0;69.0;-20.0;-11.0;3.0
21/06/2020;US;26882.0;548126.0;2115212.0;;;-17.0;2.0;59.0;-23.0;-13.0;2.0
22/06/2020;US;28572.0;700814.0;2143784.0;;;-16.0;-5.0;43.0;-32.0;-38.0;11.0
23/06/2020;US;37702.0;767274.0;2181486.0;;;-13.0;0.0;54.0;-30.0;-38.0;11.0
24/06/2020;US;36883.0;771742.0;2218369.0;;;-12.0;-1.0;57.0;-30.0;-36.0;11.0
25/06/2020;US;46854.0;810296.0;2265223.0;;;-13.0;1.0;64.0;-29.0;-36.0;11.0
26/06/2020;US;46226.0;693840.0;2311449.0;;;-17.0;-3.0;57.0;-28.0;-36.0;11.0
27/06/2020;US;43205.0;566401.0;2354654.0;;;-19.0;-1.0;62.0;-20.0;-12.0;4.0
28/06/2020;US;37244.0;665154.0;2391898.0;;;-17.0;-4.0;55.0;-22.0;-12.0;3.0
29/06/2020;US;38486.0;856414.0;2430384.0;;;-13.0;-3.0;46.0;-31.0;-36.0;10.0
30/06/2020;US;46496.0;885037.0;2476880.0;;;-10.0;1.0;50.0;-30.0;-37.0;11.0
01/07/2020;US;58951.0;859004.0;2535831.0;;;-7.0;4.0;54.0;-27.0;-37.0;10.0
02/07/2020;US;55197.0;801413.0;2591028.0;;;-4.0;11.0;77.0;-24.0;-39.0;10.0
03/07/2020;US;60022.0;620839.0;2651050.0;;;-10.0;11.0;86.0;-30.0;-57.0;14.0
04/07/2020;US;49269.0;527115.0;2700319.0;;;-35.0;-2.0;81.0;-30.0;-28.0;5.0
05/07/2020;US;39919.0;725934.0;2740238.0;;;-22.0;-10.0;53.0;-23.0;-19.0;3.0
06/07/2020;US;50988.0;903863.0;2791226.0;;;-13.0;-2.0;48.0;-30.0;-41.0;11.0
07/07/2020;US;56732.0;981279.0;2847958.0;;;-13.0;0.0;51.0;-29.0;-39.0;11.0
08/07/2020;US;64318.0;1012346.0;2912276.0;;;-12.0;-1.0;52.0;-30.0;-37.0;11.0
09/07/2020;US;61889.0;1016406.0;2974165.0;;;-13.0;1.0;59.0;-30.0;-38.0;11.0
10/07/2020;US;68207.0;840495.0;3042372.0;;;-18.0;-4.0;43.0;-31.0;-37.0;11.0
11/07/2020;US;68224.0;698110.0;3110596.0;;;-19.0;0.0;62.0;-21.0;-12.0;4.0
12/07/2020;US;58588.0;868298.0;3169184.0;;;-17.0;-3.0;64.0;-23.0;-15.0;3.0
13/07/2020;US;55950.0;1004235.0;3225134.0;;;-13.0;-2.0;53.0;-31.0;-38.0;10.0
14/07/2020;US;64754.0;1035695.0;3289888.0;;;-12.0;0.0;59.0;-31.0;-38.0;11.0
15/07/2020;US;71955.0;1029397.0;3361843.0;;;-12.0;-1.0;56.0;-31.0;-37.0;11.0
16/07/2020;US;69238.0;1047771.0;3431081.0;;;-13.0;0.0;62.0;-31.0;-37.0;11.0
17/07/2020;US;76692.0;912739.0;3507773.0;;;-17.0;-3.0;54.0;-29.0;-37.0;11.0
18/07/2020;US;67006.0;718510.0;3574779.0;;;-19.0;-1.0;74.0;-21.0;-13.0;4.0
19/07/2020;US;59745.0;907852.0;3634524.0;;;-17.0;-4.0;60.0;-24.0;-16.0;3.0
20/07/2020;US;58443.0;1036732.0;3692967.0;;;-14.0;-4.0;51.0;-32.0;-38.0;10.0
21/07/2020;US;63402.0;1110157.0;3756369.0;;;-13.0;-2.0;54.0;-32.0;-38.0;11.0
22/07/2020;US;72107.0;1084440.0;3828476.0;;;-13.0;-3.0;47.0;-32.0;-37.0;11.0
23/07/2020;US;73355.0;1075074.0;3901831.0;;;-14.0;-2.0;55.0;-31.0;-37.0;11.0
24/07/2020;US;73181.0;882249.0;3975012.0;;;-17.0;-4.0;55.0;-30.0;-37.0;11.0
25/07/2020;US;61170.0;677949.0;4036182.0;;;-19.0;-2.0;77.0;-21.0;-13.0;4.0
26/07/2020;US;58195.0;798079.0;4094377.0;;;-17.0;-5.0;65.0;-24.0;-16.0;3.0
27/07/2020;US;53385.0;968589.0;4147762.0;;;-14.0;-4.0;48.0;-32.0;-38.0;10.0
28/07/2020;US;58897.0;1040979.0;4206659.0;;;-14.0;-3.0;53.0;-32.0;-38.0;11.0
29/07/2020;US;64548.0;1038660.0;4271207.0;;;-13.0;-3.0;56.0;-31.0;-38.0;10.0
30/07/2020;US;66478.0;990988.0;4337685.0;;;-13.0;-2.0;56.0;-31.0;-38.0;11.0
31/07/2020;US;68412.0;793004.0;4406097.0;;;-14.0;-2.0;56.0;-28.0;-37.0;10.0
01/08/2020;US;56212.0;624557.0;4462309.0;;;-17.0;0.0;69.0;-20.0;-14.0;4.0
02/08/2020;US;51229.0;777367.0;4513538.0;;;-16.0;-4.0;52.0;-24.0;-17.0;3.0
03/08/2020;US;45242.0;884258.0;4558780.0;;;-12.0;-1.0;47.0;-31.0;-38.0;10.0
04/08/2020;US;51750.0;965967.0;4610530.0;;;-13.0;-3.0;48.0;-33.0;-39.0;11.0
05/08/2020;US;55715.0;991066.0;4666245.0;;;-11.0;-2.0;61.0;-30.0;-37.0;10.0
06/08/2020;US;54600.0;1016143.0;4720845.0;;;-13.0;-2.0;62.0;-30.0;-37.0;10.0
07/08/2020;US;61885.0;815965.0;4782730.0;;;-15.0;-5.0;57.0;-29.0;-37.0;10.0
08/08/2020;US;51351.0;626770.0;4834081.0;;;-17.0;-1.0;79.0;-20.0;-13.0;3.0
09/08/2020;US;46317.0;785440.0;4880398.0;;;-15.0;-4.0;66.0;-22.0;-16.0;2.0
10/08/2020;US;44088.0;909628.0;4924486.0;;;-14.0;-5.0;47.0;-32.0;-38.0;9.0
11/08/2020;US;58824.0;1028648.0;4983310.0;;;-13.0;-3.0;57.0;-31.0;-38.0;10.0
12/08/2020;US;54839.0;980679.0;5038149.0;;;-13.0;-4.0;51.0;-32.0;-37.0;10.0
13/08/2020;US;51764.0;961908.0;5089913.0;;;-14.0;-3.0;53.0;-31.0;-37.0;10.0
14/08/2020;US;55827.0;767953.0;5145740.0;;;-16.0;-5.0;53.0;-29.0;-37.0;10.0
15/08/2020;US;51304.0;573003.0;5197044.0;;;-18.0;-2.0;67.0;-21.0;-14.0;3.0
16/08/2020;US;41662.0;677112.0;5238706.0;;;-16.0;-5.0;48.0;-24.0;-17.0;3.0
17/08/2020;US;41689.0;895868.0;5280395.0;;;-15.0;-6.0;42.0;-32.0;-38.0;9.0
18/08/2020;US;41531.0;1005392.0;5321926.0;;;-14.0;-4.0;50.0;-32.0;-36.0;10.0
19/08/2020;US;46803.0;997091.0;5368729.0;;;-14.0;-5.0;44.0;-32.0;-36.0;10.0
20/08/2020;US;46502.0;965849.0;5415231.0;;;-14.0;-4.0;53.0;-31.0;-36.0;10.0
21/08/2020;US;47375.0;794575.0;5462606.0;;;-16.0;-6.0;48.0;-29.0;-36.0;9.0
22/08/2020;US;41542.0;562121.0;5504148.0;;;-17.0;-2.0;66.0;-21.0;-12.0;3.0
23/08/2020;US;36850.0;667078.0;5540998.0;;;-16.0;-5.0;50.0;-23.0;-15.0;3.0
24/08/2020;US;36011.0;906376.0;5577009.0;;;-16.0;-7.0;32.0;-33.0;-36.0;10.0
25/08/2020;US;40696.0;1018302.0;5617705.0;;;-15.0;-4.0;37.0;-33.0;-37.0;10.0
26/08/2020;US;46970.0;1021100.0;5664675.0;;;-14.0;-5.0;42.0;-32.0;-35.0;10.0
27/08/2020;US;46790.0;987630.0;5711465.0;;;-16.0;-6.0;41.0;-32.0;-36.0;10.0
28/08/2020;US;46689.0;798695.0;5758154.0;;;-17.0;-8.0;37.0;-30.0;-35.0;9.0
29/08/2020;US;40683.0;614916.0;5798837.0;;;-17.0;-4.0;49.0;-23.0;-13.0;4.0
30/08/2020;US;36361.0;661983.0;5835198.0;;;-15.0;-6.0;59.0;-22.0;-15.0;2.0
31/08/2020;US;39130.0;908137.0;5874328.0;;;-15.0;-7.0;30.0;-32.0;-35.0;9.0
01/09/2020;US;39014.0;1027857.0;5913342.0;;;-12.0;-2.0;36.0;-31.0;-36.0;9.0
02/09/2020;US;41978.0;1033322.0;5957025.0;;;-13.0;-5.0;35.0;-32.0;-35.0;9.0
03/09/2020;US;45147.0;1000098.0;6002172.0;;;-11.0;-1.0;45.0;-28.0;-35.0;8.0
04/09/2020;US;50962.0;817023.0;6053134.0;;;-13.0;-2.0;55.0;-25.0;-36.0;8.0
05/09/2020;US;41197.0;566087.0;6094331.0;;;-15.0;0.0;81.0;-18.0;-17.0;2.0
06/09/2020;US;33446.0;415258.0;6127777.0;;;-13.0;-3.0;81.0;-24.0;-18.0;1.0
07/09/2020;US;24901.0;664478.0;6152678.0;;;-16.0;-7.0;75.0;-40.0;-71.0;16.0
08/09/2020;US;28436.0;959737.0;6181114.0;;;-16.0;-5.0;24.0;-31.0;-37.0;9.0
09/09/2020;US;35061.0;1088683.0;6216175.0;;;-16.0;-7.0;24.0;-32.0;-35.0;9.0
10/09/2020;US;38345.0;1101018.0;6254520.0;;;-16.0;-6.0;27.0;-32.0;-35.0;9.0
11/09/2020;US;44067.0;866314.0;6298587.0;;;-17.0;-8.0;35.0;-30.0;-33.0;8.0
12/09/2020;US;39816.0;628342.0;6338403.0;;;-16.0;-4.0;50.0;-22.0;-12.0;3.0
13/09/2020;US;32682.0;709231.0;6371085.0;;;-16.0;-6.0;38.0;-25.0;-15.0;3.0
14/09/2020;US;34436.0;968080.0;6405521.0;;;-16.0;-7.0;30.0;-33.0;-32.0;8.0
15/09/2020;US;36884.0;1140356.0;6442405.0;;;-14.0;-5.0;36.0;-32.0;-33.0;9.0
16/09/2020;US;44308.0;1158618.0;6486713.0;;;-15.0;-8.0;36.0;-32.0;-33.0;9.0
17/09/2020;US;45054.0;1230229.0;6531767.0;;;-16.0;-7.0;34.0;-32.0;-33.0;9.0
18/09/2020;US;47746.0;939179.0;6579513.0;;;-15.0;-7.0;35.0;-30.0;-32.0;8.0
19/09/2020;US;42061.0;624605.0;6621574.0;;;-13.0;-2.0;62.0;-21.0;-11.0;2.0
20/09/2020;US;33955.0;751061.0;6655529.0;;;-14.0;-6.0;46.0;-24.0;-14.0;2.0
21/09/2020;US;41542.0;1030405.0;6697071.0;;;-16.0;-8.0;25.0;-33.0;-33.0;9.0
22/09/2020;US;49864.0;1205830.0;6746935.0;;;-15.0;-6.0;28.0;-34.0;-33.0;9.0
23/09/2020;US;42172.0;1203312.0;6789107.0;;;-15.0;-7.0;27.0;-33.0;-32.0;9.0
24/09/2020;US;45863.0;1130713.0;6834970.0;;;-16.0;-7.0;25.0;-33.0;-32.0;9.0
25/09/2020;US;49590.0;939658.0;6884560.0;;;-16.0;-8.0;25.0;-31.0;-31.0;8.0
26/09/2020;US;42327.0;597705.0;6926887.0;;;-15.0;-3.0;52.0;-23.0;-10.0;2.0
27/09/2020;US;34752.0;668427.0;6961639.0;;;-15.0;-7.0;35.0;-25.0;-13.0;2.0
28/09/2020;US;38920.0;985225.0;7000559.0;;;-17.0;-8.0;12.0;-35.0;-32.0;9.0
29/09/2020;US;38515.0;1201679.0;7039074.0;;;-16.0;-7.0;11.0;-35.0;-32.0;9.0
30/09/2020;US;45516.0;1225444.0;7084590.0;;;-14.0;-5.0;17.0;-33.0;-32.0;8.0
01/10/2020;US;46763.0;1192888.0;7131353.0;;;-13.0;-2.0;21.0;-31.0;-30.0;8.0
02/10/2020;US;50488.0;976617.0;7181841.0;;;-14.0;-5.0;18.0;-29.0;-30.0;8.0
03/10/2020;US;47337.0;641516.0;7229178.0;;;-13.0;-1.0;42.0;-20.0;-11.0;2.0
04/10/2020;US;34944.0;807970.0;7264122.0;;;-14.0;-5.0;25.0;-24.0;-14.0;2.0
05/10/2020;US;41441.0;1228214.0;7305563.0;;;-15.0;-5.0;15.0;-32.0;-32.0;8.0
06/10/2020;US;41558.0;1414298.0;7347121.0;;;-15.0;-4.0;25.0;-32.0;-32.0;8.0
07/10/2020;US;53447.0;1435087.0;7400568.0;;;-15.0;-6.0;24.0;-33.0;-31.0;8.0
08/10/2020;US;55019.0;1402552.0;7455587.0;;;-15.0;-5.0;29.0;-31.0;-31.0;9.0
09/10/2020;US;58518.0;1106671.0;7514105.0;;;-16.0;-7.0;30.0;-29.0;-31.0;8.0
10/10/2020;US;53423.0;748144.0;7567528.0;;;-16.0;-4.0;46.0;-22.0;-11.0;3.0
11/10/2020;US;44174.0;811109.0;7611702.0;;;-16.0;-7.0;25.0;-25.0;-14.0;3.0
12/10/2020;US;49702.0;1065918.0;7661404.0;;;-17.0;-9.0;9.0;-36.0;-37.0;10.0
13/10/2020;US;50249.0;1232849.0;7711653.0;;;-17.0;-6.0;18.0;-33.0;-32.0;9.0
14/10/2020;US;57480.0;1306768.0;7769133.0;;;-14.0;-6.0;25.0;-31.0;-30.0;9.0
15/10/2020;US;62451.0;1332014.0;7831584.0;;;-15.0;-5.0;23.0;-30.0;-31.0;9.0
16/10/2020;US;68708.0;1120938.0;7900292.0;;;-17.0;-8.0;8.0;-30.0;-31.0;9.0
17/10/2020;US;54012.0;771165.0;7954304.0;;;-14.0;-3.0;41.0;-20.0;-11.0;3.0
18/10/2020;US;48485.0;876329.0;8002789.0;;;-16.0;-7.0;18.0;-23.0;-14.0;3.0
19/10/2020;US;61603.0;1278223.0;8064392.0;;;-18.0;-9.0;4.0;-33.0;-31.0;9.0
20/10/2020;US;58551.0;1480937.0;8122943.0;;;-17.0;-7.0;10.0;-32.0;-31.0;9.0
21/10/2020;US;69446.0;1533814.0;8192389.0;;;-16.0;-7.0;13.0;-32.0;-30.0;9.0
22/10/2020;US;74272.0;1466797.0;8266661.0;;;-16.0;-6.0;20.0;-31.0;-30.0;9.0
23/10/2020;US;82126.0;1180398.0;8348787.0;;;-17.0;-8.0;10.0;-30.0;-30.0;9.0
24/10/2020;US;75612.0;794272.0;8424399.0;;;-16.0;-4.0;28.0;-23.0;-10.0;3.0
25/10/2020;US;65177.0;955237.0;8489576.0;;;-18.0;-8.0;1.0;-27.0;-15.0;4.0
26/10/2020;US;69434.0;1341009.0;8559010.0;;;-19.0;-9.0;-9.0;-34.0;-31.0;10.0
27/10/2020;US;75459.0;1504915.0;8634469.0;;;-17.0;-7.0;1.0;-33.0;-31.0;10.0
28/10/2020;US;84203.0;1486820.0;8718672.0;;;-16.0;-7.0;-2.0;-34.0;-30.0;10.0
29/10/2020;US;90632.0;1502418.0;8809304.0;;;-17.0;-7.0;-6.0;-35.0;-31.0;10.0
30/10/2020;US;97033.0;1220825.0;8906337.0;;;-14.0;-4.0;1.0;-32.0;-30.0;8.0
31/10/2020;US;92551.0;899934.0;8998888.0;;;-16.0;2.0;27.0;-23.0;-10.0;3.0
01/11/2020;US;73430.0;1017282.0;9139793.0;;;-18.0;-9.0;-5.0;-29.0;-15.0;4.0
02/11/2020;US;86955.0;1365330.0;9226748.0;;;-17.0;-7.0;-6.0;-35.0;-31.0;9.0
03/11/2020;US;98165.0;1633334.0;9324913.0;;;-11.0;-2.0;14.0;-34.0;-33.0;9.0
04/11/2020;US;113706.0;1696886.0;9438619.0;;;-18.0;-10.0;4.0;-36.0;-30.0;10.0
05/11/2020;US;122546.0;1678233.0;9561165.0;;;-18.0;-8.0;7.0;-34.0;-30.0;10.0
06/11/2020;US;132983.0;1456573.0;9694148.0;;;-18.0;-10.0;6.0;-33.0;-29.0;9.0
07/11/2020;US;127979.0;1011561.0;9822127.0;;;-16.0;-6.0;23.0;-27.0;-10.0;4.0
08/11/2020;US;110475.0;1224579.0;9932602.0;;;-17.0;-9.0;13.0;-29.0;-14.0;4.0
09/11/2020;US;124089.0;1539654.0;10056691.0;;;-19.0;-9.0;-3.0;-36.0;-31.0;10.0
10/11/2020;US;146588.0;1792000.0;10203279.0;;;-18.0;-7.0;-2.0;-35.0;-31.0;10.0
11/11/2020;US;152169.0;1854418.0;10355448.0;;;-15.0;-8.0;-10.0;-39.0;-38.0;12.0
12/11/2020;US;160816.0;1905446.0;10516264.0;;;-20.0;-9.0;-12.0;-37.0;-32.0;11.0
13/11/2020;US;176134.0;1598977.0;10692398.0;;;-19.0;-9.0;-11.0;-35.0;-30.0;11.0
14/11/2020;US;162420.0;1197843.0;10854818.0;;;-18.0;-6.0;2.0;-29.0;-10.0;5.0
15/11/2020;US;137643.0;1492734.0;10992461.0;;;-19.0;-9.0;-8.0;-32.0;-15.0;5.0
16/11/2020;US;151744.0;1906033.0;11144205.0;;;-20.0;-8.0;-10.0;-37.0;-31.0;10.0
17/11/2020;US;166507.0;2099920.0;11310712.0;;;-20.0;-7.0;-12.0;-37.0;-32.0;11.0
18/11/2020;US;169368.0;2077284.0;11480080.0;;;-19.0;-7.0;-13.0;-37.0;-32.0;11.0
19/11/2020;US;188079.0;2151567.0;11668159.0;;;-19.0;-6.0;-6.0;-36.0;-31.0;11.0
20/11/2020;US;192613.0;1857757.0;11860772.0;;;-20.0;-8.0;-5.0;-33.0;-30.0;11.0
21/11/2020;US;172087.0;1422833.0;12032859.0;;;-20.0;-4.0;4.0;-26.0;-10.0;5.0
22/11/2020;US;148990.0;1674215.0;12181849.0;;;-20.0;-7.0;-13.0;-32.0;-14.0;5.0
23/11/2020;US;158285.0;1972982.0;12340134.0;;;-16.0;-2.0;-12.0;-37.0;-35.0;11.0
24/11/2020;US;174294.0;2226171.0;12514428.0;;;-12.0;6.0;-9.0;-33.0;-36.0;11.0
25/11/2020;US;192850.0;1506621.0;12707278.0;;;-3.0;23.0;-7.0;-30.0;-40.0;10.0
26/11/2020;US;142270.0;1512764.0;12849548.0;;;-70.0;-30.0;-13.0;-60.0;-81.0;23.0
27/11/2020;US;162828.0;1348743.0;13012376.0;;;-26.0;-20.0;2.0;-47.0;-60.0;19.0
28/11/2020;US;143346.0;1152025.0;13155722.0;;;-26.0;-15.0;-1.0;-32.0;-18.0;7.0
29/11/2020;US;138475.0;1465722.0;13294197.0;;;-23.0;-15.0;-12.0;-28.0;-16.0;6.0
30/11/2020;US;150304.0;1844345.0;13444501.0;;;-21.0;-12.0;-27.0;-39.0;-34.0;12.0
01/12/2020;US;190999.0;2099739.0;13635500.0;;;-18.0;-5.0;-18.0;-36.0;-33.0;11.0
02/12/2020;US;206660.0;2148710.0;13842160.0;;;-19.0;-8.0;-16.0;-38.0;-32.0;11.0
03/12/2020;US;214414.0;2119093.0;14056574.0;;;-18.0;-5.0;-13.0;-37.0;-32.0;11.0
04/12/2020;US;222120.0;1692329.0;14278694.0;;;-20.0;-9.0;-17.0;-38.0;-30.0;12.0
05/12/2020;US;202826.0;1293215.0;14481520.0;;;-20.0;-6.0;-9.0;-33.0;-9.0;6.0
06/12/2020;US;174081.0;1541115.0;14655601.0;;;-20.0;-9.0;-14.0;-35.0;-14.0;5.0
07/12/2020;US;181325.0;1916125.0;14836926.0;;;-21.0;-9.0;-22.0;-40.0;-33.0;11.0
08/12/2020;US;225618.0;2125501.0;15062544.0;;;-20.0;-8.0;-18.0;-40.0;-32.0;11.0
09/12/2020;US;218172.0;2182843.0;15280716.0;;;-19.0;-8.0;-12.0;-39.0;-32.0;11.0
10/12/2020;US;205111.0;2057581.0;15485827.0;;;-19.0;-6.0;-9.0;-38.0;-32.0;11.0
11/12/2020;US;243390.0;1723193.0;15729217.0;;;-21.0;-9.0;-16.0;-38.0;-31.0;12.0
12/12/2020;US;212758.0;1249594.0;15941975.0;;;-20.0;-5.0;-11.0;-32.0;-10.0;6.0
13/12/2020;US;177830.0;1495092.0;16119805.0;30817.0;30817.0;-21.0;-8.0;-16.0;-35.0;-15.0;6.0
14/12/2020;US;195630.0;1946701.0;16315435.0;4538.0;35355.0;-20.0;-8.0;-28.0;-41.0;-33.0;11.0
15/12/2020;US;197440.0;2078178.0;16512875.0;45876.0;81231.0;-17.0;-2.0;-21.0;-38.0;-33.0;11.0
16/12/2020;US;237037.0;2053475.0;16749912.0;154818.0;236049.0;-20.0;-6.0;-27.0;-41.0;-34.0;13.0
17/12/2020;US;242528.0;2022937.0;16992440.0;266883.0;502932.0;-22.0;-9.0;-24.0;-43.0;-37.0;14.0
18/12/2020;US;233736.0;1712286.0;17226176.0;409980.0;912912.0;-19.0;-7.0;-22.0;-36.0;-32.0;12.0
19/12/2020;US;200308.0;1277375.0;17426484.0;178859.0;1091771.0;-18.0;-2.0;-16.0;-25.0;-10.0;6.0
20/12/2020;US;183359.0;1529579.0;17609843.0;104032.0;1195803.0;-17.0;-4.0;-19.0;-29.0;-13.0;5.0
21/12/2020;US;180485.0;1988864.0;17790328.0;377856.0;1573659.0;-8.0;3.0;-9.0;-35.0;-37.0;10.0
22/12/2020;US;196107.0;2281252.0;17986435.0;440600.0;2014259.0;-5.0;10.0;-6.0;-33.0;-38.0;10.0
23/12/2020;US;221580.0;1892296.0;18208015.0;563105.0;2577364.0;2.0;24.0;-8.0;-30.0;-40.0;10.0
24/12/2020;US;197846.0;1078263.0;18405861.0;191865.0;2769229.0;-16.0;27.0;-21.0;-43.0;-61.0;16.0
25/12/2020;US;154938.0;994670.0;18560799.0;12529.0;2781758.0;-82.0;-61.0;-38.0;-67.0;-83.0;27.0
26/12/2020;US;146250.0;950263.0;18707049.0;138594.0;2920352.0;-31.0;-18.0;-21.0;-37.0;-26.0;9.0
27/12/2020;US;153183.0;1310231.0;18860232.0;93219.0;3013571.0;-27.0;-18.0;-12.0;-31.0;-18.0;7.0
28/12/2020;US;174073.0;1887954.0;19034305.0;579373.0;3592944.0;-17.0;-9.0;-12.0;-40.0;-44.0;14.0
29/12/2020;US;205461.0;2193039.0;19239766.0;705455.0;4298399.0;-17.0;-6.0;-8.0;-39.0;-45.0;14.0
30/12/2020;US;231200.0;1925018.0;19470966.0;824450.0;5122849.0;-13.0;0.0;-11.0;-37.0;-44.0;14.0
31/12/2020;US;224032.0;1256463.0;19694998.0;412726.0;5535575.0;-9.0;19.0;-12.0;-42.0;-52.0;15.0
01/01/2021;US;221574.0;1119070.0;19916572.0;110341.0;5645916.0;-47.0;-37.0;-21.0;-62.0;-75.0;27.0
02/01/2021;US;222799.0;1052326.0;20139371.0;256528.0;5902444.0;-26.0;-13.0;-14.0;-33.0;-21.0;9.0
03/01/2021;US;202549.0;1409827.0;20341920.0;132462.0;6034906.0;-27.0;-16.0;-24.0;-33.0;-17.0;7.0
04/01/2021;US;169966.0;1974693.0;20511886.0;602331.0;6637237.0;-19.0;-8.0;-23.0;-39.0;-34.0;12.0
05/01/2021;US;239346.0;2340145.0;20751232.0;734586.0;7371823.0;-20.0;-6.0;-20.0;-39.0;-34.0;12.0
06/01/2021;US;251544.0;2262956.0;21002776.0;833390.0;8205213.0;-22.0;-11.0;-22.0;-41.0;-33.0;13.0
07/01/2021;US;262724.0;2153279.0;21265500.0;867124.0;9072337.0;-24.0;-10.0;-22.0;-41.0;-33.0;13.0
08/01/2021;US;286196.0;1720578.0;21551696.0;847816.0;9920153.0;-26.0;-14.0;-29.0;-42.0;-32.0;13.0
09/01/2021;US;249420.0;1170635.0;21801116.0;371131.0;10291284.0;-23.0;-9.0;-20.0;-35.0;-12.0;8.0
10/01/2021;US;218491.0;1532022.0;22019607.0;177122.0;10468406.0;-26.0;-13.0;-22.0;-38.0;-17.0;7.0
11/01/2021;US;199816.0;2038465.0;22219423.0;723451.0;11191857.0;-25.0;-12.0;-28.0;-42.0;-33.0;12.0
12/01/2021;US;213843.0;2119448.0;22433266.0;918387.0;12110244.0;-23.0;-10.0;-22.0;-41.0;-33.0;12.0
13/01/2021;US;221017.0;2091637.0;22654283.0;1030975.0;13141219.0;-23.0;-12.0;-18.0;-41.0;-33.0;12.0
14/01/2021;US;217250.0;2051185.0;22871533.0;1157671.0;14298890.0;-25.0;-13.0;-17.0;-41.0;-33.0;12.0
15/01/2021;US;233727.0;1598624.0;23105260.0;1119838.0;15418728.0;-27.0;-16.0;-25.0;-41.0;-33.0;13.0
16/01/2021;US;206865.0;1077937.0;23312125.0;566652.0;15985380.0;-25.0;-12.0;-14.0;-36.0;-14.0;7.0
17/01/2021;US;178458.0;1296443.0;23490583.0;256298.0;16241678.0;-25.0;-15.0;-11.0;-38.0;-18.0;6.0
18/01/2021;US;147277.0;1818812.0;23637860.0;642337.0;16884015.0;-22.0;-14.0;-8.0;-44.0;-46.0;14.0
19/01/2021;US;145943.0;2144966.0;23784387.0;969404.0;17853419.0;-26.0;-12.0;-23.0;-42.0;-34.0;12.0
20/01/2021;US;182351.0;2069101.0;23966738.0;1158349.0;19011768.0;-26.0;-16.0;-22.0;-43.0;-33.0;12.0
21/01/2021;US;182141.0;1939367.0;24148879.0;1332857.0;20344625.0;-26.0;-13.0;-19.0;-42.0;-32.0;12.0
22/01/2021;US;184979.0;1555838.0;24333858.0;1401229.0;21745854.0;-26.0;-14.0;-25.0;-41.0;-31.0;12.0
23/01/2021;US;158796.0;1009167.0;24492654.0;741883.0;22487737.0;-25.0;-12.0;-19.0;-38.0;-13.0;7.0
24/01/2021;US;138475.0;1243609.0;24631129.0;306053.0;22793790.0;-28.0;-16.0;-28.0;-40.0;-17.0;7.0
25/01/2021;US;130008.0;1795052.0;24761137.0;860420.0;23654210.0;-28.0;-16.0;-31.0;-44.0;-33.0;12.0
26/01/2021;US;142947.0;2078955.0;24904084.0;1054064.0;24708274.0;-28.0;-17.0;-27.0;-44.0;-35.0;13.0
27/01/2021;US;152261.0;1920156.0;25056345.0;1249717.0;25957991.0;-25.0;-15.0;-27.0;-42.0;-33.0;12.0
28/01/2021;US;150434.0;1857729.0;25206779.0;1368915.0;27326906.0;-26.0;-14.0;-27.0;-42.0;-32.0;12.0
29/01/2021;US;158536.0;1448747.0;25365315.0;1372266.0;28699172.0;-25.0;-15.0;-29.0;-42.0;-31.0;12.0
30/01/2021;US;131846.0;952131.0;25497161.0;757333.0;29456505.0;-22.0;-8.0;-15.0;-36.0;-12.0;6.0
31/01/2021;US;107855.0;1038973.0;25605016.0;321037.0;29777542.0;-27.0;-16.0;-22.0;-39.0;-18.0;7.0
01/02/2021;US;125369.0;1641847.0;25730385.0;776442.0;30553984.0;-29.0;-19.0;-33.0;-49.0;-37.0;14.0
02/02/2021;US;118063.0;1880127.0;25848448.0;962489.0;31516473.0;-26.0;-15.0;-25.0;-45.0;-36.0;13.0
03/02/2021;US;107328.0;1940461.0;25955776.0;1258743.0;32775216.0;-20.0;-9.0;-20.0;-40.0;-31.0;11.0
04/02/2021;US;121745.0;1840036.0;26077521.0;1384545.0;34159761.0;-23.0;-11.0;-21.0;-40.0;-32.0;11.0
05/02/2021;US;118717.0;1339279.0;26196238.0;1355072.0;35514833.0;-24.0;-13.0;-24.0;-39.0;-30.0;11.0
06/02/2021;US;102755.0;832015.0;26298993.0;851583.0;36366416.0;-21.0;-6.0;-16.0;-34.0;-11.0;6.0
07/02/2021;US;86652.0;1050833.0;26385645.0;276316.0;36642732.0;-31.0;-14.0;-30.0;-42.0;-17.0;6.0
08/02/2021;US;78485.0;1702272.0;26464130.0;837563.0;37480295.0;-26.0;-15.0;-26.0;-41.0;-33.0;11.0
09/02/2021;US;89114.0;1650095.0;26553244.0;1036607.0;38516902.0;-25.0;-12.0;-24.0;-41.0;-33.0;12.0
10/02/2021;US;93554.0;1425452.0;26646798.0;1229502.0;39746404.0;-22.0;-10.0;-22.0;-40.0;-32.0;11.0
11/02/2021;US;94695.0;1420178.0;26741493.0;1276759.0;41023163.0;-26.0;-12.0;-31.0;-41.0;-34.0;13.0
12/02/2021;US;92969.0;1105793.0;26834462.0;1381679.0;42404842.0;-24.0;-10.0;-32.0;-39.0;-33.0;13.0
13/02/2021;US;80459.0;666277.0;26914921.0;871399.0;43276241.0;-23.0;-4.0;-31.0;-36.0;-15.0;8.0
14/02/2021;US;62598.0;804406.0;26977519.0;345350.0;43621591.0;-24.0;-10.0;-31.0;-39.0;-20.0;7.0
15/02/2021;US;55389.0;1257842.0;27032908.0;610663.0;44232254.0;-34.0;-21.0;-32.0;-49.0;-52.0;18.0
16/02/2021;US;54769.0;1478588.0;27087677.0;798476.0;45030730.0;-33.0;-17.0;-30.0;-45.0;-45.0;16.0
17/02/2021;US;60394.0;1421213.0;27148071.0;936511.0;45967241.0;-27.0;-11.0;-27.0;-42.0;-39.0;13.0
18/02/2021;US;63847.0;1360559.0;27211918.0;836175.0;46803416.0;-33.0;-19.0;-32.0;-46.0;-42.0;17.0
19/02/2021;US;69225.0;1062088.0;27281143.0;824038.0;47627454.0;-26.0;-15.0;-32.0;-42.0;-35.0;14.0
20/02/2021;US;63246.0;685939.0;27344389.0;597457.0;48224911.0;-19.0;-8.0;-10.0;-31.0;-10.0;6.0
21/02/2021;US;51712.0;1046296.0;27396101.0;254895.0;48479806.0;-19.0;-11.0;-12.0;-32.0;-13.0;5.0
22/02/2021;US;53074.0;1652105.0;27449175.0;616821.0;49096627.0;-22.0;-13.0;-22.0;-39.0;-31.0;11.0
23/02/2021;US;67536.0;1698083.0;27516711.0;866286.0;49962913.0;-18.0;-8.0;-8.0;-36.0;-31.0;10.0
24/02/2021;US;68174.0;1619506.0;27584885.0;1244409.0;51207322.0;-15.0;-8.0;-4.0;-35.0;-30.0;10.0
25/02/2021;US;67307.0;1484532.0;27652192.0;1537037.0;52744359.0;-17.0;-9.0;-10.0;-35.0;-30.0;10.0
26/02/2021;US;69107.0;1079056.0;27721299.0;1672816.0;54417175.0;-18.0;-11.0;-16.0;-34.0;-29.0;10.0
27/02/2021;US;64199.0;636377.0;27785498.0;1138857.0;55556032.0;-15.0;-6.0;-1.0;-28.0;-10.0;5.0
28/02/2021;US;47877.0;1001190.0;27833375.0;533733.0;56089765.0;-16.0;-10.0;-9.0;-29.0;-13.0;4.0
01/03/2021;US;48619.0;1619773.0;27881994.0;1212294.0;57302059.0;-17.0;-9.0;-18.0;-36.0;-30.0;9.0
02/03/2021;US;51165.0;1747119.0;27933159.0;1465560.0;58767619.0;-16.0;-7.0;-12.0;-36.0;-30.0;10.0
03/03/2021;US;61123.0;1561736.0;27994282.0;1741986.0;60509605.0;-12.0;-4.0;-1.0;-34.0;-30.0;9.0
04/03/2021;US;61375.0;1439062.0;28055657.0;1956524.0;62466129.0;-15.0;-6.0;-4.0;-34.0;-30.0;9.0
05/03/2021;US;59910.0;1069884.0;28115567.0;2005639.0;64471768.0;-16.0;-8.0;-10.0;-33.0;-29.0;9.0
06/03/2021;US;53464.0;612397.0;28169031.0;1351606.0;65823374.0;-13.0;-4.0;7.0;-26.0;-11.0;4.0
07/03/2021;US;39828.0;983512.0;28208859.0;678437.0;66501811.0;-12.0;-6.0;9.0;-26.0;-13.0;3.0
08/03/2021;US;40689.0;1548198.0;28249548.0;1484203.0;67986014.0;-16.0;-7.0;-1.0;-35.0;-31.0;9.0
09/03/2021;US;50254.0;1623947.0;28300693.0;1814757.0;69800771.0;-14.0;-5.0;9.0;-34.0;-31.0;9.0
10/03/2021;US;57565.0;1507440.0;28358258.0;2079708.0;71880479.0;-13.0;-6.0;2.0;-34.0;-30.0;9.0
11/03/2021;US;55850.0;1405092.0;28414108.0;2292021.0;74172500.0;-14.0;-5.0;7.0;-32.0;-30.0;9.0
12/03/2021;US;59922.0;1028405.0;28474030.0;2124420.0;76296920.0;-14.0;-7.0;2.0;-30.0;-30.0;9.0
13/03/2021;US;48190.0;580891.0;28522220.0;1382996.0;77679916.0;-10.0;-2.0;16.0;-21.0;-11.0;3.0
14/03/2021;US;43316.0;954448.0;28565536.0;647026.0;78326942.0;-11.0;-7.0;1.0;-24.0;-15.0;4.0
15/03/2021;US;40750.0;1505118.0;28606286.0;1495155.0;79822097.0;-14.0;-7.0;-11.0;-34.0;-33.0;10.0
16/03/2021;US;49196.0;1623642.0;28655482.0;1930558.0;81752655.0;-11.0;-3.0;-2.0;-32.0;-32.0;9.0
17/03/2021;US;56235.0;1480244.0;28711717.0;2125020.0;83877675.0;-4.0;-2.0;0.0;-30.0;-31.0;8.0
18/03/2021;US;58696.0;1349255.0;28770413.0;2288593.0;86166268.0;-10.0;-5.0;-9.0;-31.0;-32.0;10.0
19/03/2021;US;58003.0;991729.0;28828416.0;2200175.0;88366443.0;-10.0;-6.0;0.0;-28.0;-31.0;8.0
20/03/2021;US;54447.0;615497.0;28882863.0;1415777.0;89782220.0;-6.0;-2.0;25.0;-16.0;-10.0;2.0
21/03/2021;US;41317.0;979485.0;28924180.0;682649.0;90464869.0;-4.0;-3.0;28.0;-16.0;-12.0;2.0
22/03/2021;US;45529.0;1535947.0;28969709.0;1596852.0;92061721.0;-9.0;-5.0;11.0;-30.0;-30.0;8.0
23/03/2021;US;55098.0;1663481.0;29024807.0;1973439.0;94035160.0;-9.0;-4.0;9.0;-31.0;-30.0;8.0
24/03/2021;US;63279.0;1452746.0;29088086.0;2200451.0;96235611.0;-9.0;-5.0;1.0;-31.0;-30.0;9.0
25/03/2021;US;61667.0;1378836.0;29149753.0;2252957.0;98488568.0;-10.0;-4.0;4.0;-30.0;-30.0;9.0
26/03/2021;US;70589.0;1001041.0;29220342.0;2084667.0;100573235.0;-10.0;-6.0;9.0;-27.0;-30.0;8.0
27/03/2021;US;58296.0;624619.0;29278638.0;1370211.0;101943446.0;-8.0;-2.0;35.0;-16.0;-10.0;2.0
28/03/2021;US;49002.0;1012298.0;29327640.0;669920.0;102613366.0;-8.0;-5.0;3.0;-21.0;-14.0;3.0
29/03/2021;US;55436.0;1536744.0;29383076.0;1602734.0;104216100.0;-8.0;-3.0;14.0;-30.0;-31.0;8.0
30/03/2021;US;59290.0;1585780.0;29442366.0;2006175.0;106222275.0;-7.0;-1.0;23.0;-29.0;-31.0;8.0
31/03/2021;US;66126.0;1447288.0;29508492.0;2403494.0;108625769.0;-6.0;-2.0;4.0;-29.0;-31.0;8.0
01/04/2021;US;70053.0;1347899.0;29578545.0;2519973.0;111145742.0;-4.0;3.0;9.0;-27.0;-31.0;8.0
02/04/2021;US;66923.0;972528.0;29645468.0;2039265.0;113185007.0;-6.0;3.0;11.0;-27.0;-40.0;10.0
03/04/2021;US;60131.0;565221.0;29705599.0;1323984.0;114508991.0;-6.0;11.0;31.0;-18.0;-14.0;2.0
04/04/2021;US;42263.0;951736.0;29747862.0;437428.0;114946419.0;-28.0;-11.0;33.0;-21.0;-23.0;1.0
05/04/2021;US;54394.0;1555863.0;29802256.0;1730288.0;116676707.0;-6.0;-1.0;26.0;-27.0;-34.0;8.0
06/04/2021;US;62163.0;1670398.0;29864419.0;2280821.0;118957528.0;-6.0;0.0;33.0;-27.0;-31.0;7.0
07/04/2021;US;71826.0;1519384.0;29936245.0;2556390.0;121513918.0;-4.0;0.0;27.0;-27.0;-31.0;7.0
08/04/2021;US;72548.0;1453824.0;30008793.0;2554088.0;124068006.0;-6.0;-1.0;26.0;-26.0;-30.0;8.0
09/04/2021;US;73887.0;1012634.0;30082752.0;2427348.0;126495354.0;-10.0;-5.0;16.0;-26.0;-30.0;7.0
10/04/2021;US;65426.0;645675.0;30148178.0;1723520.0;128218874.0;-7.0;-2.0;32.0;-17.0;-12.0;2.0
11/04/2021;US;51189.0;1057190.0;30199367.0;833165.0;129052039.0;-6.0;-4.0;18.0;-19.0;-14.0;2.0
12/04/2021;US;59850.0;1614442.0;30259217.0;1641822.0;130693861.0;-9.0;-3.0;9.0;-29.0;-29.0;7.0
13/04/2021;US;69980.0;1677285.0;30329197.0;1747700.0;132441561.0;-8.0;-1.0;20.0;-29.0;-29.0;7.0
14/04/2021;US;68537.0;1486017.0;30397734.0;1738997.0;134180558.0;-7.0;-3.0;13.0;-29.0;-30.0;8.0
15/04/2021;US;70220.0;1457318.0;30467954.0;1765363.0;135945921.0;-10.0;-3.0;9.0;-29.0;-29.0;8.0
16/04/2021;US;69304.0;1009009.0;30537258.0;1653010.0;137598931.0;-11.0;-6.0;8.0;-27.0;-29.0;8.0
17/04/2021;US;75602.0;613233.0;30612860.0;1163314.0;138762245.0;-8.0;-2.0;35.0;-17.0;-12.0;2.0
18/04/2021;US;47624.0;1020697.0;30660484.0;539950.0;139302195.0;-5.0;-2.0;38.0;-16.0;-13.0;2.0
19/04/2021;US;34355.0;1571575.0;30694839.0;1092072.0;140394267.0;-10.0;-3.0;14.0;-28.0;-29.0;8.0
20/04/2021;US;56343.0;1656011.0;30751182.0;1367331.0;141761598.0;-8.0;-1.0;21.0;-28.0;-29.0;8.0
21/04/2021;US;61861.0;1498558.0;30813043.0;1392340.0;143153938.0;-9.0;-3.0;6.0;-29.0;-29.0;8.0
22/04/2021;US;60436.0;1412186.0;30873479.0;1415620.0;144569558.0;-9.0;-2.0;16.0;-28.0;-28.0;8.0
23/04/2021;US;61134.0;995672.0;30934613.0;1370587.0;145940145.0;-11.0;-5.0;16.0;-25.0;-28.0;7.0
24/04/2021;US;50522.0;590769.0;30985135.0;1002668.0;146942813.0;-9.0;-2.0;34.0;-18.0;-12.0;2.0
25/04/2021;US;39812.0;999611.0;31024947.0;490728.0;147433541.0;-6.0;-3.0;23.0;-18.0;-13.0;2.0
26/04/2021;US;38757.0;1575316.0;31054699.0;942921.0;148376462.0;-9.0;-2.0;23.0;-28.0;-29.0;7.0
27/04/2021;US;49580.0;1581606.0;31104279.0;1116353.0;149492815.0;-8.0;0.0;33.0;-27.0;-29.0;7.0
28/04/2021;US;53539.0;1422330.0;31157818.0;1153154.0;150645969.0;-7.0;-1.0;26.0;-27.0;-29.0;7.0
29/04/2021;US;54760.0;1316420.0;31212578.0;1124788.0;151770757.0;-8.0;-1.0;19.0;-27.0;-29.0;8.0
30/04/2021;US;54058.0;905273.0;31266636.0;1126158.0;152896915.0;-8.0;-1.0;21.0;-23.0;-28.0;6.0
01/05/2021;US;47264.0;523020.0;31313900.0;712900.0;153609815.0;-6.0;2.0;57.0;-13.0;-12.0;1.0
02/05/2021;US;35625.0;897890.0;31349525.0;326629.0;153936444.0;-4.0;1.0;45.0;-13.0;-13.0;1.0
03/05/2021;US;32551.0;1423827.0;31382076.0;644429.0;154580873.0;-8.0;1.0;8.0;-27.0;-29.0;7.0
04/05/2021;US;42018.0;1532197.0;31424094.0;820637.0;155401510.0;-7.0;3.0;18.0;-27.0;-29.0;7.0
05/05/2021;US;43906.0;1311495.0;31468000.0;820525.0;156222035.0;-4.0;3.0;18.0;-27.0;-29.0;7.0
06/05/2021;US;42232.0;1179260.0;31510232.0;782787.0;157004822.0;-6.0;3.0;31.0;-24.0;-28.0;6.0
07/05/2021;US;43909.0;853463.0;31554141.0;799990.0;157804812.0;-7.0;1.0;23.0;-23.0;-27.0;6.0
08/05/2021;US;36077.0;485271.0;31590218.0;506432.0;158311244.0;-3.0;11.0;43.0;-14.0;-12.0;0.0
09/05/2021;US;26620.0;860803.0;31616838.0;204882.0;158516126.0;-2.0;7.0;20.0;-15.0;-14.0;0.0
10/05/2021;US;24187.0;1337090.0;31641025.0;485065.0;159001191.0;-9.0;0.0;16.0;-27.0;-29.0;7.0
11/05/2021;US;32697.0;1345783.0;31673722.0;660006.0;159661197.0;-8.0;4.0;25.0;-26.0;-29.0;7.0
12/05/2021;US;35281.0;1196360.0;31709003.0;646654.0;160307851.0;-6.0;3.0;27.0;-24.0;-29.0;7.0
13/05/2021;US;39804.0;1087337.0;31748807.0;928989.0;161236840.0;-5.0;3.0;43.0;-23.0;-29.0;6.0
14/05/2021;US;34806.0;788706.0;31783613.0;1094794.0;162331634.0;-7.0;0.0;39.0;-20.0;-28.0;6.0
15/05/2021;US;29077.0;454576.0;31812732.0;908783.0;163240417.0;-6.0;3.0;65.0;-10.0;-13.0;0.0
16/05/2021;US;20865.0;798919.0;31833597.0;478096.0;163718513.0;-4.0;0.0;40.0;-11.0;-12.0;1.0
17/05/2021;US;19212.0;1215395.0;31852809.0;889593.0;164608106.0;-7.0;1.0;27.0;-24.0;-29.0;7.0
18/05/2021;US;27463.0;1181316.0;31880272.0;994850.0;165602956.0;-6.0;3.0;34.0;-24.0;-28.0;7.0
19/05/2021;US;27233.0;1009421.0;31907505.0;988684.0;166591640.0;-4.0;2.0;37.0;-25.0;-28.0;7.0
20/05/2021;US;27472.0;986733.0;31934977.0;924012.0;167515652.0;-4.0;4.0;42.0;-24.0;-28.0;6.0
21/05/2021;US;27608.0;710170.0;31962585.0;935943.0;168451595.0;-7.0;0.0;38.0;-22.0;-27.0;5.0
22/05/2021;US;21757.0;409150.0;31984342.0;731427.0;169183022.0;-7.0;3.0;64.0;-14.0;-11.0;0.0
23/05/2021;US;15535.0;713161.0;31999877.0;338987.0;169522009.0;-4.0;1.0;47.0;-13.0;-12.0;1.0
24/05/2021;US;15073.0;1074752.0;32014950.0;637885.0;170159894.0;-6.0;1.0;27.0;-26.0;-29.0;6.0
25/05/2021;US;24144.0;1051765.0;32039094.0;670043.0;170829937.0;-4.0;4.0;38.0;-25.0;-28.0;6.0
26/05/2021;US;23250.0;928543.0;32062344.0;662455.0;171492392.0;-2.0;3.0;37.0;-24.0;-29.0;6.0
27/05/2021;US;21785.0;839535.0;32084129.0;616384.0;172108776.0;-2.0;6.0;41.0;-21.0;-29.0;6.0
28/05/2021;US;24498.0;580022.0;32108627.0;605779.0;172714555.0;-5.0;3.0;29.0;-19.0;-31.0;6.0
29/05/2021;US;15334.0;360333.0;32123961.0;381420.0;173095975.0;-7.0;5.0;51.0;-13.0;-15.0;1.0
30/05/2021;US;12081.0;316451.0;32136042.0;201074.0;173297049.0;-3.0;3.0;58.0;-16.0;-15.0;0.0
31/05/2021;US;9167.0;709780.0;32145209.0;89148.0;173386197.0;-8.0;0.0;82.0;-33.0;-72.0;15.0
01/06/2021;US;8966.0;1110518.0;32154175.0;531632.0;173917829.0;-3.0;8.0;44.0;-21.0;-31.0;6.0
02/06/2021;US;16101.0;989558.0;32170276.0;496869.0;174414698.0;-2.0;5.0;40.0;-23.0;-30.0;7.0
03/06/2021;US;17935.0;870163.0;32188211.0;465027.0;174879725.0;-3.0;6.0;37.0;-23.0;-29.0;7.0
04/06/2021;US;18437.0;617069.0;32206648.0;502011.0;175381736.0;-5.0;2.0;44.0;-20.0;-28.0;6.0
05/06/2021;US;14512.0;368902.0;32221160.0;354552.0;175736288.0;-6.0;5.0;74.0;-9.0;-8.0;0.0
06/06/2021;US;10734.0;644859.0;32231894.0;171580.0;175907868.0;-2.0;3.0;60.0;-9.0;-10.0;0.0
07/06/2021;US;9750.0;886154.0;32241644.0;373664.0;176281532.0;-4.0;3.0;34.0;-24.0;-31.0;7.0
08/06/2021;US;13965.0;867847.0;32255609.0;405030.0;176686562.0;-3.0;5.0;38.0;-24.0;-30.0;7.0
09/06/2021;US;19215.0;785045.0;32275288.0;393151.0;177079713.0;-1.0;5.0;43.0;-22.0;-30.0;6.0
10/06/2021;US;15470.0;764585.0;32290758.0;406147.0;177485860.0;-2.0;6.0;51.0;-21.0;-30.0;6.0
11/06/2021;US;13920.0;557593.0;32304678.0;429548.0;177915408.0;-6.0;1.0;41.0;-20.0;-31.0;6.0
12/06/2021;US;12206.0;345635.0;32316884.0;281185.0;178196593.0;-6.0;4.0;71.0;-9.0;-10.0;0.0
13/06/2021;US;8592.0;598005.0;32325476.0;113875.0;178310468.0;-3.0;3.0;60.0;-7.0;-10.0;0.0
14/06/2021;US;8173.0;832178.0;32333649.0;333082.0;178643550.0;-3.0;4.0;39.0;-22.0;-32.0;6.0
15/06/2021;US;12652.0;793291.0;32346301.0;361653.0;179005203.0;-2.0;6.0;50.0;-21.0;-31.0;6.0
16/06/2021;US;12987.0;725388.0;32359288.0;359435.0;179364638.0;0.0;6.0;55.0;-20.0;-31.0;6.0
17/06/2021;US;13281.0;693999.0;32372569.0;351809.0;179716447.0;-1.0;6.0;61.0;-19.0;-32.0;6.0
18/06/2021;US;11774.0;496987.0;32384343.0;368996.0;180085443.0;-5.0;3.0;53.0;-18.0;-33.0;6.0
19/06/2021;US;12226.0;333442.0;32396569.0;231344.0;180316787.0;-6.0;7.0;69.0;-8.0;-11.0;0.0
20/06/2021;US;8941.0;571046.0;32405510.0;112363.0;180429150.0;-2.0;4.0;52.0;-8.0;-13.0;-1.0
21/06/2021;US;8594.0;782706.0;32414104.0;302745.0;180731895.0;-5.0;0.0;39.0;-22.0;-34.0;7.0
22/06/2021;US;13272.0;764641.0;32427376.0;324342.0;181056237.0;-4.0;2.0;41.0;-22.0;-32.0;7.0
23/06/2021;US;13652.0;694855.0;32441028.0;330821.0;181387058.0;-2.0;3.0;56.0;-20.0;-32.0;6.0
24/06/2021;US;15383.0;673576.0;32456411.0;318604.0;181705662.0;-3.0;3.0;56.0;-20.0;-32.0;6.0
25/06/2021;US;14916.0;492767.0;32471327.0;351047.0;182056709.0;-6.0;-1.0;46.0;-18.0;-32.0;6.0
26/06/2021;US;13048.0;339027.0;32484375.0;225964.0;182282673.0;-7.0;1.0;61.0;-8.0;-9.0;0.0
27/06/2021;US;10450.0;552805.0;32494825.0;127491.0;182410164.0;-3.0;1.0;57.0;-6.0;-10.0;0.0
28/06/2021;US;10438.0;697791.0;32505263.0;276444.0;182686608.0;-4.0;1.0;38.0;-23.0;-34.0;4.0
29/06/2021;US;15471.0;678281.0;32520734.0;298461.0;182985069.0;-6.0;-1.0;35.0;-25.0;-34.0;6.0
30/06/2021;US;11477.0;642637.0;32532211.0;308149.0;183293218.0;-1.0;4.0;40.0;-21.0;-32.0;6.0
01/07/2021;US;18439.0;600066.0;32550650.0;294795.0;183588013.0;0.0;8.0;44.0;-18.0;-33.0;6.0
02/07/2021;US;16776.0;446885.0;32567426.0;306850.0;183894863.0;-3.0;8.0;50.0;-15.0;-35.0;6.0
03/07/2021;US;13038.0;260390.0;32580464.0;182301.0;184077164.0;-7.0;11.0;76.0;-8.0;-16.0;0.0
04/07/2021;US;10322.0;307144.0;32590786.0;27907.0;184105071.0;-13.0;5.0;112.0;-11.0;-21.0;-2.0
05/07/2021;US;9135.0;591839.0;32599921.0;202087.0;184307158.0;-3.0;1.0;76.0;-28.0;-68.0;14.0
06/07/2021;US;19964.0;778406.0;32619885.0;273979.0;184581137.0;-4.0;6.0;43.0;-21.0;-35.0;7.0
07/07/2021;US;22225.0;725498.0;32642110.0;282801.0;184863938.0;-3.0;4.0;43.0;-21.0;-34.0;7.0
08/07/2021;US;27316.0;665708.0;32825211.0;289462.0;185153400.0;-4.0;4.0;41.0;-21.0;-34.0;7.0
09/07/2021;US;27292.0;488166.0;32852503.0;322215.0;185475615.0;-7.0;0.0;43.0;-19.0;-33.0;7.0
10/07/2021;US;20450.0;342163.0;32872953.0;211588.0;185687203.0;-7.0;3.0;64.0;-7.0;-9.0;0.0
11/07/2021;US;16276.0;588459.0;32889229.0;116871.0;185804074.0;-4.0;1.0;43.0;-8.0;-10.0;1.0
12/07/2021;US;28873.0;739434.0;32918102.0;275547.0;186079621.0;-5.0;2.0;34.0;-22.0;-33.0;7.0
13/07/2021;US;34664.0;759866.0;32952766.0;281562.0;186361183.0;-3.0;4.0;44.0;-21.0;-33.0;7.0
14/07/2021;US;38040.0;768654.0;32990912.0;284580.0;186645763.0;-1.0;4.0;47.0;-20.0;-32.0;6.0
15/07/2021;US;40039.0;725414.0;33031063.0;298345.0;186944108.0;0.0;7.0;57.0;-18.0;-32.0;6.0
16/07/2021;US;41855.0;526525.0;33072960.0;346495.0;187290603.0;-5.0;1.0;47.0;-17.0;-32.0;6.0
17/07/2021;US;31693.0;397013.0;33104724.0;224071.0;187514674.0;-6.0;3.0;66.0;-7.0;-10.0;0.0
18/07/2021;US;27713.0;659433.0;33132482.0;135427.0;187650101.0;-1.0;3.0;59.0;-5.0;-11.0;0.0
19/07/2021;US;44322.0;901377.0;33177070.0;339402.0;187989503.0;-3.0;4.0;42.0;-20.0;-33.0;6.0
20/07/2021;US;50435.0;928496.0;33227641.0;371617.0;188361120.0;-2.0;5.0;50.0;-20.0;-33.0;6.0
21/07/2021;US;60702.0;916712.0;33288527.0;387627.0;188748747.0;-1.0;5.0;50.0;-20.0;-32.0;6.0
22/07/2021;US;70739.0;881685.0;33359549.0;416468.0;189165215.0;-1.0;6.0;60.0;-18.0;-32.0;6.0
23/07/2021;US;68749.0;654174.0;33428643.0;487350.0;189652565.0;-6.0;1.0;53.0;-17.0;-32.0;6.0
24/07/2021;US;53006.0;492079.0;33481771.0;302154.0;189954719.0;-7.0;3.0;71.0;-6.0;-10.0;0.0
25/07/2021;US;42557.0;785262.0;33524356.0;202351.0;190157070.0;-3.0;2.0;53.0;-6.0;-10.0;0.0
26/07/2021;US;70487.0;1035755.0;33594879.0;446958.0;190604028.0;-4.0;4.0;42.0;-21.0;-33.0;6.0
27/07/2021;US;84947.0;1107746.0;33679968.0;480829.0;191084857.0;-3.0;5.0;46.0;-21.0;-32.0;7.0
28/07/2021;US;88104.0;1110805.0;33768192.0;491584.0;191576441.0;-2.0;4.0;47.0;-20.0;-32.0;6.0
29/07/2021;US;98319.0;1049178.0;33866740.0;498296.0;192074737.0;-3.0;4.0;42.0;-20.0;-32.0;7.0
30/07/2021;US;103739.0;766133.0;33970813.0;577578.0;192652315.0;-4.0;3.0;49.0;-17.0;-32.0;6.0
31/07/2021;US;79816.0;568449.0;34050793.0;347369.0;192999684.0;-5.0;5.0;65.0;-6.0;-10.0;0.0
01/08/2021;US;60585.0;967453.0;34111422.0;229099.0;193228783.0;-2.0;3.0;45.0;-6.0;-10.0;0.0
02/08/2021;US;101086.0;1266552.0;34212533.0;506831.0;193735614.0;-2.0;5.0;43.0;-20.0;-33.0;6.0
03/08/2021;US;109035.0;1322689.0;34321890.0;539137.0;194274751.0;-1.0;8.0;47.0;-20.0;-32.0;6.0
04/08/2021;US;125815.0;1382334.0;34448038.0;553183.0;194827934.0;-1.0;6.0;45.0;-20.0;-32.0;6.0
05/08/2021;US;126878.0;1337969.0;34575150.0;561101.0;195389035.0;-2.0;7.0;50.0;-20.0;-32.0;6.0
06/08/2021;US;124915.0;1006276.0;34707838.0;628298.0;196017333.0;-6.0;2.0;48.0;-18.0;-32.0;6.0
07/08/2021;US;119136.0;716086.0;34827073.0;382839.0;196400172.0;-7.0;4.0;58.0;-8.0;-10.0;1.0
08/08/2021;US;95837.0;1134023.0;34922952.0;238404.0;196638576.0;-3.0;3.0;45.0;-7.0;-10.0;0.0
09/08/2021;US;92338.0;1440071.0;35015372.0;522152.0;197160728.0;-4.0;5.0;32.0;-22.0;-33.0;7.0
10/08/2021;US;133152.0;1532919.0;35148707.0;532100.0;197692828.0;-3.0;6.0;36.0;-22.0;-32.0;7.0
11/08/2021;US;142487.0;1533427.0;35291464.0;500626.0;198193454.0;-3.0;5.0;35.0;-22.0;-32.0;6.0
12/08/2021;US;150201.0;1530968.0;35441931.0;516740.0;198710194.0;-4.0;6.0;42.0;-21.0;-32.0;6.0
13/08/2021;US;145336.0;1129262.0;35587364.0;582691.0;199292885.0;-6.0;2.0;40.0;-19.0;-32.0;6.0
14/08/2021;US;138677.0;795488.0;35726208.0;362700.0;199655585.0;-6.0;4.0;58.0;-9.0;-11.0;1.0
15/08/2021;US;109448.0;1281773.0;35835730.0;212037.0;199867622.0;-2.0;4.0;49.0;-7.0;-11.0;0.0
16/08/2021;US;107906.0;1608743.0;35943766.0;466330.0;200333952.0;-4.0;4.0;29.0;-22.0;-33.0;6.0
17/08/2021;US;148629.0;1706521.0;36092645.0;492290.0;200826242.0;-3.0;6.0;31.0;-23.0;-33.0;6.0
18/08/2021;US;165467.0;1653511.0;36259152.0;488746.0;201314988.0;-3.0;4.0;30.0;-22.0;-30.0;6.0
19/08/2021;US;173806.0;1546171.0;36433162.0;481841.0;201796829.0;-4.0;5.0;35.0;-22.0;-31.0;6.0
20/08/2021;US;165027.0;1177444.0;36600123.0;539013.0;202335842.0;-7.0;1.0;35.0;-20.0;-30.0;5.0
21/08/2021;US;143172.0;840315.0;36743671.0;322365.0;202658207.0;-7.0;4.0;53.0;-12.0;-10.0;1.0
22/08/2021;US;126122.0;1323025.0;36869863.0;186035.0;202844242.0;-7.0;0.0;28.0;-17.0;-12.0;2.0
23/08/2021;US;114884.0;1812961.0;36984816.0;442152.0;203286394.0;-6.0;3.0;23.0;-25.0;-32.0;6.0
24/08/2021;US;161519.0;1956837.0;37146702.0;462291.0;203748685.0;-6.0;4.0;30.0;-24.0;-31.0;6.0
25/08/2021;US;175875.0;1964454.0;37322834.0;469640.0;204218325.0;-5.0;4.0;32.0;-23.0;-30.0;6.0
26/08/2021;US;185096.0;1895469.0;37508183.0;476197.0;204694522.0;-5.0;4.0;33.0;-22.0;-30.0;6.0
27/08/2021;US;181236.0;1438616.0;37689620.0;533872.0;205228394.0;-8.0;0.0;27.0;-22.0;-29.0;6.0
28/08/2021;US;151486.0;985069.0;37841467.0;319529.0;205547923.0;-8.0;2.0;47.0;-14.0;-10.0;2.0
29/08/2021;US;117189.0;1459537.0;37958835.0;194309.0;205742232.0;-6.0;0.0;33.0;-13.0;-12.0;2.0
30/08/2021;US;131919.0;1974876.0;38090837.0;419179.0;206161411.0;-8.0;1.0;20.0;-25.0;-31.0;6.0
31/08/2021;US;175210.0;2040871.0;38266551.0;422642.0;206584053.0;-6.0;4.0;25.0;-23.0;-30.0;6.0
01/09/2021;US;197101.0;1972663.0;38463975.0;427044.0;207011097.0;-5.0;3.0;18.0;-24.0;-30.0;6.0
02/09/2021;US;181785.0;1870533.0;38646161.0;403096.0;207414193.0;-3.0;5.0;35.0;-21.0;-30.0;6.0
03/09/2021;US;180647.0;1363164.0;38827196.0;455410.0;207869603.0;-4.0;5.0;37.0;-16.0;-30.0;5.0
04/09/2021;US;143049.0;994174.0;38970662.0;247370.0;208116973.0;-7.0;5.0;61.0;-11.0;-15.0;1.0
05/09/2021;US;124106.0;825336.0;39095045.0;168708.0;208285681.0;-2.0;3.0;62.0;-15.0;-15.0;0.0
06/09/2021;US;108429.0;1407080.0;39203878.0;82076.0;208367757.0;-7.0;0.0;68.0;-33.0;-72.0;16.0
07/09/2021;US;116663.0;2047361.0;39320631.0;355302.0;208723059.0;-7.0;5.0;28.0;-22.0;-30.0;6.0
08/09/2021;US;167791.0;2071758.0;39489769.0;367308.0;209090367.0;-6.0;4.0;27.0;-23.0;-28.0;6.0
09/09/2021;US;182519.0;2070230.0;39672692.0;373866.0;209464233.0;-7.0;3.0;27.0;-23.0;-27.0;6.0
10/09/2021;US;170173.0;1536343.0;39843214.0;452194.0;209916427.0;-8.0;0.0;34.0;-20.0;-25.0;4.0
11/09/2021;US;154853.0;988024.0;39998594.0;260789.0;210177216.0;-7.0;2.0;65.0;-13.0;-9.0;1.0
12/09/2021;US;115504.0;1494404.0;40114177.0;158584.0;210335800.0;-6.0;1.0;39.0;-12.0;-11.0;2.0
13/09/2021;US;111269.0;1892123.0;40225610.0;338905.0;210674705.0;-8.0;2.0;23.0;-23.0;-28.0;6.0
14/09/2021;US;160429.0;2131656.0;40386699.0;317944.0;210992649.0;-7.0;3.0;30.0;-23.0;-28.0;6.0
15/09/2021;US;160964.0;2018344.0;40548579.0;315272.0;211307921.0;-3.0;4.0;27.0;-22.0;-27.0;5.0
16/09/2021;US;165311.0;1923485.0;40714430.0;313873.0;211621794.0;-5.0;3.0;32.0;-22.0;-28.0;6.0
17/09/2021;US;156143.0;1397955.0;40871104.0;355495.0;211977289.0;-7.0;-1.0;29.0;-19.0;-27.0;4.0
18/09/2021;US;123545.0;962932.0;40995224.0;206604.0;212183893.0;-5.0;1.0;59.0;-13.0;-11.0;1.0
19/09/2021;US;96033.0;1391491.0;41091344.0;121442.0;212305335.0;-5.0;0.0;39.0;-11.0;-13.0;1.0
20/09/2021;US;90724.0;1931957.0;41182101.0;270338.0;212575673.0;-8.0;1.0;19.0;-22.0;-27.0;5.0
21/09/2021;US;131485.0;2069730.0;41314210.0;262171.0;212837844.0;-7.0;2.0;24.0;-24.0;-26.0;6.0
22/09/2021;US;131029.0;2002182.0;41445684.0;256063.0;213093907.0;-7.0;1.0;19.0;-24.0;-24.0;6.0
23/09/2021;US;134609.0;1921589.0;41581759.0;258126.0;213352033.0;-7.0;2.0;29.0;-22.0;-24.0;5.0
24/09/2021;US;131746.0;1357531.0;41713862.0;322656.0;213674689.0;-7.0;-1.0;33.0;-19.0;-24.0;4.0
25/09/2021;US;96702.0;880745.0;41811210.0;202672.0;213877361.0;-6.0;1.0;64.0;-12.0;-9.0;0.0
26/09/2021;US;76184.0;1233877.0;41887633.0;120021.0;213997382.0;-5.0;0.0;40.0;-11.0;-11.0;1.0
27/09/2021;US;100360.0;1881823.0;41988115.0;298090.0;214295472.0;-8.0;1.0;24.0;-22.0;-25.0;5.0
28/09/2021;US;114644.0;2020341.0;42103203.0;290254.0;214585726.0;-8.0;1.0;23.0;-24.0;-24.0;5.0
29/09/2021;US;114927.0;1940768.0;42218991.0;288330.0;214874056.0;-6.0;2.0;27.0;-23.0;-23.0;5.0
30/09/2021;US;121042.0;1832789.0;42340798.0;289473.0;215163529.0;-5.0;3.0;29.0;-20.0;-23.0;5.0
01/10/2021;US;119761.0;1323949.0;42461253.0;317060.0;215480589.0;-4.0;3.0;30.0;-17.0;-23.0;4.0
02/10/2021;US;82266.0;805932.0;42544012.0;173804.0;215654393.0;-4.0;4.0;55.0;-12.0;-10.0;1.0
03/10/2021;US;67106.0;1278624.0;42611325.0;105938.0;215760331.0;-4.0;2.0;27.0;-12.0;-12.0;1.0
04/10/2021;US;84775.0;1851739.0;42696129.0;247106.0;216007437.0;-7.0;4.0;14.0;-23.0;-25.0;5.0
05/10/2021;US;102267.0;1985311.0;42798634.0;244048.0;216251485.0;-6.0;4.0;21.0;-23.0;-24.0;5.0
06/10/2021;US;105080.0;1910434.0;42914250.0;248220.0;216499705.0;-6.0;2.0;23.0;-22.0;-23.0;5.0
07/10/2021;US;111170.0;1793128.0;43026213.0;253702.0;216753407.0;-6.0;3.0;28.0;-19.0;-23.0;5.0
08/10/2021;US;106533.0;1240908.0;43133290.0;285576.0;217038983.0;-6.0;-1.0;27.0;-18.0;-24.0;5.0
09/10/2021;US;70483.0;728860.0;43204421.0;146897.0;217185880.0;-5.0;2.0;55.0;-11.0;-10.0;1.0
10/10/2021;US;58919.0;1159933.0;43263501.0;92233.0;217278113.0;-5.0;0.0;31.0;-12.0;-12.0;1.0
11/10/2021;US;73337.0;1665009.0;43336922.0;223624.0;217501737.0;-6.0;1.0;21.0;-24.0;-32.0;7.0
12/10/2021;US;88471.0;1867700.0;43426042.0;228375.0;217730112.0;-7.0;2.0;21.0;-21.0;-24.0;5.0
13/10/2021;US;94773.0;1885776.0;43521547.0;227000.0;217957112.0;-6.0;1.0;20.0;-21.0;-23.0;5.0
14/10/2021;US;94465.0;1722893.0;43616510.0;225956.0;218183068.0;-5.0;3.0;27.0;-19.0;-23.0;5.0
15/10/2021;US;89964.0;1201912.0;43707280.0;261265.0;218444333.0;-5.0;0.0;24.0;-18.0;-24.0;4.0
16/10/2021;US;63301.0;701870.0;43771406.0;140313.0;218584646.0;-4.0;2.0;48.0;-12.0;-10.0;0.0
17/10/2021;US;48641.0;1235924.0;43820123.0;83378.0;218668024.0;-3.0;0.0;30.0;-10.0;-12.0;1.0
18/10/2021;US;67518.0;1725236.0;43887664.0;222114.0;218890138.0;-7.0;1.0;16.0;-21.0;-24.0;5.0
19/10/2021;US;79071.0;1891143.0;43967255.0;201422.0;219091560.0;-6.0;2.0;23.0;-22.0;-23.0;5.0
20/10/2021;US;75051.0;1847381.0;44042838.0;202227.0;219293787.0;-5.0;1.0;22.0;-21.0;-23.0;5.0
21/10/2021;US;86408.0;1624157.0;44129623.0;206043.0;219499830.0;-5.0;2.0;22.0;-20.0;-23.0;5.0
22/10/2021;US;80826.0;1108680.0;44210765.0;290927.0;219790757.0;-6.0;-1.0;19.0;-18.0;-23.0;4.0
23/10/2021;US;35845.0;636856.0;44247061.0;174755.0;219965512.0;-5.0;1.0;38.0;-13.0;-10.0;1.0
24/10/2021;US;25695.0;1160718.0;44272850.0;106978.0;220072490.0;-6.0;-2.0;8.0;-14.0;-13.0;2.0
25/10/2021;US;83219.0;1688460.0;44356116.0;299734.0;220372224.0;-9.0;0.0;-1.0;-23.0;-24.0;6.0
26/10/2021;US;101323.0;1809635.0;44457701.0;295871.0;220668095.0;-7.0;2.0;4.0;-25.0;-23.0;6.0
27/10/2021;US;82703.0;1699401.0;44540861.0;304170.0;220972265.0;-5.0;2.0;9.0;-22.0;-22.0;5.0
28/10/2021;US;81664.0;1562616.0;44644410.0;293622.0;221265887.0;-5.0;3.0;8.0;-21.0;-22.0;5.0
29/10/2021;US;85961.0;1060248.0;44730508.0;322119.0;221588006.0;-7.0;0.0;4.0;-21.0;-22.0;5.0
30/10/2021;US;34473.0;617070.0;44765550.0;165187.0;221753193.0;-5.0;5.0;25.0;-16.0;-10.0;1.0
31/10/2021;US;25442.0;1061722.0;44791056.0;99691.0;221852884.0;-5.0;4.0;29.0;-12.0;-13.0;1.0
01/11/2021;US;107668.0;1649184.0;44906683.0;283176.0;222136060.0;-7.0;2.0;2.0;-21.0;-24.0;6.0
02/11/2021;US;73444.0;1903268.0;44980812.0;281133.0;222417193.0;-6.0;2.0;5.0;-24.0;-24.0;6.0
03/11/2021;US;77953.0;1762772.0;45058873.0;309443.0;222726636.0;-6.0;3.0;3.0;-23.0;-22.0;5.0
04/11/2021;US;87786.0;1599565.0;45146878.0;348441.0;223075077.0;-6.0;2.0;4.0;-22.0;-22.0;6.0
05/11/2021;US;88555.0;1123158.0;45235619.0;451857.0;223526934.0;-7.0;-2.0;2.0;-21.0;-22.0;5.0
06/11/2021;US;35669.0;837990.0;45271816.0;391359.0;223918293.0;-6.0;0.0;20.0;-16.0;-10.0;2.0
07/11/2021;US;30023.0;1254836.0;45301905.0;228105.0;224146398.0;-4.0;0.0;13.0;-15.0;-11.0;2.0
08/11/2021;US;115455.0;1874193.0;45417409.0;470664.0;224617062.0;-8.0;1.0;6.0;-22.0;-22.0;5.0
09/11/2021;US;81782.0;1835070.0;45499368.0;521849.0;225138911.0;-7.0;2.0;7.0;-22.0;-22.0;5.0
10/11/2021;US;90971.0;1737473.0;45592131.0;574700.0;225713611.0;-5.0;2.0;8.0;-21.0;-21.0;5.0
11/11/2021;US;72425.0;1495151.0;45665146.0;548209.0;226261820.0;-2.0;2.0;8.0;-25.0;-33.0;8.0
12/11/2021;US;121418.0;1119447.0;45786709.0;638530.0;226900350.0;-8.0;-3.0;-2.0;-22.0;-24.0;6.0
13/11/2021;US;53940.0;777700.0;45856020.0;536670.0;227437020.0;-5.0;0.0;11.0;-16.0;-10.0;2.0
14/11/2021;US;31830.0;1263083.0;45887911.0;240742.0;227677762.0;-5.0;-2.0;-2.0;-15.0;-12.0;2.0
15/11/2021;US;132412.0;1860890.0;46020332.0;458942.0;228136704.0;-7.0;1.0;-6.0;-22.0;-23.0;6.0
16/11/2021;US;96975.0;1968988.0;46117366.0;487133.0;228623837.0;-6.0;3.0;1.0;-22.0;-22.0;5.0
17/11/2021;US;103744.0;1898230.0;46221165.0;505927.0;229129764.0;-5.0;2.0;2.0;-21.0;-21.0;5.0
18/11/2021;US;111662.0;1672030.0;46343511.0;505558.0;229635322.0;-5.0;2.0;-1.0;-20.0;-22.0;5.0
19/11/2021;US;113869.0;1144343.0;46457480.0;581511.0;230216833.0;-7.0;-1.0;-6.0;-19.0;-21.0;5.0
20/11/2021;US;46131.0;763225.0;46503692.0;459453.0;230676286.0;-5.0;2.0;6.0;-10.0;-8.0;2.0
21/11/2021;US;34221.0;1154537.0;46538403.0;206744.0;230883030.0;-5.0;0.0;-2.0;-12.0;-9.0;2.0
22/11/2021;US;143827.0;1626358.0;46682280.0;487879.0;231370909.0;-2.0;8.0;-5.0;-21.0;-28.0;6.0
23/11/2021;US;99386.0;1660588.0;46781792.0;488630.0;231859539.0;3.0;17.0;1.0;-17.0;-29.0;6.0
24/11/2021;US;106793.0;756215.0;46888830.0;400849.0;232260388.0;13.0;36.0;4.0;-12.0;-37.0;6.0
25/11/2021;US;69132.0;764599.0;46958038.0;8586.0;232268974.0;-64.0;-26.0;-4.0;-46.0;-84.0;19.0
26/11/2021;US;81762.0;906229.0;47039819.0;311814.0;232580788.0;-12.0;-11.0;1.0;-38.0;-62.0;15.0
27/11/2021;US;51871.0;819526.0;47091741.0;219310.0;232800098.0;-14.0;-9.0;-2.0;-15.0;-19.0;4.0
28/11/2021;US;52403.0;1368784.0;47144236.0;142102.0;232942200.0;-10.0;-7.0;-11.0;-7.0;-12.0;3.0
29/11/2021;US;92596.0;1893848.0;47237003.0;353043.0;233295243.0;-8.0;0.0;-10.0;-21.0;-23.0;6.0
30/11/2021;US;119062.0;1970662.0;47356230.0;404286.0;233699529.0;-7.0;2.0;-7.0;-21.0;-22.0;6.0
01/12/2021;US;130739.0;2047338.0;47486969.0;460239.0;234159768.0;-4.0;4.0;-3.0;-21.0;-22.0;5.0
02/12/2021;US;142230.0;1937242.0;47629199.0;446937.0;234606705.0;-6.0;3.0;2.0;-22.0;-22.0;6.0
03/12/2021;US;151867.0;1370251.0;47781066.0;485961.0;235092666.0;-6.0;0.0;0.0;-22.0;-21.0;5.0
04/12/2021;US;67401.0;818558.0;47848467.0;299836.0;235392502.0;-5.0;1.0;9.0;-16.0;-6.0;2.0
05/12/2021;US;48953.0;1295034.0;47897420.0;165333.0;235557835.0;-6.0;-1.0;-7.0;-17.0;-9.0;3.0
06/12/2021;US;181161.0;1948476.0;48078581.0;388202.0;235946037.0;-9.0;1.0;-17.0;-25.0;-23.0;6.0
07/12/2021;US;123857.0;2053146.0;48202438.0;401335.0;236347372.0;-7.0;2.0;-12.0;-25.0;-21.0;6.0
08/12/2021;US;126562.0;1916525.0;48329000.0;405506.0;236752878.0;-6.0;1.0;-10.0;-24.0;-20.0;6.0
09/12/2021;US;134950.0;1852575.0;48463950.0;402267.0;237155145.0;-6.0;2.0;-10.0;-24.0;-20.0;6.0
10/12/2021;US;134370.0;1304550.0;48598320.0;422912.0;237578057.0;-9.0;-2.0;-9.0;-23.0;-20.0;6.0
11/12/2021;US;64233.0;810335.0;48662553.0;266230.0;237844287.0;-7.0;0.0;-6.0;-18.0;-5.0;2.0
12/12/2021;US;49053.0;1361115.0;48711606.0;151061.0;237995348.0;-4.0;0.0;-9.0;-17.0;-7.0;2.0
13/12/2021;US;181764.0;1972370.0;48893370.0;345357.0;238340705.0;-6.0;3.0;-13.0;-24.0;-21.0;6.0
14/12/2021;US;118734.0;2123232.0;49013829.0;364988.0;238705693.0;-4.0;5.0;-10.0;-24.0;-21.0;6.0
15/12/2021;US;138980.0;2094633.0;49153649.0;376827.0;239082520.0;-1.0;7.0;-8.0;-22.0;-21.0;5.0
16/12/2021;US;151663.0;1995986.0;49306659.0;388446.0;239470966.0;0.0;7.0;-4.0;-21.0;-21.0;5.0
17/12/2021;US;160892.0;1483232.0;49467551.0;431236.0;239902202.0;-4.0;2.0;-6.0;-20.0;-21.0;5.0
18/12/2021;US;89395.0;1040910.0;49556946.0;286787.0;240188989.0;-5.0;3.0;-12.0;-13.0;-7.0;2.0
19/12/2021;US;77879.0;1578182.0;49634825.0;168686.0;240357675.0;-1.0;2.0;-15.0;-14.0;-7.0;2.0
20/12/2021;US;246896.0;2218970.0;49881721.0;439747.0;240797422.0;3.0;10.0;-10.0;-23.0;-30.0;7.0
21/12/2021;US;187686.0;2420469.0;50069407.0;464146.0;241261568.0;5.0;14.0;-9.0;-22.0;-31.0;7.0
22/12/2021;US;227703.0;2406280.0;50297110.0;445736.0;241707304.0;9.0;20.0;-5.0;-21.0;-33.0;7.0
23/12/2021;US;256022.0;1787193.0;50553753.0;367496.0;242074800.0;14.0;35.0;-3.0;-22.0;-43.0;9.0
24/12/2021;US;241513.0;947337.0;50795266.0;103028.0;242177828.0;-20.0;20.0;-13.0;-39.0;-68.0;16.0
25/12/2021;US;133088.0;968032.0;50928354.0;2103.0;242179931.0;-77.0;-58.0;-29.0;-43.0;-66.0;10.0
26/12/2021;US;155209.0;1718188.0;51083563.0;132070.0;242312001.0;-13.0;-10.0;-8.0;-19.0;-20.0;4.0
27/12/2021;US;422385.0;2314739.0;51505948.0;394356.0;242706357.0;-6.0;-1.0;-6.0;-29.0;-48.0;13.0
28/12/2021;US;360253.0;2344159.0;51866201.0;434436.0;243140793.0;-7.0;1.0;-3.0;-28.0;-44.0;12.0
29/12/2021;US;455803.0;2363780.0;52322004.0;435426.0;243576219.0;-5.0;2.0;-8.0;-28.0;-44.0;12.0
30/12/2021;US;557592.0;2017702.0;52879596.0;403491.0;243979710.0;-2.0;11.0;-3.0;-28.0;-46.0;13.0
31/12/2021;US;469704.0;1260066.0;53349300.0;162707.0;244142417.0;-15.0;11.0;-5.0;-40.0;-62.0;17.0
01/01/2022;US;303427.0;1346665.0;53652727.0;34098.0;244176515.0;-43.0;-33.0;-26.0;-41.0;-44.0;12.0
02/01/2022;US;306948.0;2260395.0;53959675.0;136890.0;244313405.0;-20.0;-12.0;-26.0;-22.0;-17.0;7.0
03/01/2022;US;873703.0;2948453.0;54833378.0;340432.0;244653837.0;-14.0;-1.0;-24.0;-32.0;-38.0;13.0
04/01/2022;US;690348.0;3201706.0;55523726.0;371830.0;245025667.0;-14.0;1.0;-19.0;-30.0;-30.0;11.0
05/01/2022;US;697481.0;3180906.0;56221207.0;379028.0;245404695.0;-16.0;0.0;-19.0;-32.0;-28.0;10.0
06/01/2022;US;764809.0;2916144.0;56986016.0;370224.0;245774919.0;-19.0;-2.0;-19.0;-33.0;-30.0;11.0
07/01/2022;US;867858.0;2200197.0;57853874.0;399436.0;246174355.0;-24.0;-12.0;-28.0;-37.0;-31.0;13.0
08/01/2022;US;449198.0;1657732.0;58303072.0;274238.0;246448593.0;-19.0;-6.0;-20.0;-30.0;-12.0;7.0
09/01/2022;US;369858.0;2139299.0;58672930.0;141795.0;246590388.0;-21.0;-11.0;-26.0;-31.0;-14.0;7.0
10/01/2022;US;1235521.0;2690654.0;59908451.0;330504.0;246920892.0;-17.0;-4.0;-22.0;-34.0;-27.0;10.0
11/01/2022;US;791928.0;2931705.0;60700379.0;338659.0;247259551.0;-18.0;-4.0;-19.0;-35.0;-27.0;10.0
12/01/2022;US;831735.0;3023212.0;61532114.0;340287.0;247599838.0;-16.0;-3.0;-12.0;-32.0;-26.0;9.0
13/01/2022;US;892398.0;2827437.0;62424512.0;336722.0;247936560.0;-16.0;-1.0;-9.0;-31.0;-27.0;9.0
14/01/2022;US;851859.0;2065215.0;63322942.0;378474.0;248315034.0;-17.0;-4.0;-14.0;-31.0;-27.0;10.0
15/01/2022;US;475180.0;1374825.0;63798122.0;226595.0;248541629.0;-20.0;-6.0;-20.0;-31.0;-13.0;7.0
16/01/2022;US;358114.0;1737047.0;64156236.0;106501.0;248648130.0;-25.0;-16.0;-23.0;-35.0;-18.0;7.0
17/01/2022;US;956196.0;2595265.0;65112432.0;216223.0;248864353.0;-20.0;-12.0;-16.0;-41.0;-50.0;15.0
18/01/2022;US;852152.0;2959222.0;65964584.0;252898.0;249117251.0;-18.0;-5.0;-13.0;-31.0;-28.0;9.0
19/01/2022;US;775345.0;2794522.0;66739929.0;249024.0;249366275.0;-16.0;-4.0;-12.0;-31.0;-26.0;9.0
20/01/2022;US;767762.0;2478009.0;67507691.0;239046.0;249605321.0;-19.0;-7.0;-18.0;-33.0;-27.0;10.0
21/01/2022;US;778130.0;1748873.0;68285821.0;275380.0;249880701.0;-20.0;-11.0;-21.0;-33.0;-25.0;10.0
22/01/2022;US;334931.0;1145237.0;68620752.0;171814.0;250052515.0;-19.0;-10.0;-16.0;-31.0;-11.0;6.0
23/01/2022;US;291132.0;1562060.0;68911884.0;91189.0;250143704.0;-19.0;-12.0;-16.0;-29.0;-12.0;5.0
24/01/2022;US;1004031.0;1945061.0;69915915.0;203177.0;250346881.0;-19.0;-8.0;-16.0;-32.0;-25.0;9.0
25/01/2022;US;492973.0;2090558.0;70408888.0;203132.0;250550013.0;-17.0;-6.0;-15.0;-32.0;-25.0;8.0
26/01/2022;US;542492.0;2045471.0;70951380.0;200082.0;250750095.0;-16.0;-6.0;-15.0;-32.0;-24.0;8.0
27/01/2022;US;567678.0;1887026.0;71519058.0;197491.0;250947586.0;-15.0;-4.0;-10.0;-30.0;-23.0;8.0
28/01/2022;US;526276.0;1226022.0;72045334.0;229143.0;251176729.0;-16.0;-5.0;-15.0;-30.0;-22.0;8.0
29/01/2022;US;224041.0;763787.0;72269375.0;120685.0;251297414.0;-22.0;-15.0;-15.0;-36.0;-14.0;7.0
30/01/2022;US;151980.0;1247184.0;72421355.0;72293.0;251369707.0;-18.0;-11.0;-15.0;-28.0;-11.0;4.0
31/01/2022;US;571752.0;1772758.0;72993107.0;159775.0;251529482.0;-15.0;-4.0;-13.0;-30.0;-23.0;7.0
01/02/2022;US;296863.0;1892140.0;73289970.0;149310.0;251678792.0;-10.0;4.0;-8.0;-28.0;-23.0;6.0
02/02/2022;US;303127.0;1600726.0;73593097.0;145040.0;251823832.0;-17.0;-4.0;-15.0;-31.0;-26.0;9.0
03/02/2022;US;349511.0;1482899.0;73942608.0;129772.0;251953604.0;-25.0;-12.0;-19.0;-36.0;-33.0;13.0
04/02/2022;US;268148.0;1118504.0;74224337.0;153557.0;252107161.0;-23.0;-15.0;-22.0;-35.0;-31.0;13.0
05/02/2022;US;105884.0;632971.0;74330221.0;109513.0;252216674.0;-13.0;-6.0;-9.0;-26.0;-8.0;4.0
06/02/2022;US;93097.0;1251055.0;74423318.0;59533.0;252276207.0;-12.0;-7.0;-7.0;-25.0;-9.0;3.0
07/02/2022;US;293776.0;1647523.0;74727594.0;129192.0;252405399.0;-14.0;-5.0;-11.0;-28.0;-22.0;7.0
08/02/2022;US;197003.0;1562114.0;74924597.0;126908.0;252532307.0;-12.0;-3.0;-5.0;-27.0;-22.0;6.0
09/02/2022;US;194149.0;1470496.0;75118746.0;130970.0;252663277.0;-10.0;-2.0;0.0;-26.0;-21.0;6.0
10/02/2022;US;166484.0;1405626.0;75285230.0;129022.0;252792299.0;-11.0;-1.0;4.0;-25.0;-21.0;6.0
11/02/2022;US;155554.0;887709.0;75440784.0;152484.0;252944783.0;-11.0;-3.0;3.0;-24.0;-20.0;6.0
12/02/2022;US;68978.0;499705.0;75509762.0;91080.0;253035863.0;-8.0;2.0;12.0;-20.0;-7.0;2.0
13/02/2022;US;45559.0;984801.0;75555321.0;43144.0;253079007.0;-16.0;4.0;-15.0;-25.0;-10.0;2.0
14/02/2022;US;173739.0;1579440.0;75729060.0;89401.0;253168408.0;-5.0;6.0;-7.0;-27.0;-23.0;6.0
15/02/2022;US;108373.0;1641067.0;75837433.0;101498.0;253269906.0;-14.0;-5.0;-4.0;-26.0;-21.0;6.0
16/02/2022;US;105547.0;1520156.0;75942980.0;103008.0;253372914.0;-11.0;-4.0;0.0;-25.0;-20.0;6.0
17/02/2022;US;98798.0;1367808.0;76041778.0;98766.0;253471680.0;-15.0;-7.0;-2.0;-26.0;-22.0;7.0
18/02/2022;US;103932.0;898982.0;76146386.0;124258.0;253595938.0;-13.0;-9.0;-4.0;-24.0;-23.0;7.0
19/02/2022;US;41768.0;459495.0;76188154.0;75009.0;253670947.0;-9.0;-6.0;6.0;-19.0;-8.0;3.0
20/02/2022;US;29518.0;716286.0;76217672.0;42553.0;253713500.0;-6.0;-6.0;11.0;-19.0;-10.0;2.0
21/02/2022;US;47961.0;1222936.0;76265633.0;80315.0;253793815.0;-7.0;-4.0;14.0;-29.0;-38.0;9.0
22/02/2022;US;115069.0;1378191.0;76380702.0;87471.0;253881286.0;-14.0;-7.0;-10.0;-28.0;-24.0;7.0
23/02/2022;US;73235.0;1236642.0;76453937.0;86843.0;253968129.0;-13.0;-6.0;-4.0;-27.0;-23.0;7.0
24/02/2022;US;74056.0;1132354.0;76527993.0;82526.0;254050655.0;-15.0;-7.0;-9.0;-28.0;-25.0;8.0
25/02/2022;US;75095.0;703980.0;76603088.0;95549.0;254146204.0;-15.0;-12.0;-11.0;-29.0;-23.0;8.0
26/02/2022;US;26249.0;423505.0;76629337.0;65479.0;254211683.0;-9.0;-6.0;1.0;-20.0;-7.0;2.0
27/02/2022;US;16373.0;895604.0;76645710.0;34114.0;254245797.0;-8.0;-6.0;-3.0;-19.0;-9.0;2.0
28/02/2022;US;71582.0;1277396.0;76721814.0;76300.0;254322097.0;-10.0;-4.0;-2.0;-25.0;-21.0;5.0
01/03/2022;US;42000.0;1245596.0;76785666.0;68205.0;254390302.0;-7.0;-1.0;8.0;-24.0;-21.0;5.0
02/03/2022;US;52348.0;1208825.0;76838014.0;66607.0;254456909.0;-8.0;-3.0;11.0;-24.0;-20.0;4.0
03/03/2022;US;51202.0;1069972.0;76889216.0;65029.0;254521938.0;-8.0;-2.0;7.0;-25.0;-20.0;4.0
04/03/2022;US;42787.0;668454.0;76933753.0;78632.0;254600570.0;-10.0;-7.0;0.0;-25.0;-19.0;5.0
05/03/2022;US;14713.0;355495.0;76948466.0;49734.0;254650304.0;-7.0;-4.0;19.0;-20.0;-7.0;1.0
06/03/2022;US;6983.0;793308.0;76955449.0;26464.0;254676768.0;-7.0;-5.0;10.0;-20.0;-9.0;2.0
07/03/2022;US;55164.0;1208911.0;77012824.0;56518.0;254733286.0;-14.0;-6.0;-5.0;-27.0;-21.0;6.0
08/03/2022;US;29794.0;1139611.0;77043590.0;55210.0;254788496.0;-12.0;-5.0;-2.0;-27.0;-20.0;5.0
09/03/2022;US;45476.0;1014754.0;77089996.0;56069.0;254844565.0;-13.0;-7.0;-6.0;-28.0;-20.0;6.0
10/03/2022;US;38718.0;1001283.0;77128714.0;54717.0;254899282.0;-12.0;-5.0;1.0;-27.0;-20.0;5.0
11/03/2022;US;36892.0;633109.0;77165710.0;64423.0;254963705.0;-14.0;-8.0;-4.0;-27.0;-21.0;6.0
12/03/2022;US;12370.0;352023.0;77178080.0;39383.0;255003088.0;-16.0;-13.0;-13.0;-26.0;-10.0;4.0
13/03/2022;US;7600.0;795472.0;77185680.0;21709.0;255024797.0;-10.0;-8.0;0.0;-20.0;-9.0;2.0
14/03/2022;US;37513.0;1225768.0;77245848.0;51796.0;255076593.0;-12.0;-5.0;12.0;-26.0;-24.0;6.0
15/03/2022;US;23851.0;1198666.0;77269699.0;52847.0;255129440.0;-10.0;-4.0;19.0;-25.0;-23.0;5.0
16/03/2022;US;37418.0;1106967.0;77307117.0;54208.0;255183648.0;-7.0;-4.0;25.0;-24.0;-22.0;5.0
17/03/2022;US;32672.0;1010778.0;77339789.0;50356.0;255234004.0;-9.0;-5.0;20.0;-25.0;-23.0;5.0
18/03/2022;US;30322.0;612968.0;77370936.0;63284.0;255297288.0;-11.0;-9.0;15.0;-24.0;-24.0;5.0
19/03/2022;US;10108.0;354700.0;77381044.0;39225.0;255336513.0;-9.0;-6.0;19.0;-19.0;-8.0;1.0
20/03/2022;US;8023.0;778352.0;77389067.0;22742.0;255359255.0;-6.0;-5.0;24.0;-15.0;-9.0;1.0
21/03/2022;US;38317.0;1145416.0;77427384.0;52154.0;255411409.0;-12.0;-6.0;16.0;-26.0;-22.0;5.0
22/03/2022;US;23681.0;1108108.0;77451065.0;48164.0;255459573.0;-12.0;-6.0;12.0;-26.0;-21.0;5.0
23/03/2022;US;34662.0;990837.0;77495370.0;52593.0;255512166.0;-11.0;-7.0;4.0;-26.0;-21.0;5.0
24/03/2022;US;31838.0;971421.0;77530547.0;53105.0;255565271.0;-11.0;-6.0;9.0;-26.0;-21.0;5.0
25/03/2022;US;27804.0;628796.0;77559376.0;62610.0;255627881.0;-11.0;-8.0;12.0;-25.0;-20.0;4.0
26/03/2022;US;10044.0;336071.0;77572505.0;34178.0;255662059.0;-9.0;-6.0;22.0;-20.0;-7.0;1.0
27/03/2022;US;7565.0;706971.0;77580070.0;18138.0;255680197.0;-8.0;-6.0;10.0;-18.0;-9.0;1.0
28/03/2022;US;31942.0;1054119.0;77612012.0;50469.0;255730666.0;-14.0;-8.0;-1.0;-28.0;-21.0;6.0
29/03/2022;US;20755.0;1057428.0;77634718.0;46704.0;255777370.0;-12.0;-6.0;7.0;-27.0;-20.0;5.0
30/03/2022;US;37177.0;953752.0;77680958.0;60744.0;255838114.0;-11.0;-7.0;8.0;-27.0;-20.0;5.0
31/03/2022;US;33883.0;916164.0;77720577.0;76137.0;255914251.0;-10.0;-6.0;8.0;-26.0;-20.0;5.0
01/04/2022;US;27638.0;596843.0;77749073.0;79736.0;255993987.0;-8.0;-5.0;11.0;-24.0;-19.0;4.0
02/04/2022;US;10585.0;315955.0;77760754.0;45854.0;256039841.0;-7.0;-4.0;29.0;-19.0;-7.0;1.0
03/04/2022;US;7368.0;695601.0;77768122.0;29009.0;256068850.0;-6.0;-4.0;15.0;-18.0;-8.0;1.0
04/04/2022;US;26620.0;1075474.0;77794742.0;70448.0;256139298.0;-11.0;-4.0;12.0;-26.0;-21.0;4.0
05/04/2022;US;31720.0;998924.0;77826462.0;63929.0;256203227.0;-11.0;-4.0;13.0;-25.0;-21.0;5.0
06/04/2022;US;41028.0;940688.0;77867490.0;65616.0;256268843.0;-10.0;-5.0;11.0;-25.0;-20.0;5.0
07/04/2022;US;31803.0;916004.0;77899996.0;65208.0;256334051.0;-10.0;-5.0;12.0;-25.0;-20.0;5.0
08/04/2022;US;42009.0;593723.0;77943628.0;73428.0;256407479.0;-9.0;-5.0;13.0;-23.0;-20.0;4.0
09/04/2022;US;14391.0;316657.0;77958639.0;43939.0;256451418.0;-6.0;-2.0;28.0;-17.0;-7.0;1.0
10/04/2022;US;12498.0;682939.0;77971137.0;27636.0;256479054.0;-4.0;-2.0;24.0;-15.0;-8.0;0.0
11/04/2022;US;33669.0;964748.0;78004931.0;64521.0;256543575.0;-10.0;-2.0;16.0;-25.0;-21.0;5.0
12/04/2022;US;26112.0;916567.0;78031467.0;65736.0;256609311.0;-9.0;-2.0;24.0;-24.0;-21.0;4.0
13/04/2022;US;44359.0;822990.0;78076410.0;66240.0;256675551.0;-8.0;-3.0;18.0;-25.0;-21.0;4.0
14/04/2022;US;61413.0;708209.0;78138382.0;66972.0;256742523.0;-5.0;1.0;24.0;-23.0;-22.0;4.0
15/04/2022;US;44069.0;458731.0;78182451.0;67724.0;256810247.0;-6.0;0.0;27.0;-26.0;-35.0;7.0
16/04/2022;US;16824.0;268695.0;78199275.0;37158.0;256847405.0;-8.0;7.0;28.0;-22.0;-13.0;1.0
17/04/2022;US;16906.0;564676.0;78216181.0;11948.0;256859353.0;-31.0;-17.0;21.0;-22.0;-23.0;0.0
18/04/2022;US;35261.0;807149.0;78251442.0;59900.0;256919253.0;-12.0;-7.0;5.0;-27.0;-27.0;6.0
19/04/2022;US;50912.0;825968.0;78302354.0;61872.0;256981125.0;-11.0;-5.0;15.0;-26.0;-21.0;5.0
20/04/2022;US;57626.0;775971.0;78359980.0;61309.0;257042434.0;-8.0;-4.0;22.0;-24.0;-20.0;4.0
21/04/2022;US;50242.0;762571.0;78410222.0;58844.0;257101278.0;-8.0;-3.0;29.0;-24.0;-21.0;4.0
22/04/2022;US;70592.0;503314.0;78482061.0;56812.0;257158090.0;-8.0;-6.0;27.0;-23.0;-21.0;4.0
23/04/2022;US;27452.0;290581.0;78509995.0;37329.0;257195419.0;-5.0;-2.0;59.0;-16.0;-7.0;0.0
24/04/2022;US;19720.0;742942.0;78529715.0;21085.0;257216504.0;-4.0;-2.0;39.0;-14.0;-9.0;0.0
25/04/2022;US;50692.0;1139599.0;78581707.0;51024.0;257267528.0;-10.0;-3.0;16.0;-24.0;-20.0;4.0
26/04/2022;US;62626.0;1088047.0;78644333.0;52841.0;257320369.0;-9.0;-2.0;17.0;-24.0;-19.0;4.0
27/04/2022;US;76527.0;1003854.0;78721551.0;54814.0;257375183.0;-7.0;-2.0;22.0;-23.0;-18.0;3.0
28/04/2022;US;62055.0;985731.0;78784855.0;55436.0;257430619.0;-7.0;-1.0;26.0;-22.0;-19.0;3.0
29/04/2022;US;86220.0;614377.0;78871075.0;59094.0;257489713.0;-7.0;-3.0;26.0;-21.0;-19.0;3.0
30/04/2022;US;31142.0;330914.0;78902217.0;34184.0;257523897.0;-5.0;-1.0;47.0;-16.0;-7.0;0.0
01/05/2022;US;24000.0;666460.0;78926217.0;20658.0;257544555.0;-3.0;0.0;34.0;-14.0;-8.0;0.0
02/05/2022;US;62260.0;1014708.0;78989544.0;48606.0;257593161.0;-8.0;0.0;18.0;-25.0;-20.0;4.0
03/05/2022;US;72070.0;1001316.0;79061614.0;50597.0;257643758.0;-6.0;2.0;21.0;-23.0;-19.0;4.0
04/05/2022;US;101032.0;964416.0;79162646.0;50878.0;257694636.0;-6.0;1.0;22.0;-23.0;-19.0;3.0
05/05/2022;US;81307.0;946060.0;79243953.0;49774.0;257744410.0;-4.0;2.0;29.0;-22.0;-19.0;3.0
06/05/2022;US;102585.0;655648.0;79346538.0;54992.0;257799402.0;-7.0;-2.0;13.0;-23.0;-20.0;4.0
07/05/2022;US;33151.0;356300.0;79379689.0;30515.0;257829917.0;-2.0;7.0;36.0;-18.0;-9.0;0.0
08/05/2022;US;19133.0;721756.0;79398822.0;16034.0;257845951.0;2.0;6.0;25.0;-15.0;-10.0;-1.0
09/05/2022;US;106748.0;1108442.0;79505570.0;47764.0;257893715.0;-8.0;-1.0;29.0;-23.0;-21.0;4.0
10/05/2022;US;97352.0;1113239.0;79602922.0;51524.0;257945239.0;-5.0;1.0;37.0;-22.0;-20.0;3.0
11/05/2022;US;127097.0;1023457.0;79730019.0;51392.0;257996631.0;-6.0;0.0;35.0;-22.0;-19.0;3.0
12/05/2022;US;100763.0;950937.0;79830782.0;51386.0;258048017.0;-6.0;0.0;39.0;-21.0;-20.0;3.0
13/05/2022;US;121570.0;695250.0;79954525.0;57909.0;258105926.0;-8.0;-3.0;35.0;-21.0;-20.0;3.0
14/05/2022;US;33501.0;378370.0;79988026.0;33743.0;258139669.0;-6.0;-1.0;57.0;-15.0;-9.0;0.0
15/05/2022;US;43508.0;777503.0;80031534.0;20398.0;258160067.0;-4.0;0.0;45.0;-12.0;-9.0;0.0
16/05/2022;US;114523.0;1125933.0;80154679.0;50344.0;258210411.0;-9.0;-1.0;28.0;-23.0;-21.0;4.0
17/05/2022;US;124229.0;1145282.0;80278908.0;52685.0;258263096.0;-7.0;0.0;40.0;-21.0;-20.0;3.0
18/05/2022;US;145870.0;1089190.0;80424778.0;53327.0;258316423.0;-6.0;-1.0;31.0;-21.0;-20.0;3.0
19/05/2022;US;112039.0;1059152.0;80536817.0;54086.0;258370509.0;-6.0;0.0;36.0;-21.0;-21.0;3.0
20/05/2022;US;157304.0;729254.0;80694121.0;61088.0;258431597.0;-8.0;-4.0;30.0;-21.0;-21.0;3.0
21/05/2022;US;41370.0;415291.0;80735491.0;35017.0;258466614.0;-8.0;-1.0;53.0;-14.0;-9.0;0.0
22/05/2022;US;36508.0;779373.0;80771999.0;21800.0;258488414.0;-5.0;-1.0;40.0;-12.0;-10.0;0.0
23/05/2022;US;109747.0;1148599.0;80881746.0;54183.0;258542597.0;-8.0;-1.0;27.0;-22.0;-22.0;4.0
24/05/2022;US;129960.0;1123987.0;81011706.0;52741.0;258595338.0;-7.0;-1.0;30.0;-22.0;-22.0;4.0
25/05/2022;US;156271.0;1011065.0;81167977.0;52221.0;258647559.0;-5.0;0.0;28.0;-21.0;-22.0;4.0
26/05/2022;US;113176.0;833741.0;81281153.0;50482.0;258698041.0;-4.0;1.0;34.0;-19.0;-23.0;4.0
27/05/2022;US;153263.0;582970.0;81434416.0;55984.0;258754025.0;-7.0;-1.0;36.0;-19.0;-27.0;4.0
28/05/2022;US;41366.0;347594.0;81475782.0;27768.0;258781793.0;-9.0;1.0;60.0;-14.0;-15.0;0.0
29/05/2022;US;29437.0;298741.0;81505219.0;17654.0;258799447.0;-4.0;1.0;79.0;-13.0;-14.0;-2.0
30/05/2022;US;54643.0;722776.0;81559862.0;5946.0;258805393.0;-11.0;-4.0;82.0;-34.0;-72.0;14.0
31/05/2022;US;155168.0;1068464.0;81715030.0;50563.0;258855956.0;-7.0;2.0;38.0;-20.0;-26.0;4.0
01/06/2022;US;140135.0;1108080.0;81855165.0;49146.0;258905102.0;-5.0;2.0;33.0;-20.0;-24.0;4.0
02/06/2022;US;111759.0;948606.0;81966924.0;47206.0;258952308.0;-6.0;1.0;39.0;-21.0;-25.0;4.0
03/06/2022;US;146857.0;634948.0;82113781.0;52373.0;259004681.0;-7.0;-1.0;41.0;-20.0;-25.0;4.0
04/06/2022;US;52832.0;384629.0;82166613.0;27365.0;259032046.0;-8.0;0.0;64.0;-12.0;-9.0;0.0
05/06/2022;US;37984.0;658412.0;82204597.0;17274.0;259049320.0;-5.0;0.0;53.0;-10.0;-10.0;0.0
06/06/2022;US;98722.0;943386.0;82303319.0;45718.0;259095038.0;-8.0;0.0;34.0;-21.0;-27.0;5.0
07/06/2022;US;148431.0;799750.0;82451750.0;44587.0;259139625.0;-7.0;0.0;38.0;-21.0;-26.0;5.0
08/06/2022;US;148324.0;524308.0;82600074.0;45235.0;259184860.0;-6.0;-1.0;37.0;-20.0;-26.0;5.0
09/06/2022;US;106375.0;521945.0;82706449.0;44103.0;259228963.0;-6.0;0.0;47.0;-20.0;-27.0;5.0
10/06/2022;US;151580.0;431764.0;82858029.0;47799.0;259276762.0;-8.0;-3.0;44.0;-19.0;-28.0;4.0
11/06/2022;US;40598.0;350945.0;82898627.0;25567.0;259302329.0;-9.0;-1.0;62.0;-11.0;-10.0;0.0
12/06/2022;US;34158.0;557233.0;82932785.0;15600.0;259317929.0;-6.0;-1.0;43.0;-10.0;-10.0;0.0
13/06/2022;US;91329.0;695355.0;83024114.0;40866.0;259358795.0;-8.0;-1.0;34.0;-21.0;-28.0;5.0
14/06/2022;US;135405.0;603464.0;83159519.0;42339.0;259401134.0;-7.0;0.0;42.0;-20.0;-27.0;5.0
15/06/2022;US;144115.0;472612.0;83303634.0;41432.0;259442566.0;-5.0;1.0;43.0;-19.0;-27.0;5.0
16/06/2022;US;98452.0;406474.0;83402086.0;41413.0;259483979.0;-6.0;1.0;44.0;-19.0;-28.0;5.0
17/06/2022;US;129200.0;247426.0;83531286.0;43688.0;259527667.0;-8.0;-1.0;48.0;-18.0;-30.0;5.0
18/06/2022;US;38723.0;;83570009.0;22898.0;259550565.0;-7.0;4.0;69.0;-9.0;-11.0;-1.0
19/06/2022;US;33420.0;;83603429.0;11890.0;259562455.0;-3.0;3.0;59.0;-9.0;-12.0;-2.0
20/06/2022;US;52054.0;;83655483.0;37230.0;259599685.0;-7.0;-1.0;49.0;-23.0;-37.0;7.0
21/06/2022;US;184839.0;;83840322.0;51200.0;259650885.0;-7.0;0.0;46.0;-20.0;-28.0;5.0
22/06/2022;US;132691.0;;83973013.0;63170.0;259714055.0;-7.0;-1.0;40.0;-20.0;-28.0;5.0
23/06/2022;US;104031.0;;84077044.0;69307.0;259783362.0;-7.0;0.0;51.0;-19.0;-29.0;5.0
24/06/2022;US;167937.0;;84244981.0;77883.0;259861245.0;-9.0;-3.0;52.0;-18.0;-30.0;5.0
25/06/2022;US;48232.0;;84293213.0;61190.0;259922435.0;-10.0;-1.0;70.0;-10.0;-10.0;0.0
26/06/2022;US;37892.0;;84331105.0;24927.0;259947362.0;-7.0;-2.0;57.0;-6.0;-9.0;0.0
27/06/2022;US;95608.0;;84426713.0;66554.0;260013916.0;-9.0;-2.0;37.0;-21.0;-30.0;5.0
28/06/2022;US;152460.0;;84579173.0;70529.0;260084445.0;-7.0;0.0;49.0;-20.0;-29.0;5.0
29/06/2022;US;148309.0;;84727482.0;73830.0;260158275.0;-6.0;0.0;48.0;-19.0;-29.0;5.0
30/06/2022;US;113210.0;;84840692.0;76095.0;260234370.0;-4.0;3.0;53.0;-17.0;-30.0;5.0
01/07/2022;US;172882.0;;85016263.0;72737.0;260307107.0;-5.0;5.0;51.0;-16.0;-33.0;5.0
02/07/2022;US;48823.0;;85065086.0;31262.0;260338369.0;-10.0;5.0;67.0;-10.0;-15.0;0.0
03/07/2022;US;34778.0;;85099864.0;14825.0;260353194.0;-5.0;6.0;86.0;-12.0;-14.0;-2.0
04/07/2022;US;48084.0;;85147948.0;3963.0;260357157.0;-20.0;-5.0;127.0;-36.0;-75.0;14.0
05/07/2022;US;168055.0;;85316003.0;64536.0;260421693.0;-9.0;1.0;33.0;-20.0;-36.0;7.0
06/07/2022;US;141238.0;;85457241.0;68350.0;260490043.0;-8.0;0.0;41.0;-21.0;-31.0;6.0
07/07/2022;US;116359.0;;85573600.0;68638.0;260558681.0;-7.0;1.0;48.0;-21.0;-31.0;5.0
08/07/2022;US;177420.0;;85751020.0;73371.0;260632052.0;-10.0;-4.0;40.0;-22.0;-31.0;6.0
09/07/2022;US;54610.0;;85805630.0;39564.0;260671616.0;-11.0;-2.0;59.0;-12.0;-10.0;0.0
10/07/2022;US;45957.0;;85851587.0;21233.0;260692849.0;-7.0;-2.0;53.0;-9.0;-10.0;0.0
11/07/2022;US;118913.0;;85970500.0;59238.0;260752087.0;-9.0;-1.0;40.0;-21.0;-31.0;5.0
12/07/2022;US;181486.0;;86151986.0;66884.0;260818971.0;-8.0;-1.0;43.0;-21.0;-30.0;5.0
13/07/2022;US;152779.0;;86304765.0;69427.0;260888398.0;-7.0;-1.0;46.0;-20.0;-29.0;5.0
14/07/2022;US;137454.0;;86442219.0;72219.0;260960617.0;-8.0;0.0;52.0;-19.0;-30.0;5.0
15/07/2022;US;187924.0;;86630143.0;78619.0;261039236.0;-11.0;-5.0;48.0;-20.0;-31.0;6.0
16/07/2022;US;55219.0;;86685362.0;41215.0;261080451.0;-11.0;-2.0;61.0;-11.0;-10.0;0.0
17/07/2022;US;45192.0;;86730554.0;21759.0;261102210.0;-8.0;-2.0;46.0;-9.0;-10.0;1.0
18/07/2022;US;105796.0;;86836350.0;67034.0;261169244.0;-10.0;-2.0;33.0;-22.0;-31.0;10.0
19/07/2022;US;174565.0;;87010915.0;70458.0;261239702.0;-8.0;-1.0;42.0;-21.0;-30.0;10.0
20/07/2022;US;157933.0;;87168848.0;68464.0;261308166.0;-7.0;-1.0;43.0;-20.0;-29.0;5.0
21/07/2022;US;146939.0;;87315787.0;68705.0;261376871.0;-8.0;0.0;47.0;-20.0;-30.0;5.0
22/07/2022;US;185062.0;;87525159.0;73876.0;261450747.0;-10.0;-2.0;46.0;-19.0;-30.0;6.0
23/07/2022;US;52999.0;;87578158.0;38657.0;261489404.0;-11.0;-2.0;57.0;-11.0;-10.0;1.0
24/07/2022;US;44372.0;;87622530.0;19527.0;261508931.0;-8.0;-3.0;42.0;-10.0;-10.0;1.0
25/07/2022;US;110320.0;;87732850.0;60998.0;261569929.0;-10.0;-2.0;32.0;-21.0;-31.0;7.0
26/07/2022;US;165322.0;;87898172.0;63626.0;261633555.0;-7.0;1.0;41.0;-20.0;-29.0;6.0
27/07/2022;US;158900.0;;88057072.0;61697.0;261695252.0;-6.0;0.0;43.0;-19.0;-29.0;5.0
28/07/2022;US;143344.0;;88200416.0;61070.0;261756322.0;-6.0;1.0;47.0;-19.0;-29.0;5.0
29/07/2022;US;170478.0;;88463032.0;63762.0;261820084.0;-8.0;2.0;46.0;-18.0;-30.0;5.0
30/07/2022;US;37736.0;;88500768.0;30843.0;261850927.0;-9.0;-1.0;66.0;-9.0;-9.0;0.0
31/07/2022;US;29472.0;;88530240.0;15916.0;261866843.0;-6.0;-1.0;49.0;-7.0;-9.0;0.0
01/08/2022;US;123284.0;;88653524.0;53044.0;261919887.0;-6.0;2.0;33.0;-20.0;-30.0;6.0
02/08/2022;US;157192.0;;88810716.0;56230.0;261976117.0;-5.0;1.0;44.0;-20.0;-29.0;6.0
03/08/2022;US;148668.0;;88959384.0;56209.0;262032326.0;-4.0;2.0;40.0;-20.0;-29.0;5.0
04/08/2022;US;132013.0;;89091397.0;55165.0;262087491.0;-5.0;1.0;44.0;-20.0;-29.0;5.0
05/08/2022;US;153049.0;;89244446.0;58006.0;262145497.0;-8.0;-2.0;40.0;-20.0;-30.0;5.0
06/08/2022;US;33459.0;;89277905.0;28558.0;262174055.0;-9.0;0.0;57.0;-10.0;-10.0;0.0
07/08/2022;US;26739.0;;89304644.0;14756.0;262188811.0;-6.0;0.0;40.0;-9.0;-9.0;0.0
08/08/2022;US;103436.0;;89408080.0;49328.0;262238139.0;-8.0;0.0;30.0;-21.0;-30.0;6.0
09/08/2022;US;133815.0;;89541895.0;50681.0;262288820.0;-7.0;0.0;36.0;-21.0;-29.0;5.0
10/08/2022;US;137249.0;;89679144.0;48578.0;262337398.0;-6.0;0.0;39.0;-20.0;-28.0;5.0
11/08/2022;US;125313.0;;89804457.0;50364.0;262387762.0;-6.0;1.0;46.0;-20.0;-28.0;5.0
12/08/2022;US;139100.0;;89943557.0;53938.0;262441700.0;-9.0;-3.0;45.0;-19.0;-29.0;4.0
13/08/2022;US;30823.0;;89974380.0;26060.0;262467760.0;-9.0;0.0;64.0;-10.0;-9.0;0.0
14/08/2022;US;21349.0;;89995729.0;13693.0;262481453.0;-5.0;0.0;47.0;-8.0;-8.0;1.0
15/08/2022;US;96180.0;;90091909.0;45217.0;262526670.0;-7.0;0.0;33.0;-21.0;-29.0;7.0
16/08/2022;US;124289.0;;90216198.0;46897.0;262573567.0;-6.0;1.0;39.0;-20.0;-28.0;7.0
17/08/2022;US;119235.0;;90335433.0;46588.0;262620155.0;-5.0;0.0;39.0;-20.0;-27.0;7.0
18/08/2022;US;113589.0;;90449022.0;45869.0;262666024.0;-6.0;0.0;47.0;-19.0;-27.0;7.0
19/08/2022;US;128421.0;;90583545.0;49762.0;262715786.0;-8.0;-3.0;42.0;-19.0;-28.0;7.0
20/08/2022;US;27009.0;;90610554.0;21658.0;262737444.0;-8.0;-1.0;58.0;-11.0;-9.0;2.0
21/08/2022;US;21653.0;;90632207.0;11415.0;262748859.0;-6.0;-1.0;39.0;-9.0;-8.0;2.0
22/08/2022;US;85282.0;;90717489.0;40130.0;262788989.0;-9.0;-2.0;25.0;-22.0;-28.0;8.0
23/08/2022;US;113367.0;;90830856.0;41947.0;262830936.0;-8.0;0.0;37.0;-20.0;-27.0;7.0
24/08/2022;US;129358.0;;90960214.0;41851.0;262872787.0;-7.0;-1.0;38.0;-20.0;-26.0;7.0
25/08/2022;US;110591.0;;91070805.0;41984.0;262914771.0;-7.0;-1.0;41.0;-20.0;-26.0;7.0
26/08/2022;US;114419.0;;91185224.0;43647.0;262958418.0;-9.0;-4.0;35.0;-20.0;-26.0;6.0
27/08/2022;US;28010.0;;91213234.0;20119.0;262978537.0;-9.0;-1.0;61.0;-13.0;-8.0;2.0
28/08/2022;US;20521.0;;91233755.0;10289.0;262988826.0;-6.0;-1.0;40.0;-11.0;-8.0;1.0
29/08/2022;US;85037.0;;91318792.0;34095.0;263022921.0;-11.0;-2.0;24.0;-22.0;-27.0;6.0
30/08/2022;US;113715.0;;91432507.0;36521.0;263059442.0;-9.0;-1.0;28.0;-21.0;-25.0;5.0
31/08/2022;US;119296.0;;91551803.0;33751.0;263093193.0;-6.0;0.0;31.0;-19.0;-25.0;4.0
01/09/2022;US;103514.0;;91655317.0;27990.0;263121183.0;-4.0;4.0;37.0;-17.0;-26.0;3.0
02/09/2022;US;107155.0;;91762472.0;28199.0;263149382.0;-6.0;2.0;40.0;-16.0;-28.0;3.0
03/09/2022;US;23473.0;;91785945.0;11809.0;263161191.0;-7.0;2.0;59.0;-11.0;-14.0;0.0
04/09/2022;US;18516.0;;91804461.0;7787.0;263168978.0;-4.0;0.0;59.0;-14.0;-13.0;-1.0
05/09/2022;US;25041.0;;91829502.0;3078.0;263172056.0;-11.0;-4.0;44.0;-33.0;-72.0;16.0
06/09/2022;US;117514.0;;91947016.0;31309.0;263203365.0;-10.0;1.0;17.0;-20.0;-26.0;4.0
07/09/2022;US;88923.0;;92035939.0;46338.0;263249703.0;-9.0;0.0;25.0;-20.0;-23.0;4.0
08/09/2022;US;87686.0;;92123625.0;45239.0;263294942.0;-9.0;0.0;34.0;-19.0;-23.0;3.0
09/09/2022;US;81861.0;;92205486.0;51224.0;263346166.0;-10.0;-4.0;29.0;-19.0;-22.0;3.0
10/09/2022;US;19715.0;;92225201.0;26248.0;263372414.0;-9.0;-2.0;51.0;-13.0;-8.0;1.0
11/09/2022;US;16742.0;;92241943.0;15585.0;263387999.0;-10.0;-3.0;16.0;-14.0;-8.0;1.0
12/09/2022;US;60728.0;;92302671.0;23997.0;263411996.0;-11.0;-2.0;19.0;-20.0;-23.0;4.0
13/09/2022;US;54413.0;;92357092.0;3637.0;263415633.0;;;;;;
14/09/2022;US;83403.0;;92440495.0;0.0;263103582.0;;;;;;
